Date,Open,High,Low,Close,Volume,Dividends,Stock Splits,volume,averageDailyVolume10Day,fiftyTwoWeekHigh,fiftyTwoWeekLow,fiftyDayAverage,twoHundredDayAverage,exchange,Symbol
2024-01-02 00:00:00-05:00,4594.31982421875,4623.5,4584.8701171875,4598.2099609375,0,0.0,0.0,0,0,6286.27,0.0,5952.5195,5252.932,NYS,^XAX
2024-01-03 00:00:00-05:00,4598.2099609375,4666.10986328125,4561.60009765625,4643.47021484375,0,0.0,0.0,0,0,6286.27,0.0,5952.5195,5252.932,NYS,^XAX
2024-01-04 00:00:00-05:00,4643.47021484375,4701.3798828125,4614.7998046875,4618.0,0,0.0,0.0,0,0,6286.27,0.0,5952.5195,5252.932,NYS,^XAX
2024-01-05 00:00:00-05:00,4618.0,4640.0400390625,4589.580078125,4600.52978515625,0,0.0,0.0,0,0,6286.27,0.0,5952.5195,5252.932,NYS,^XAX
2024-01-08 00:00:00-05:00,4600.52978515625,4600.52978515625,4524.919921875,4561.08984375,0,0.0,0.0,0,0,6286.27,0.0,5952.5195,5252.932,NYS,^XAX
2024-01-09 00:00:00-05:00,4561.08984375,4580.509765625,4507.77978515625,4580.080078125,0,0.0,0.0,0,0,6286.27,0.0,5952.5195,5252.932,NYS,^XAX
2024-01-10 00:00:00-05:00,4580.080078125,4606.669921875,4543.89013671875,4570.240234375,0,0.0,0.0,0,0,6286.27,0.0,5952.5195,5252.932,NYS,^XAX
2024-01-11 00:00:00-05:00,4570.240234375,4605.06982421875,4540.4599609375,4547.3798828125,0,0.0,0.0,0,0,6286.27,0.0,5952.5195,5252.932,NYS,^XAX
2024-01-12 00:00:00-05:00,4547.3798828125,4621.830078125,4547.3798828125,4560.509765625,0,0.0,0.0,0,0,6286.27,0.0,5952.5195,5252.932,NYS,^XAX
2024-01-16 00:00:00-05:00,4560.509765625,4567.830078125,4514.91015625,4521.35986328125,0,0.0,0.0,0,0,6286.27,0.0,5952.5195,5252.932,NYS,^XAX
2024-01-17 00:00:00-05:00,4521.35986328125,4521.35986328125,4406.259765625,4435.68017578125,0,0.0,0.0,0,0,6286.27,0.0,5952.5195,5252.932,NYS,^XAX
2024-01-18 00:00:00-05:00,4435.68017578125,4454.8701171875,4426.9599609375,4441.31982421875,0,0.0,0.0,0,0,6286.27,0.0,5952.5195,5252.932,NYS,^XAX
2024-01-19 00:00:00-05:00,4441.31982421875,4460.02001953125,4410.66015625,4427.56005859375,0,0.0,0.0,0,0,6286.27,0.0,5952.5195,5252.932,NYS,^XAX
2024-01-22 00:00:00-05:00,4427.56005859375,4458.06005859375,4394.06982421875,4424.89990234375,0,0.0,0.0,0,0,6286.27,0.0,5952.5195,5252.932,NYS,^XAX
2024-01-23 00:00:00-05:00,4424.89990234375,4474.759765625,4420.02978515625,4420.97021484375,0,0.0,0.0,0,0,6286.27,0.0,5952.5195,5252.932,NYS,^XAX
2024-01-24 00:00:00-05:00,4420.97021484375,4471.27978515625,4420.97021484375,4456.68017578125,0,0.0,0.0,0,0,6286.27,0.0,5952.5195,5252.932,NYS,^XAX
2024-01-25 00:00:00-05:00,4456.68017578125,4506.1298828125,4446.93994140625,4482.91015625,0,0.0,0.0,0,0,6286.27,0.0,5952.5195,5252.932,NYS,^XAX
2024-01-26 00:00:00-05:00,4482.91015625,4537.81005859375,4476.7001953125,4532.330078125,0,0.0,0.0,0,0,6286.27,0.0,5952.5195,5252.932,NYS,^XAX
2024-01-29 00:00:00-05:00,4532.330078125,4532.330078125,4478.35986328125,4522.080078125,0,0.0,0.0,0,0,6286.27,0.0,5952.5195,5252.932,NYS,^XAX
2024-01-30 00:00:00-05:00,4522.080078125,4578.5498046875,4504.35009765625,4573.0,0,0.0,0.0,0,0,6286.27,0.0,5952.5195,5252.932,NYS,^XAX
2024-01-31 00:00:00-05:00,4573.0,4573.0,4495.4599609375,4499.31982421875,0,0.0,0.0,0,0,6286.27,0.0,5952.5195,5252.932,NYS,^XAX
2024-02-01 00:00:00-05:00,4499.31982421875,4558.27978515625,4478.68994140625,4486.240234375,0,0.0,0.0,0,0,6286.27,0.0,5952.5195,5252.932,NYS,^XAX
2024-02-02 00:00:00-05:00,4486.240234375,4517.4501953125,4437.419921875,4443.89013671875,0,0.0,0.0,0,0,6286.27,0.0,5952.5195,5252.932,NYS,^XAX
2024-02-05 00:00:00-05:00,4443.89013671875,4443.89013671875,4389.31005859375,4410.81982421875,0,0.0,0.0,0,0,6286.27,0.0,5952.5195,5252.932,NYS,^XAX
2024-02-06 00:00:00-05:00,4410.81982421875,4469.81982421875,4407.4599609375,4450.58984375,0,0.0,0.0,0,0,6286.27,0.0,5952.5195,5252.932,NYS,^XAX
2024-02-07 00:00:00-05:00,4450.58984375,4459.7998046875,4413.4599609375,4436.5400390625,0,0.0,0.0,0,0,6286.27,0.0,5952.5195,5252.932,NYS,^XAX
2024-02-08 00:00:00-05:00,4436.5400390625,4488.10986328125,4419.02001953125,4472.14013671875,0,0.0,0.0,0,0,6286.27,0.0,5952.5195,5252.932,NYS,^XAX
2024-02-09 00:00:00-05:00,4472.14013671875,4484.64013671875,4439.5,4451.10009765625,0,0.0,0.0,0,0,6286.27,0.0,5952.5195,5252.932,NYS,^XAX
2024-02-12 00:00:00-05:00,4451.10009765625,4518.66015625,4451.10009765625,4508.06005859375,0,0.0,0.0,0,0,6286.27,0.0,5952.5195,5252.932,NYS,^XAX
2024-02-13 00:00:00-05:00,4508.06005859375,4508.06005859375,4415.10009765625,4430.27001953125,0,0.0,0.0,0,0,6286.27,0.0,5952.5195,5252.932,NYS,^XAX
2024-02-14 00:00:00-05:00,4430.27001953125,4462.2900390625,4405.18994140625,4426.4599609375,0,0.0,0.0,0,0,6286.27,0.0,5952.5195,5252.932,NYS,^XAX
2024-02-15 00:00:00-05:00,4426.4599609375,4525.56005859375,4426.4599609375,4520.85009765625,0,0.0,0.0,0,0,6286.27,0.0,5952.5195,5252.932,NYS,^XAX
2024-02-16 00:00:00-05:00,4520.85009765625,4553.33984375,4508.64990234375,4514.6298828125,0,0.0,0.0,0,0,6286.27,0.0,5952.5195,5252.932,NYS,^XAX
2024-02-20 00:00:00-05:00,4514.6298828125,4521.72998046875,4472.64990234375,4490.60009765625,0,0.0,0.0,0,0,6286.27,0.0,5952.5195,5252.932,NYS,^XAX
2024-02-21 00:00:00-05:00,4490.60009765625,4584.66015625,4486.2998046875,4578.64013671875,0,0.0,0.0,0,0,6286.27,0.0,5952.5195,5252.932,NYS,^XAX
2024-02-22 00:00:00-05:00,4578.64013671875,4578.64013671875,4514.7001953125,4518.81005859375,0,0.0,0.0,0,0,6286.27,0.0,5952.5195,5252.932,NYS,^XAX
2024-02-23 00:00:00-05:00,4518.81005859375,4550.47998046875,4509.3701171875,4523.41015625,0,0.0,0.0,0,0,6286.27,0.0,5952.5195,5252.932,NYS,^XAX
2024-02-26 00:00:00-05:00,4523.41015625,4553.6298828125,4498.7998046875,4519.22021484375,0,0.0,0.0,0,0,6286.27,0.0,5952.5195,5252.932,NYS,^XAX
2024-02-27 00:00:00-05:00,4519.22021484375,4561.77001953125,4511.0498046875,4511.22021484375,0,0.0,0.0,0,0,6286.27,0.0,5952.5195,5252.932,NYS,^XAX
2024-02-28 00:00:00-05:00,4511.22021484375,4522.0498046875,4467.18017578125,4470.7998046875,0,0.0,0.0,0,0,6286.27,0.0,5952.5195,5252.932,NYS,^XAX
2024-02-29 00:00:00-05:00,4470.7998046875,4533.18017578125,4457.3701171875,4503.93994140625,0,0.0,0.0,0,0,6286.27,0.0,5952.5195,5252.932,NYS,^XAX
2024-03-01 00:00:00-05:00,4503.93994140625,4594.35009765625,4503.93994140625,4569.35986328125,0,0.0,0.0,0,0,6286.27,0.0,5952.5195,5252.932,NYS,^XAX
2024-03-04 00:00:00-05:00,4569.35986328125,4589.22998046875,4499.68994140625,4501.72998046875,0,0.0,0.0,0,0,6286.27,0.0,5952.5195,5252.932,NYS,^XAX
2024-03-05 00:00:00-05:00,4501.72998046875,4566.47021484375,4497.58984375,4535.52978515625,0,0.0,0.0,0,0,6286.27,0.0,5952.5195,5252.932,NYS,^XAX
2024-03-06 00:00:00-05:00,4535.52978515625,4610.77978515625,4535.52978515625,4570.39013671875,0,0.0,0.0,0,0,6286.27,0.0,5952.5195,5252.932,NYS,^XAX
2024-03-07 00:00:00-05:00,4570.39013671875,4628.52001953125,4567.27978515625,4620.580078125,0,0.0,0.0,0,0,6286.27,0.0,5952.5195,5252.932,NYS,^XAX
2024-03-08 00:00:00-05:00,4620.580078125,4635.89013671875,4592.009765625,4607.31982421875,0,0.0,0.0,0,0,6286.27,0.0,5952.5195,5252.932,NYS,^XAX
2024-03-11 00:00:00-04:00,4607.31982421875,4679.41015625,4574.5,4675.14013671875,0,0.0,0.0,0,0,6286.27,0.0,5952.5195,5252.932,NYS,^XAX
2024-03-12 00:00:00-04:00,4675.14013671875,4723.5,4670.2998046875,4694.35009765625,0,0.0,0.0,0,0,6286.27,0.0,5952.5195,5252.932,NYS,^XAX
2024-03-13 00:00:00-04:00,4694.35009765625,4768.83984375,4694.35009765625,4746.85009765625,0,0.0,0.0,0,0,6286.27,0.0,5952.5195,5252.932,NYS,^XAX
2024-03-14 00:00:00-04:00,4746.85009765625,4779.25,4735.52001953125,4759.2900390625,0,0.0,0.0,0,0,6286.27,0.0,5952.5195,5252.932,NYS,^XAX
2024-03-15 00:00:00-04:00,4759.2900390625,4803.169921875,4746.43017578125,4752.5498046875,0,0.0,0.0,0,0,6286.27,0.0,5952.5195,5252.932,NYS,^XAX
2024-03-18 00:00:00-04:00,4752.5498046875,4779.81005859375,4741.75,4762.7900390625,0,0.0,0.0,0,0,6286.27,0.0,5952.5195,5252.932,NYS,^XAX
2024-03-19 00:00:00-04:00,4762.7900390625,4779.60009765625,4734.8701171875,4743.10009765625,0,0.0,0.0,0,0,6286.27,0.0,5952.5195,5252.932,NYS,^XAX
2024-03-20 00:00:00-04:00,4743.10009765625,4779.77001953125,4715.64990234375,4772.0,0,0.0,0.0,0,0,6286.27,0.0,5952.5195,5252.932,NYS,^XAX
2024-03-21 00:00:00-04:00,4772.0,4794.56005859375,4765.18994140625,4783.85986328125,0,0.0,0.0,0,0,6286.27,0.0,5952.5195,5252.932,NYS,^XAX
2024-03-22 00:00:00-04:00,4783.85986328125,4790.43994140625,4761.22021484375,4779.93017578125,0,0.0,0.0,0,0,6286.27,0.0,5952.5195,5252.932,NYS,^XAX
2024-03-25 00:00:00-04:00,4779.93017578125,4858.8701171875,4779.93017578125,4832.85986328125,0,0.0,0.0,0,0,6286.27,0.0,5952.5195,5252.932,NYS,^XAX
2024-03-26 00:00:00-04:00,4832.85986328125,4865.60986328125,4797.91015625,4810.56982421875,0,0.0,0.0,0,0,6286.27,0.0,5952.5195,5252.932,NYS,^XAX
2024-03-27 00:00:00-04:00,4810.56982421875,4834.14013671875,4783.97998046875,4830.240234375,0,0.0,0.0,0,0,6286.27,0.0,5952.5195,5252.932,NYS,^XAX
2024-03-28 00:00:00-04:00,4830.240234375,4873.06005859375,4830.240234375,4873.06005859375,0,0.0,0.0,0,0,6286.27,0.0,5952.5195,5252.932,NYS,^XAX
2024-04-01 00:00:00-04:00,4873.06005859375,4907.830078125,4841.8701171875,4899.25,0,0.0,0.0,0,0,6286.27,0.0,5952.5195,5252.932,NYS,^XAX
2024-04-02 00:00:00-04:00,4899.25,4958.93017578125,4869.7998046875,4953.2099609375,0,0.0,0.0,0,0,6286.27,0.0,5952.5195,5252.932,NYS,^XAX
2024-04-03 00:00:00-04:00,4953.2099609375,5032.740234375,4946.60986328125,5030.8798828125,0,0.0,0.0,0,0,6286.27,0.0,5952.5195,5252.932,NYS,^XAX
2024-04-04 00:00:00-04:00,5030.8798828125,5046.75,4986.52001953125,4997.68994140625,0,0.0,0.0,0,0,6286.27,0.0,5952.5195,5252.932,NYS,^XAX
2024-04-05 00:00:00-04:00,4997.68994140625,5065.91015625,4988.64013671875,5051.18994140625,0,0.0,0.0,0,0,6286.27,0.0,5952.5195,5252.932,NYS,^XAX
2024-04-08 00:00:00-04:00,5051.18994140625,5079.97998046875,5015.02978515625,5067.60009765625,0,0.0,0.0,0,0,6286.27,0.0,5952.5195,5252.932,NYS,^XAX
2024-04-09 00:00:00-04:00,5067.60009765625,5082.18017578125,5018.9599609375,5039.759765625,0,0.0,0.0,0,0,6286.27,0.0,5952.5195,5252.932,NYS,^XAX
2024-04-10 00:00:00-04:00,5039.759765625,5090.4501953125,4995.5400390625,5076.22021484375,0,0.0,0.0,0,0,6286.27,0.0,5952.5195,5252.932,NYS,^XAX
2024-04-11 00:00:00-04:00,5076.22021484375,5094.93994140625,4933.93017578125,4961.06982421875,0,0.0,0.0,0,0,6286.27,0.0,5952.5195,5252.932,NYS,^XAX
2024-04-12 00:00:00-04:00,4961.06982421875,5017.0498046875,4882.2998046875,4890.31005859375,0,0.0,0.0,0,0,6286.27,0.0,5952.5195,5252.932,NYS,^XAX
2024-04-15 00:00:00-04:00,4890.31005859375,4890.31005859375,4799.72998046875,4810.990234375,0,0.0,0.0,0,0,6286.27,0.0,5952.5195,5252.932,NYS,^XAX
2024-04-16 00:00:00-04:00,4810.990234375,4852.2998046875,4754.08984375,4847.27978515625,0,0.0,0.0,0,0,6286.27,0.0,5952.5195,5252.932,NYS,^XAX
2024-04-17 00:00:00-04:00,4847.27978515625,4899.18017578125,4806.39013671875,4829.240234375,0,0.0,0.0,0,0,6286.27,0.0,5952.5195,5252.932,NYS,^XAX
2024-04-18 00:00:00-04:00,4829.240234375,4861.06982421875,4758.68994140625,4778.2001953125,0,0.0,0.0,0,0,6286.27,0.0,5952.5195,5252.932,NYS,^XAX
2024-04-19 00:00:00-04:00,4778.2001953125,4865.72998046875,4778.2001953125,4834.85986328125,0,0.0,0.0,0,0,6286.27,0.0,5952.5195,5252.932,NYS,^XAX
2024-04-22 00:00:00-04:00,4834.85986328125,4900.75,4799.7099609375,4870.1201171875,0,0.0,0.0,0,0,6286.27,0.0,5952.5195,5252.932,NYS,^XAX
2024-04-23 00:00:00-04:00,4870.1201171875,4904.81005859375,4852.02001953125,4894.93994140625,0,0.0,0.0,0,0,6286.27,0.0,5952.5195,5252.932,NYS,^XAX
2024-04-24 00:00:00-04:00,4894.93994140625,4918.47021484375,4865.740234375,4896.22998046875,0,0.0,0.0,0,0,6286.27,0.0,5952.5195,5252.932,NYS,^XAX
2024-04-25 00:00:00-04:00,4896.22998046875,4933.81005859375,4837.4599609375,4922.25,0,0.0,0.0,0,0,6286.27,0.0,5952.5195,5252.932,NYS,^XAX
2024-04-26 00:00:00-04:00,4922.25,4937.580078125,4836.5,4907.72021484375,0,0.0,0.0,0,0,6286.27,0.0,5952.5195,5252.932,NYS,^XAX
2024-04-29 00:00:00-04:00,4907.72021484375,4946.6201171875,4882.6201171875,4938.97021484375,0,0.0,0.0,0,0,6286.27,0.0,5952.5195,5252.932,NYS,^XAX
2024-04-30 00:00:00-04:00,4938.97021484375,4938.97021484375,4804.27001953125,4815.169921875,0,0.0,0.0,0,0,6286.27,0.0,5952.5195,5252.932,NYS,^XAX
2024-05-01 00:00:00-04:00,4815.169921875,4839.93994140625,4725.0400390625,4751.89990234375,0,0.0,0.0,0,0,6286.27,0.0,5952.5195,5252.932,NYS,^XAX
2024-05-02 00:00:00-04:00,4751.89990234375,4810.33984375,4751.89990234375,4792.740234375,0,0.0,0.0,0,0,6286.27,0.0,5952.5195,5252.932,NYS,^XAX
2024-05-03 00:00:00-04:00,4792.740234375,4822.6298828125,4761.7998046875,4793.27978515625,0,0.0,0.0,0,0,6286.27,0.0,5952.5195,5252.932,NYS,^XAX
2024-05-06 00:00:00-04:00,4793.27978515625,4895.97021484375,4793.27978515625,4856.56982421875,0,0.0,0.0,0,0,6286.27,0.0,5952.5195,5252.932,NYS,^XAX
2024-05-07 00:00:00-04:00,4856.56982421875,4875.16015625,4846.72998046875,4853.5,0,0.0,0.0,0,0,6286.27,0.0,5952.5195,5252.932,NYS,^XAX
2024-05-08 00:00:00-04:00,4853.5,4895.2998046875,4824.240234375,4883.47998046875,0,0.0,0.0,0,0,6286.27,0.0,5952.5195,5252.932,NYS,^XAX
2024-05-09 00:00:00-04:00,4883.47998046875,4947.22998046875,4883.47998046875,4916.240234375,0,0.0,0.0,0,0,6286.27,0.0,5952.5195,5252.932,NYS,^XAX
2024-05-10 00:00:00-04:00,4916.240234375,4952.81982421875,4877.169921875,4890.35009765625,0,0.0,0.0,0,0,6286.27,0.0,5952.5195,5252.932,NYS,^XAX
2024-05-13 00:00:00-04:00,4890.35009765625,4917.43017578125,4861.9599609375,4879.31982421875,0,0.0,0.0,0,0,6286.27,0.0,5952.5195,5252.932,NYS,^XAX
2024-05-14 00:00:00-04:00,4879.31982421875,4892.2099609375,4855.5498046875,4868.169921875,0,0.0,0.0,0,0,6286.27,0.0,5952.5195,5252.932,NYS,^XAX
2024-05-15 00:00:00-04:00,4868.169921875,4898.93017578125,4801.5400390625,4897.580078125,0,0.0,0.0,0,0,6286.27,0.0,5952.5195,5252.932,NYS,^XAX
2024-05-16 00:00:00-04:00,4897.580078125,4936.52978515625,4884.759765625,4908.4501953125,0,0.0,0.0,0,0,6286.27,0.0,5952.5195,5252.932,NYS,^XAX
2024-05-17 00:00:00-04:00,4908.4501953125,4971.18017578125,4901.64990234375,4971.18017578125,0,0.0,0.0,0,0,6286.27,0.0,5952.5195,5252.932,NYS,^XAX
2024-05-20 00:00:00-04:00,4971.18017578125,5006.83984375,4955.08984375,4973.72998046875,0,0.0,0.0,0,0,6286.27,0.0,5952.5195,5252.932,NYS,^XAX
2024-05-21 00:00:00-04:00,4973.72998046875,4978.7001953125,4922.31982421875,4954.85009765625,0,0.0,0.0,0,0,6286.27,0.0,5952.5195,5252.932,NYS,^XAX
2024-05-22 00:00:00-04:00,4954.85009765625,4954.85009765625,4845.419921875,4866.06982421875,0,0.0,0.0,0,0,6286.27,0.0,5952.5195,5252.932,NYS,^XAX
2024-05-23 00:00:00-04:00,4866.06982421875,4907.9501953125,4817.259765625,4833.31005859375,0,0.0,0.0,0,0,6286.27,0.0,5952.5195,5252.932,NYS,^XAX
2024-05-24 00:00:00-04:00,4833.31005859375,4918.83984375,4833.31005859375,4898.14013671875,0,0.0,0.0,0,0,6286.27,0.0,5952.5195,5252.932,NYS,^XAX
2024-05-28 00:00:00-04:00,4898.14013671875,4994.27001953125,4898.14013671875,4978.81005859375,0,0.0,0.0,0,0,6286.27,0.0,5952.5195,5252.932,NYS,^XAX
2024-05-29 00:00:00-04:00,4978.81005859375,4978.81005859375,4872.81982421875,4898.259765625,0,0.0,0.0,0,0,6286.27,0.0,5952.5195,5252.932,NYS,^XAX
2024-05-30 00:00:00-04:00,4898.259765625,4960.22021484375,4898.259765625,4948.91015625,0,0.0,0.0,0,0,6286.27,0.0,5952.5195,5252.932,NYS,^XAX
2024-05-31 00:00:00-04:00,4948.91015625,5009.5400390625,4913.08984375,4975.52978515625,0,0.0,0.0,0,0,6286.27,0.0,5952.5195,5252.932,NYS,^XAX
2024-06-03 00:00:00-04:00,4975.52978515625,4983.85986328125,4768.58984375,4794.7900390625,0,0.0,0.0,0,0,6286.27,0.0,5952.5195,5252.932,NYS,^XAX
2024-06-04 00:00:00-04:00,4794.7900390625,4794.7900390625,4656.60986328125,4703.4501953125,0,0.0,0.0,0,0,6286.27,0.0,5952.5195,5252.932,NYS,^XAX
2024-06-05 00:00:00-04:00,4703.4501953125,4732.5498046875,4683.66015625,4692.5400390625,0,0.0,0.0,0,0,6286.27,0.0,5952.5195,5252.932,NYS,^XAX
2024-06-06 00:00:00-04:00,4692.5400390625,4736.58984375,4689.72998046875,4733.9599609375,0,0.0,0.0,0,0,6286.27,0.0,5952.5195,5252.932,NYS,^XAX
2024-06-07 00:00:00-04:00,4733.9599609375,4733.9599609375,4636.22021484375,4641.68994140625,0,0.0,0.0,0,0,6286.27,0.0,5952.5195,5252.932,NYS,^XAX
2024-06-10 00:00:00-04:00,4641.68994140625,4707.5,4640.2001953125,4700.1298828125,0,0.0,0.0,0,0,6286.27,0.0,5952.5195,5252.932,NYS,^XAX
2024-06-11 00:00:00-04:00,4700.1298828125,4700.1298828125,4632.89013671875,4682.14013671875,0,0.0,0.0,0,0,6286.27,0.0,5952.5195,5252.932,NYS,^XAX
2024-06-12 00:00:00-04:00,4682.14013671875,4751.009765625,4680.759765625,4693.68994140625,0,0.0,0.0,0,0,6286.27,0.0,5952.5195,5252.932,NYS,^XAX
2024-06-13 00:00:00-04:00,4693.68994140625,4693.68994140625,4584.66015625,4612.89990234375,0,0.0,0.0,0,0,6286.27,0.0,5952.5195,5252.932,NYS,^XAX
2024-06-14 00:00:00-04:00,4612.89990234375,4612.89990234375,4557.60986328125,4602.4599609375,0,0.0,0.0,0,0,6286.27,0.0,5952.5195,5252.932,NYS,^XAX
2024-06-17 00:00:00-04:00,4602.4599609375,4609.7001953125,4554.47998046875,4608.64013671875,0,0.0,0.0,0,0,6286.27,0.0,5952.5195,5252.932,NYS,^XAX
2024-06-18 00:00:00-04:00,4608.64013671875,4700.3798828125,4607.7900390625,4667.83984375,0,0.0,0.0,0,0,6286.27,0.0,5952.5195,5252.932,NYS,^XAX
2024-06-20 00:00:00-04:00,4667.83984375,4773.56982421875,4667.83984375,4737.33984375,0,0.0,0.0,0,0,6286.27,0.0,5952.5195,5252.932,NYS,^XAX
2024-06-21 00:00:00-04:00,4737.33984375,4737.33984375,4670.0,4689.2099609375,0,0.0,0.0,0,0,6286.27,0.0,5952.5195,5252.932,NYS,^XAX
2024-06-24 00:00:00-04:00,4689.2099609375,4818.8798828125,4689.2099609375,4805.6298828125,0,0.0,0.0,0,0,6286.27,0.0,5952.5195,5252.932,NYS,^XAX
2024-06-25 00:00:00-04:00,4805.6298828125,4815.18994140625,4775.6201171875,4784.2900390625,0,0.0,0.0,0,0,6286.27,0.0,5952.5195,5252.932,NYS,^XAX
2024-06-26 00:00:00-04:00,4784.2900390625,4794.7099609375,4754.85009765625,4761.83984375,0,0.0,0.0,0,0,6286.27,0.0,5952.5195,5252.932,NYS,^XAX
2024-06-27 00:00:00-04:00,4761.83984375,4852.60986328125,4761.83984375,4852.5,0,0.0,0.0,0,0,6286.27,0.0,5952.5195,5252.932,NYS,^XAX
2024-06-28 00:00:00-04:00,4852.5,4903.6298828125,4809.0,4829.66015625,0,0.0,0.0,0,0,6286.27,0.0,5952.5195,5252.932,NYS,^XAX
2024-07-01 00:00:00-04:00,4829.66015625,4875.14990234375,4757.990234375,4758.56982421875,0,0.0,0.0,0,0,6286.27,0.0,5952.5195,5252.932,NYS,^XAX
2024-07-02 00:00:00-04:00,4758.56982421875,4840.7001953125,4758.56982421875,4815.77001953125,0,0.0,0.0,0,0,6286.27,0.0,5952.5195,5252.932,NYS,^XAX
2024-07-03 00:00:00-04:00,4815.77001953125,4919.009765625,4815.77001953125,4890.3798828125,0,0.0,0.0,0,0,6286.27,0.0,5952.5195,5252.932,NYS,^XAX
2024-07-05 00:00:00-04:00,4890.3798828125,4937.1298828125,4859.43017578125,4870.97998046875,0,0.0,0.0,0,0,6286.27,0.0,5952.5195,5252.932,NYS,^XAX
2024-07-08 00:00:00-04:00,4870.97998046875,4870.97998046875,4821.2998046875,4852.52001953125,0,0.0,0.0,0,0,6286.27,0.0,5952.5195,5252.932,NYS,^XAX
2024-07-09 00:00:00-04:00,4852.52001953125,4853.4501953125,4805.4599609375,4827.52978515625,0,0.0,0.0,0,0,6286.27,0.0,5952.5195,5252.932,NYS,^XAX
2024-07-10 00:00:00-04:00,4827.52978515625,4927.77978515625,4827.52978515625,4920.06982421875,0,0.0,0.0,0,0,6286.27,0.0,5952.5195,5252.932,NYS,^XAX
2024-07-11 00:00:00-04:00,4920.06982421875,5006.580078125,4914.22998046875,5006.27001953125,0,0.0,0.0,0,0,6286.27,0.0,5952.5195,5252.932,NYS,^XAX
2024-07-12 00:00:00-04:00,5006.27001953125,5058.509765625,5000.81982421875,5042.7998046875,0,0.0,0.0,0,0,6286.27,0.0,5952.5195,5252.932,NYS,^XAX
2024-07-15 00:00:00-04:00,5042.7998046875,5132.64013671875,5028.6201171875,5095.240234375,0,0.0,0.0,0,0,6286.27,0.0,5952.5195,5252.932,NYS,^XAX
2024-07-16 00:00:00-04:00,5095.240234375,5107.580078125,5060.39013671875,5103.8798828125,0,0.0,0.0,0,0,6286.27,0.0,5952.5195,5252.932,NYS,^XAX
2024-07-17 00:00:00-04:00,5103.8798828125,5155.93994140625,5057.4599609375,5088.77001953125,0,0.0,0.0,0,0,6286.27,0.0,5952.5195,5252.932,NYS,^XAX
2024-07-18 00:00:00-04:00,5088.77001953125,5106.91015625,4986.4501953125,5009.56005859375,0,0.0,0.0,0,0,6286.27,0.0,5952.5195,5252.932,NYS,^XAX
2024-07-19 00:00:00-04:00,5009.56005859375,5023.25,4958.509765625,4984.990234375,0,0.0,0.0,0,0,6286.27,0.0,5952.5195,5252.932,NYS,^XAX
2024-07-22 00:00:00-04:00,4984.990234375,5047.27001953125,4962.759765625,5043.14013671875,0,0.0,0.0,0,0,6286.27,0.0,5952.5195,5252.932,NYS,^XAX
2024-07-23 00:00:00-04:00,5043.14013671875,5050.7099609375,5003.259765625,5024.47998046875,0,0.0,0.0,0,0,6286.27,0.0,5952.5195,5252.932,NYS,^XAX
2024-07-24 00:00:00-04:00,5024.47998046875,5085.4501953125,5024.47998046875,5054.77001953125,0,0.0,0.0,0,0,6286.27,0.0,5952.5195,5252.932,NYS,^XAX
2024-07-25 00:00:00-04:00,5054.77001953125,5101.22021484375,4996.6201171875,5070.85986328125,0,0.0,0.0,0,0,6286.27,0.0,5952.5195,5252.932,NYS,^XAX
2024-07-26 00:00:00-04:00,5070.85986328125,5101.93994140625,5031.89013671875,5087.56982421875,0,0.0,0.0,0,0,6286.27,0.0,5952.5195,5252.932,NYS,^XAX
2024-07-29 00:00:00-04:00,5087.56982421875,5103.22021484375,4942.330078125,4976.3798828125,0,0.0,0.0,0,0,6286.27,0.0,5952.5195,5252.932,NYS,^XAX
2024-07-30 00:00:00-04:00,4976.3798828125,5013.27001953125,4967.56005859375,4998.68994140625,0,0.0,0.0,0,0,6286.27,0.0,5952.5195,5252.932,NYS,^XAX
2024-07-31 00:00:00-04:00,4998.68994140625,5148.89013671875,4998.68994140625,5117.490234375,0,0.0,0.0,0,0,6286.27,0.0,5952.5195,5252.932,NYS,^XAX
2024-08-01 00:00:00-04:00,5117.490234375,5128.02001953125,4907.10009765625,4954.259765625,0,0.0,0.0,0,0,6286.27,0.0,5952.5195,5252.932,NYS,^XAX
2024-08-02 00:00:00-04:00,4954.259765625,4954.259765625,4782.43994140625,4851.18994140625,0,0.0,0.0,0,0,6286.27,0.0,5952.5195,5252.932,NYS,^XAX
2024-08-05 00:00:00-04:00,4851.18994140625,4851.18994140625,4618.41015625,4766.25,0,0.0,0.0,0,0,6286.27,0.0,5952.5195,5252.932,NYS,^XAX
2024-08-06 00:00:00-04:00,4766.25,4861.16015625,4735.93994140625,4816.64013671875,0,0.0,0.0,0,0,6286.27,0.0,5952.5195,5252.932,NYS,^XAX
2024-08-07 00:00:00-04:00,4816.64013671875,4908.080078125,4816.64013671875,4837.509765625,0,0.0,0.0,0,0,6286.27,0.0,5952.5195,5252.932,NYS,^XAX
2024-08-08 00:00:00-04:00,4837.509765625,4975.25,4837.509765625,4940.8701171875,0,0.0,0.0,0,0,6286.27,0.0,5952.5195,5252.932,NYS,^XAX
2024-08-09 00:00:00-04:00,4940.8701171875,4965.77001953125,4895.7001953125,4964.31005859375,0,0.0,0.0,0,0,6286.27,0.0,5952.5195,5252.932,NYS,^XAX
2024-08-12 00:00:00-04:00,4964.31005859375,5106.8701171875,4964.31005859375,5083.47021484375,0,0.0,0.0,0,0,6286.27,0.0,5952.5195,5252.932,NYS,^XAX
2024-08-13 00:00:00-04:00,5083.47021484375,5110.9501953125,5055.6298828125,5107.990234375,0,0.0,0.0,0,0,6286.27,0.0,5952.5195,5252.932,NYS,^XAX
2024-08-14 00:00:00-04:00,5107.990234375,5133.14013671875,5094.47021484375,5126.9599609375,0,0.0,0.0,0,0,6286.27,0.0,5952.5195,5252.932,NYS,^XAX
2024-08-15 00:00:00-04:00,5126.9599609375,5223.16015625,5126.9599609375,5193.080078125,0,0.0,0.0,0,0,6286.27,0.0,5952.5195,5252.932,NYS,^XAX
2024-08-16 00:00:00-04:00,5193.080078125,5235.5400390625,5178.740234375,5217.0400390625,0,0.0,0.0,0,0,6286.27,0.0,5952.5195,5252.932,NYS,^XAX
2024-08-19 00:00:00-04:00,5217.0400390625,5245.10009765625,5205.5400390625,5211.3798828125,0,0.0,0.0,0,0,6286.27,0.0,5952.5195,5252.932,NYS,^XAX
2024-08-20 00:00:00-04:00,5211.3798828125,5211.89013671875,5119.47998046875,5138.81005859375,0,0.0,0.0,0,0,6286.27,0.0,5952.5195,5252.932,NYS,^XAX
2024-08-21 00:00:00-04:00,5138.81005859375,5199.27978515625,5129.6201171875,5176.27978515625,0,0.0,0.0,0,0,6286.27,0.0,5952.5195,5252.932,NYS,^XAX
2024-08-22 00:00:00-04:00,5176.27978515625,5193.18994140625,5157.10009765625,5164.31005859375,0,0.0,0.0,0,0,6286.27,0.0,5952.5195,5252.932,NYS,^XAX
2024-08-23 00:00:00-04:00,5164.31005859375,5278.4599609375,5164.31005859375,5262.93017578125,0,0.0,0.0,0,0,6286.27,0.0,5952.5195,5252.932,NYS,^XAX
2024-08-26 00:00:00-04:00,5262.93017578125,5336.10986328125,5262.93017578125,5292.60009765625,0,0.0,0.0,0,0,6286.27,0.0,5952.5195,5252.932,NYS,^XAX
2024-08-27 00:00:00-04:00,5292.60009765625,5292.60009765625,5212.56982421875,5212.64990234375,0,0.0,0.0,0,0,6286.27,0.0,5952.5195,5252.932,NYS,^XAX
2024-08-28 00:00:00-04:00,5212.64990234375,5212.64990234375,5158.3798828125,5185.330078125,0,0.0,0.0,0,0,6286.27,0.0,5952.5195,5252.932,NYS,^XAX
2024-08-29 00:00:00-04:00,5185.330078125,5263.31005859375,5185.330078125,5237.4501953125,0,0.0,0.0,0,0,6286.27,0.0,5952.5195,5252.932,NYS,^XAX
2024-08-30 00:00:00-04:00,5237.4501953125,5237.4501953125,5169.669921875,5198.52978515625,0,0.0,0.0,0,0,6286.27,0.0,5952.5195,5252.932,NYS,^XAX
2024-09-03 00:00:00-04:00,5198.52978515625,5198.52978515625,5029.85986328125,5050.919921875,0,0.0,0.0,0,0,6286.27,0.0,5952.5195,5252.932,NYS,^XAX
2024-09-04 00:00:00-04:00,5050.919921875,5057.39013671875,4977.6298828125,4977.81982421875,0,0.0,0.0,0,0,6286.27,0.0,5952.5195,5252.932,NYS,^XAX
2024-09-05 00:00:00-04:00,4977.81982421875,5026.58984375,4924.10986328125,4932.2099609375,0,0.0,0.0,0,0,6286.27,0.0,5952.5195,5252.932,NYS,^XAX
2024-09-06 00:00:00-04:00,4932.2099609375,4951.740234375,4822.33984375,4827.9599609375,0,0.0,0.0,0,0,6286.27,0.0,5952.5195,5252.932,NYS,^XAX
2024-09-09 00:00:00-04:00,4827.9599609375,4870.22998046875,4818.39990234375,4830.7998046875,0,0.0,0.0,0,0,6286.27,0.0,5952.5195,5252.932,NYS,^XAX
2024-09-10 00:00:00-04:00,4830.7998046875,4830.7998046875,4719.56982421875,4780.22021484375,0,0.0,0.0,0,0,6286.27,0.0,5952.5195,5252.932,NYS,^XAX
2024-09-11 00:00:00-04:00,4780.22021484375,4793.18017578125,4729.47998046875,4786.02001953125,0,0.0,0.0,0,0,6286.27,0.0,5952.5195,5252.932,NYS,^XAX
2024-09-12 00:00:00-04:00,4786.02001953125,4850.85986328125,4786.02001953125,4850.85986328125,0,0.0,0.0,0,0,6286.27,0.0,5952.5195,5252.932,NYS,^XAX
2024-09-13 00:00:00-04:00,4850.85986328125,4910.919921875,4850.85986328125,4891.7099609375,0,0.0,0.0,0,0,6286.27,0.0,5952.5195,5252.932,NYS,^XAX
2024-09-16 00:00:00-04:00,4891.7099609375,4932.72998046875,4860.43017578125,4923.509765625,0,0.0,0.0,0,0,6286.27,0.0,5952.5195,5252.932,NYS,^XAX
2024-09-17 00:00:00-04:00,4923.509765625,4953.7998046875,4912.43994140625,4930.990234375,0,0.0,0.0,0,0,6286.27,0.0,5952.5195,5252.932,NYS,^XAX
2024-09-18 00:00:00-04:00,4930.990234375,4980.77001953125,4873.58984375,4901.89013671875,0,0.0,0.0,0,0,6286.27,0.0,5952.5195,5252.932,NYS,^XAX
2024-09-19 00:00:00-04:00,4901.89013671875,5027.56982421875,4901.89013671875,5016.89990234375,0,0.0,0.0,0,0,6286.27,0.0,5952.5195,5252.932,NYS,^XAX
2024-09-20 00:00:00-04:00,5016.89990234375,5030.31982421875,4968.39013671875,5022.7998046875,0,0.0,0.0,0,0,6286.27,0.0,5952.5195,5252.932,NYS,^XAX
2024-09-23 00:00:00-04:00,5022.7998046875,5087.64990234375,5010.7001953125,5071.81982421875,0,0.0,0.0,0,0,6286.27,0.0,5952.5195,5252.932,NYS,^XAX
2024-09-24 00:00:00-04:00,5071.81982421875,5171.14013671875,5071.81982421875,5152.85986328125,0,0.0,0.0,0,0,6286.27,0.0,5952.5195,5252.932,NYS,^XAX
2024-09-25 00:00:00-04:00,5152.85986328125,5152.85986328125,5085.41015625,5098.64013671875,0,0.0,0.0,0,0,6286.27,0.0,5952.5195,5252.932,NYS,^XAX
2024-09-26 00:00:00-04:00,5098.64013671875,5109.169921875,5030.1298828125,5047.9501953125,0,0.0,0.0,0,0,6286.27,0.0,5952.5195,5252.932,NYS,^XAX
2024-09-27 00:00:00-04:00,5047.9501953125,5110.39990234375,5047.9501953125,5090.22021484375,0,0.0,0.0,0,0,6286.27,0.0,5952.5195,5252.932,NYS,^XAX
2024-09-30 00:00:00-04:00,5090.22021484375,5107.93994140625,5042.64013671875,5082.14013671875,0,0.0,0.0,0,0,6286.27,0.0,5952.5195,5252.932,NYS,^XAX
2024-10-01 00:00:00-04:00,5082.14013671875,5208.85986328125,5071.8701171875,5205.3701171875,0,0.0,0.0,0,0,6286.27,0.0,5952.5195,5252.932,NYS,^XAX
2024-10-02 00:00:00-04:00,5205.3701171875,5255.58984375,5174.56005859375,5219.22021484375,0,0.0,0.0,0,0,6286.27,0.0,5952.5195,5252.932,NYS,^XAX
2024-10-03 00:00:00-04:00,5219.22021484375,5281.080078125,5184.31005859375,5277.169921875,0,0.0,0.0,0,0,6286.27,0.0,5952.5195,5252.932,NYS,^XAX
2024-10-04 00:00:00-04:00,5277.169921875,5362.22021484375,5277.169921875,5334.330078125,0,0.0,0.0,0,0,6286.27,0.0,5952.5195,5252.932,NYS,^XAX
2024-10-07 00:00:00-04:00,5334.330078125,5402.0498046875,5334.330078125,5400.080078125,0,0.0,0.0,0,0,6286.27,0.0,5952.5195,5252.932,NYS,^XAX
2024-10-08 00:00:00-04:00,5400.080078125,5400.080078125,5236.10009765625,5302.97021484375,0,0.0,0.0,0,0,6286.27,0.0,5952.5195,5252.932,NYS,^XAX
2024-10-09 00:00:00-04:00,5302.97021484375,5311.56005859375,5249.2001953125,5309.14990234375,0,0.0,0.0,0,0,6286.27,0.0,5952.5195,5252.932,NYS,^XAX
2024-10-10 00:00:00-04:00,5309.14990234375,5392.77978515625,5299.990234375,5383.169921875,0,0.0,0.0,0,0,6286.27,0.0,5952.5195,5252.932,NYS,^XAX
2024-10-11 00:00:00-04:00,5383.169921875,5402.16015625,5373.75,5389.47998046875,0,0.0,0.0,0,0,6286.27,0.0,5952.5195,5252.932,NYS,^XAX
2024-10-14 00:00:00-04:00,5389.47998046875,5464.5,5350.08984375,5388.81005859375,0,0.0,0.0,0,0,6286.27,0.0,5952.5195,5252.932,NYS,^XAX
2024-10-15 00:00:00-04:00,5388.81005859375,5388.81005859375,5229.47021484375,5272.27978515625,0,0.0,0.0,0,0,6286.27,0.0,5952.5195,5252.932,NYS,^XAX
2024-10-16 00:00:00-04:00,5272.27978515625,5355.41015625,5272.27978515625,5345.18017578125,0,0.0,0.0,0,0,6286.27,0.0,5952.5195,5252.932,NYS,^XAX
2024-10-17 00:00:00-04:00,5345.18017578125,5403.60009765625,5312.47021484375,5395.9501953125,0,0.0,0.0,0,0,6286.27,0.0,5952.5195,5252.932,NYS,^XAX
2024-10-18 00:00:00-04:00,5395.9501953125,5421.25,5377.2099609375,5405.72998046875,0,0.0,0.0,0,0,6286.27,0.0,5952.5195,5252.932,NYS,^XAX
2024-10-21 00:00:00-04:00,5405.72998046875,5464.9501953125,5387.60986328125,5392.35986328125,0,0.0,0.0,0,0,6286.27,0.0,5952.5195,5252.932,NYS,^XAX
2024-10-22 00:00:00-04:00,5392.35986328125,5413.97998046875,5368.330078125,5384.7099609375,0,0.0,0.0,0,0,6286.27,0.0,5952.5195,5252.932,NYS,^XAX
2024-10-23 00:00:00-04:00,5384.60009765625,5384.60009765625,5249.41015625,5297.91015625,0,0.0,0.0,0,0,6286.27,0.0,5952.5195,5252.932,NYS,^XAX
2024-10-24 00:00:00-04:00,5297.91015625,5340.97021484375,5252.419921875,5314.18017578125,0,0.0,0.0,0,0,6286.27,0.0,5952.5195,5252.932,NYS,^XAX
2024-10-25 00:00:00-04:00,5314.18017578125,5363.10009765625,5314.18017578125,5344.990234375,0,0.0,0.0,0,0,6286.27,0.0,5952.5195,5252.932,NYS,^XAX
2024-10-28 00:00:00-04:00,5344.990234375,5344.990234375,5254.77001953125,5289.669921875,0,0.0,0.0,0,0,6286.27,0.0,5952.5195,5252.932,NYS,^XAX
2024-10-29 00:00:00-04:00,5289.669921875,5309.22021484375,5243.2099609375,5266.259765625,0,0.0,0.0,0,0,6286.27,0.0,5952.5195,5252.932,NYS,^XAX
2024-10-30 00:00:00-04:00,5266.259765625,5288.72021484375,5241.919921875,5257.1201171875,0,0.0,0.0,0,0,6286.27,0.0,5952.5195,5252.932,NYS,^XAX
2024-10-31 00:00:00-04:00,5257.1201171875,5276.27001953125,5186.27001953125,5226.7001953125,0,0.0,0.0,0,0,6286.27,0.0,5952.5195,5252.932,NYS,^XAX
2024-11-01 00:00:00-04:00,5226.7001953125,5367.02001953125,5067.58984375,5081.259765625,0,0.0,0.0,0,0,6286.27,0.0,5952.5195,5252.932,NYS,^XAX
2024-11-04 00:00:00-05:00,5081.259765625,5167.91015625,5053.60986328125,5083.0,0,0.0,0.0,0,0,6286.27,0.0,5952.5195,5252.932,NYS,^XAX
2024-11-05 00:00:00-05:00,5083.0,5117.89013671875,5072.6201171875,5094.72021484375,0,0.0,0.0,0,0,6286.27,0.0,5952.5195,5252.932,NYS,^XAX
2024-11-06 00:00:00-05:00,5094.72021484375,5214.22021484375,5080.759765625,5207.080078125,0,0.0,0.0,0,0,6286.27,0.0,5952.5195,5252.932,NYS,^XAX
2024-11-07 00:00:00-05:00,5207.080078125,5307.14013671875,5207.080078125,5285.22998046875,0,0.0,0.0,0,0,6286.27,0.0,5952.5195,5252.932,NYS,^XAX
2024-11-08 00:00:00-05:00,5285.22998046875,5285.22998046875,5223.759765625,5245.080078125,0,0.0,0.0,0,0,6286.27,0.0,5952.5195,5252.932,NYS,^XAX
2024-11-11 00:00:00-05:00,5245.080078125,5252.47998046875,5188.6201171875,5240.10009765625,0,0.0,0.0,0,0,6286.27,0.0,5952.5195,5252.932,NYS,^XAX
2024-11-12 00:00:00-05:00,5240.10009765625,5268.27978515625,5147.66015625,5181.93017578125,0,0.0,0.0,0,0,6286.27,0.0,5952.5195,5252.932,NYS,^XAX
2024-11-13 00:00:00-05:00,5181.93017578125,5197.60009765625,5095.080078125,5154.7001953125,0,0.0,0.0,0,0,6286.27,0.0,5952.5195,5252.932,NYS,^XAX
2024-11-14 00:00:00-05:00,5154.7001953125,5235.43994140625,5154.7001953125,5233.7099609375,0,0.0,0.0,0,0,6286.27,0.0,5952.5195,5252.932,NYS,^XAX
2024-11-15 00:00:00-05:00,5233.7099609375,5265.93017578125,5157.14990234375,5177.52001953125,0,0.0,0.0,0,0,6286.27,0.0,5952.5195,5252.932,NYS,^XAX
2024-11-18 00:00:00-05:00,5177.52001953125,5286.740234375,5177.52001953125,5260.83984375,0,0.0,0.0,0,0,6286.27,0.0,5952.5195,5252.932,NYS,^XAX
2024-11-19 00:00:00-05:00,5260.83984375,5308.27978515625,5217.85009765625,5306.75,0,0.0,0.0,0,0,6286.27,0.0,5952.5195,5252.932,NYS,^XAX
2024-11-20 00:00:00-05:00,5306.75,5317.6298828125,5262.97021484375,5298.18994140625,0,0.0,0.0,0,0,6286.27,0.0,5952.5195,5252.932,NYS,^XAX
2024-11-21 00:00:00-05:00,5298.18994140625,5381.3798828125,5298.18994140625,5372.64990234375,0,0.0,0.0,0,0,6286.27,0.0,5952.5195,5252.932,NYS,^XAX
2024-11-22 00:00:00-05:00,5372.64990234375,5394.97998046875,5349.64013671875,5376.5498046875,0,0.0,0.0,0,0,6286.27,0.0,5952.5195,5252.932,NYS,^XAX
2024-11-25 00:00:00-05:00,5376.5498046875,5383.759765625,5295.9599609375,5308.35009765625,0,0.0,0.0,0,0,6286.27,0.0,5952.5195,5252.932,NYS,^XAX
2024-11-26 00:00:00-05:00,5308.35009765625,5308.35009765625,5188.02001953125,5208.509765625,0,0.0,0.0,0,0,6286.27,0.0,5952.5195,5252.932,NYS,^XAX
2024-11-27 00:00:00-05:00,5208.509765625,5248.89990234375,5184.7001953125,5200.72998046875,0,0.0,0.0,0,0,6286.27,0.0,5952.5195,5252.932,NYS,^XAX
2024-11-29 00:00:00-05:00,5200.72998046875,5279.43994140625,5200.72998046875,5242.31005859375,0,0.0,0.0,0,0,6286.27,0.0,5952.5195,5252.932,NYS,^XAX
2024-12-02 00:00:00-05:00,5242.31005859375,5256.89990234375,5173.58984375,5224.419921875,0,0.0,0.0,0,0,6286.27,0.0,5952.5195,5252.932,NYS,^XAX
2024-12-03 00:00:00-05:00,5224.419921875,5241.58984375,5181.35986328125,5200.18017578125,0,0.0,0.0,0,0,6286.27,0.0,5952.5195,5252.932,NYS,^XAX
2024-12-04 00:00:00-05:00,5200.18017578125,5200.18017578125,5104.35986328125,5129.5498046875,0,0.0,0.0,0,0,6286.27,0.0,5952.5195,5252.932,NYS,^XAX
2024-12-05 00:00:00-05:00,5129.5498046875,5204.66015625,5129.5498046875,5201.490234375,0,0.0,0.0,0,0,6286.27,0.0,5952.5195,5252.932,NYS,^XAX
2024-12-06 00:00:00-05:00,5201.490234375,5201.490234375,5101.2099609375,5123.580078125,0,0.0,0.0,0,0,6286.27,0.0,5952.5195,5252.932,NYS,^XAX
2024-12-09 00:00:00-05:00,5123.580078125,5238.2900390625,5123.580078125,5170.39990234375,0,0.0,0.0,0,0,6286.27,0.0,5952.5195,5252.932,NYS,^XAX
2024-12-10 00:00:00-05:00,5170.39990234375,5238.580078125,5170.39990234375,5193.64013671875,0,0.0,0.0,0,0,6286.27,0.0,5952.5195,5252.932,NYS,^XAX
2024-12-11 00:00:00-05:00,5193.64013671875,5285.080078125,5193.64013671875,5273.6298828125,0,0.0,0.0,0,0,6286.27,0.0,5952.5195,5252.932,NYS,^XAX
2024-12-12 00:00:00-05:00,5273.6298828125,5281.66015625,5016.06005859375,5030.14990234375,0,0.0,0.0,0,0,6286.27,0.0,5952.5195,5252.932,NYS,^XAX
2024-12-13 00:00:00-05:00,5030.14990234375,5039.22021484375,4936.169921875,4953.64990234375,0,0.0,0.0,0,0,6286.27,0.0,5952.5195,5252.932,NYS,^XAX
2024-12-16 00:00:00-05:00,4953.64990234375,4953.64990234375,4887.72021484375,4912.4599609375,0,0.0,0.0,0,0,6286.27,0.0,5952.5195,5252.932,NYS,^XAX
2024-12-17 00:00:00-05:00,4912.4599609375,4912.4599609375,4831.27001953125,4864.7998046875,0,0.0,0.0,0,0,6286.27,0.0,5952.5195,5252.932,NYS,^XAX
2024-12-18 00:00:00-05:00,4864.7998046875,4874.60009765625,4706.52001953125,4726.89990234375,0,0.0,0.0,0,0,6286.27,0.0,5952.5195,5252.932,NYS,^XAX
2024-12-19 00:00:00-05:00,4726.89990234375,4759.81982421875,4642.27001953125,4663.27978515625,0,0.0,0.0,0,0,6286.27,0.0,5952.5195,5252.932,NYS,^XAX
2024-12-20 00:00:00-05:00,4663.27978515625,4688.7998046875,4624.64990234375,4657.77978515625,0,0.0,0.0,0,0,6286.27,0.0,5952.5195,5252.932,NYS,^XAX
2024-12-23 00:00:00-05:00,4657.77978515625,4678.56005859375,4616.68994140625,4676.77001953125,0,0.0,0.0,0,0,6286.27,0.0,5952.5195,5252.932,NYS,^XAX
2024-12-24 00:00:00-05:00,4676.77001953125,4718.7998046875,4654.990234375,4711.0498046875,0,0.0,0.0,0,0,6286.27,0.0,5952.5195,5252.932,NYS,^XAX
2024-12-26 00:00:00-05:00,4711.0498046875,4761.64990234375,4707.330078125,4742.2998046875,0,0.0,0.0,0,0,6286.27,0.0,5952.5195,5252.932,NYS,^XAX
2024-12-27 00:00:00-05:00,4742.2998046875,4753.33984375,4676.83984375,4702.080078125,0,0.0,0.0,0,0,6286.27,0.0,5952.5195,5252.932,NYS,^XAX
2024-12-30 00:00:00-05:00,4702.080078125,4702.080078125,4627.06982421875,4651.10986328125,0,0.0,0.0,0,0,6286.27,0.0,5952.5195,5252.932,NYS,^XAX
2024-12-31 00:00:00-05:00,4651.10986328125,4697.6201171875,4630.41015625,4686.27978515625,0,0.0,0.0,0,0,6286.27,0.0,5952.5195,5252.932,NYS,^XAX
2025-01-02 00:00:00-05:00,4686.27978515625,4794.740234375,4686.27978515625,4754.43017578125,0,0.0,0.0,0,0,6286.27,0.0,5952.5195,5252.932,NYS,^XAX
2025-01-03 00:00:00-05:00,4754.43017578125,4765.97021484375,4707.4599609375,4759.52978515625,0,0.0,0.0,0,0,6286.27,0.0,5952.5195,5252.932,NYS,^XAX
2025-01-06 00:00:00-05:00,4759.52978515625,4838.2099609375,4759.52978515625,4786.009765625,0,0.0,0.0,0,0,6286.27,0.0,5952.5195,5252.932,NYS,^XAX
2025-01-07 00:00:00-05:00,4786.009765625,4890.68994140625,4786.009765625,4879.1298828125,0,0.0,0.0,0,0,6286.27,0.0,5952.5195,5252.932,NYS,^XAX
2025-01-08 00:00:00-05:00,4879.1298828125,4903.18017578125,4831.85009765625,4902.08984375,0,0.0,0.0,0,0,6286.27,0.0,5952.5195,5252.932,NYS,^XAX
2025-01-10 00:00:00-05:00,4902.08984375,4966.81982421875,4880.08984375,4914.85986328125,0,0.0,0.0,0,0,6286.27,0.0,5952.5195,5252.932,NYS,^XAX
2025-01-13 00:00:00-05:00,4914.85986328125,5008.0400390625,4854.9599609375,4870.58984375,0,0.0,0.0,0,0,6286.27,0.0,5952.5195,5252.932,NYS,^XAX
2025-01-14 00:00:00-05:00,4870.58984375,4915.83984375,4833.2998046875,4911.91015625,0,0.0,0.0,0,0,6286.27,0.0,5952.5195,5252.932,NYS,^XAX
2025-01-15 00:00:00-05:00,4911.91015625,4979.2998046875,4911.91015625,4974.2099609375,0,0.0,0.0,0,0,6286.27,0.0,5952.5195,5252.932,NYS,^XAX
2025-01-16 00:00:00-05:00,4974.2099609375,5000.89013671875,4932.7001953125,4990.2900390625,0,0.0,0.0,0,0,6286.27,0.0,5952.5195,5252.932,NYS,^XAX
2025-01-17 00:00:00-05:00,4990.2900390625,5021.330078125,4955.41015625,4981.080078125,0,0.0,0.0,0,0,6286.27,0.0,5952.5195,5252.932,NYS,^XAX
2025-01-21 00:00:00-05:00,4981.080078125,5105.3798828125,4976.08984375,5082.2099609375,0,0.0,0.0,0,0,6286.27,0.0,5952.5195,5252.932,NYS,^XAX
2025-01-22 00:00:00-05:00,5082.2099609375,5154.919921875,5045.60009765625,5098.85986328125,0,0.0,0.0,0,0,6286.27,0.0,5952.5195,5252.932,NYS,^XAX
2025-01-23 00:00:00-05:00,5098.85986328125,5144.64990234375,5091.2998046875,5126.169921875,0,0.0,0.0,0,0,6286.27,0.0,5952.5195,5252.932,NYS,^XAX
2025-01-24 00:00:00-05:00,5126.169921875,5139.06982421875,5074.39013671875,5087.5498046875,0,0.0,0.0,0,0,6286.27,0.0,5952.5195,5252.932,NYS,^XAX
2025-01-27 00:00:00-05:00,5087.5498046875,5087.5498046875,4976.58984375,5032.81982421875,0,0.0,0.0,0,0,6286.27,0.0,5952.5195,5252.932,NYS,^XAX
2025-01-28 00:00:00-05:00,5032.81982421875,5054.72021484375,5015.669921875,5047.85986328125,0,0.0,0.0,0,0,6286.27,0.0,5952.5195,5252.932,NYS,^XAX
2025-01-29 00:00:00-05:00,5047.85986328125,5054.77001953125,4991.93017578125,5040.5498046875,0,0.0,0.0,0,0,6286.27,0.0,5952.5195,5252.932,NYS,^XAX
2025-01-30 00:00:00-05:00,5040.5498046875,5145.75,5040.5498046875,5110.41015625,0,0.0,0.0,0,0,6286.27,0.0,5952.5195,5252.932,NYS,^XAX
2025-01-31 00:00:00-05:00,5110.41015625,5126.419921875,4883.68017578125,4899.4501953125,0,0.0,0.0,0,0,6286.27,0.0,5952.5195,5252.932,NYS,^XAX
2025-02-03 00:00:00-05:00,4899.4501953125,4926.35986328125,4812.4599609375,4877.52978515625,0,0.0,0.0,0,0,6286.27,0.0,5952.5195,5252.932,NYS,^XAX
2025-02-04 00:00:00-05:00,4877.52978515625,4955.93017578125,4861.240234375,4946.47998046875,0,0.0,0.0,0,0,6286.27,0.0,5952.5195,5252.932,NYS,^XAX
2025-02-05 00:00:00-05:00,4946.47998046875,4981.25,4935.740234375,4961.77978515625,0,0.0,0.0,0,0,6286.27,0.0,5952.5195,5252.932,NYS,^XAX
2025-02-06 00:00:00-05:00,4961.77978515625,4997.009765625,4942.64990234375,4986.43017578125,0,0.0,0.0,0,0,6286.27,0.0,5952.5195,5252.932,NYS,^XAX
2025-02-07 00:00:00-05:00,4986.43017578125,5045.759765625,4974.10986328125,5020.39990234375,0,0.0,0.0,0,0,6286.27,0.0,5952.5195,5252.932,NYS,^XAX
2025-02-10 00:00:00-05:00,5020.39990234375,5104.83984375,5020.39990234375,5079.39990234375,0,0.0,0.0,0,0,6286.27,0.0,5952.5195,5252.932,NYS,^XAX
2025-02-11 00:00:00-05:00,5079.39990234375,5150.509765625,5071.85986328125,5133.83984375,0,0.0,0.0,0,0,6286.27,0.0,5952.5195,5252.932,NYS,^XAX
2025-02-12 00:00:00-05:00,5133.83984375,5178.85009765625,5095.22021484375,5145.4599609375,0,0.0,0.0,0,0,6286.27,0.0,5952.5195,5252.932,NYS,^XAX
2025-02-13 00:00:00-05:00,5145.4599609375,5153.330078125,5106.0400390625,5140.9501953125,0,0.0,0.0,0,0,6286.27,0.0,5952.5195,5252.932,NYS,^XAX
2025-02-14 00:00:00-05:00,5140.9501953125,5204.830078125,5088.31005859375,5100.7099609375,0,0.0,0.0,0,0,6286.27,0.0,5952.5195,5252.932,NYS,^XAX
2025-02-18 00:00:00-05:00,5100.7099609375,5190.89990234375,5095.0400390625,5174.509765625,0,0.0,0.0,0,0,6286.27,0.0,5952.5195,5252.932,NYS,^XAX
2025-02-19 00:00:00-05:00,5174.509765625,5184.6298828125,5133.509765625,5181.8798828125,0,0.0,0.0,0,0,6286.27,0.0,5952.5195,5252.932,NYS,^XAX
2025-02-20 00:00:00-05:00,5181.8798828125,5260.52001953125,5181.8798828125,5252.97998046875,0,0.0,0.0,0,0,6286.27,0.0,5952.5195,5252.932,NYS,^XAX
2025-02-21 00:00:00-05:00,5252.97998046875,5252.97998046875,5057.25,5068.10009765625,0,0.0,0.0,0,0,6286.27,0.0,5952.5195,5252.932,NYS,^XAX
2025-02-24 00:00:00-05:00,5068.10009765625,5089.81982421875,5017.25,5020.759765625,0,0.0,0.0,0,0,6286.27,0.0,5952.5195,5252.932,NYS,^XAX
2025-02-25 00:00:00-05:00,5020.759765625,5050.41015625,4898.259765625,4973.2001953125,0,0.0,0.0,0,0,6286.27,0.0,5952.5195,5252.932,NYS,^XAX
2025-02-26 00:00:00-05:00,4973.2001953125,4993.89990234375,4930.7001953125,4966.22998046875,0,0.0,0.0,0,0,6286.27,0.0,5952.5195,5252.932,NYS,^XAX
2025-02-27 00:00:00-05:00,4966.22998046875,5000.3798828125,4888.06982421875,4888.06982421875,0,0.0,0.0,0,0,6286.27,0.0,5952.5195,5252.932,NYS,^XAX
2025-02-28 00:00:00-05:00,4888.06982421875,4930.93017578125,4844.9599609375,4919.419921875,0,0.0,0.0,0,0,6286.27,0.0,5952.5195,5252.932,NYS,^XAX
2025-03-03 00:00:00-05:00,4919.419921875,4977.2900390625,4781.31982421875,4822.759765625,0,0.0,0.0,0,0,6286.27,0.0,5952.5195,5252.932,NYS,^XAX
2025-03-04 00:00:00-05:00,4822.759765625,4833.02001953125,4692.58984375,4767.25,0,0.0,0.0,0,0,6286.27,0.0,5952.5195,5252.932,NYS,^XAX
2025-03-05 00:00:00-05:00,4767.25,4767.25,4662.240234375,4739.10009765625,0,0.0,0.0,0,0,6286.27,0.0,5952.5195,5252.932,NYS,^XAX
2025-03-06 00:00:00-05:00,4739.10009765625,4790.4599609375,4705.39990234375,4773.58984375,0,0.0,0.0,0,0,6286.27,0.0,5952.5195,5252.932,NYS,^XAX
2025-03-07 00:00:00-05:00,4773.58984375,4968.56005859375,4773.58984375,4956.10986328125,0,0.0,0.0,0,0,6286.27,0.0,5952.5195,5252.932,NYS,^XAX
2025-03-10 00:00:00-04:00,4956.10986328125,4995.47021484375,4880.60986328125,4906.7001953125,0,0.0,0.0,0,0,6286.27,0.0,5952.5195,5252.932,NYS,^XAX
2025-03-11 00:00:00-04:00,4906.7001953125,4971.47021484375,4816.85986328125,4825.39013671875,0,0.0,0.0,0,0,6286.27,0.0,5952.5195,5252.932,NYS,^XAX
2025-03-12 00:00:00-04:00,4825.39013671875,4912.919921875,4817.47998046875,4873.97021484375,0,0.0,0.0,0,0,6286.27,0.0,5952.5195,5252.932,NYS,^XAX
2025-03-13 00:00:00-04:00,4873.97021484375,4934.2998046875,4848.5,4865.06982421875,0,0.0,0.0,0,0,6286.27,0.0,5952.5195,5252.932,NYS,^XAX
2025-03-14 00:00:00-04:00,4865.06982421875,4945.2001953125,4865.06982421875,4939.7001953125,0,0.0,0.0,0,0,6286.27,0.0,5952.5195,5252.932,NYS,^XAX
2025-03-17 00:00:00-04:00,4939.7001953125,5047.81005859375,4939.7001953125,5038.9599609375,0,0.0,0.0,0,0,6286.27,0.0,5952.5195,5252.932,NYS,^XAX
2025-03-18 00:00:00-04:00,5038.9599609375,5070.64990234375,5017.2099609375,5053.60009765625,0,0.0,0.0,0,0,6286.27,0.0,5952.5195,5252.932,NYS,^XAX
2025-03-19 00:00:00-04:00,5053.60009765625,5133.93994140625,5045.39013671875,5118.39013671875,0,0.0,0.0,0,0,6286.27,0.0,5952.5195,5252.932,NYS,^XAX
2025-03-20 00:00:00-04:00,5118.39013671875,5163.5,5050.5498046875,5145.5,0,0.0,0.0,0,0,6286.27,0.0,5952.5195,5252.932,NYS,^XAX
2025-03-21 00:00:00-04:00,5145.5,5145.5,5065.9501953125,5110.6201171875,0,0.0,0.0,0,0,6286.27,0.0,5952.5195,5252.932,NYS,^XAX
2025-03-24 00:00:00-04:00,5110.6201171875,5202.27001953125,5110.6201171875,5176.6201171875,0,0.0,0.0,0,0,6286.27,0.0,5952.5195,5252.932,NYS,^XAX
2025-03-25 00:00:00-04:00,5176.6201171875,5235.58984375,5176.6201171875,5194.35986328125,0,0.0,0.0,0,0,6286.27,0.0,5952.5195,5252.932,NYS,^XAX
2025-03-26 00:00:00-04:00,5194.35986328125,5222.2099609375,5173.2900390625,5175.56982421875,0,0.0,0.0,0,0,6286.27,0.0,5952.5195,5252.932,NYS,^XAX
2025-03-27 00:00:00-04:00,5175.56982421875,5179.47998046875,5087.77001953125,5154.0400390625,0,0.0,0.0,0,0,6286.27,0.0,5952.5195,5252.932,NYS,^XAX
2025-03-28 00:00:00-04:00,5154.0400390625,5154.0400390625,5059.9599609375,5060.47998046875,0,0.0,0.0,0,0,6286.27,0.0,5952.5195,5252.932,NYS,^XAX
2025-03-31 00:00:00-04:00,5060.47998046875,5116.2998046875,5019.52978515625,5106.06005859375,0,0.0,0.0,0,0,6286.27,0.0,5952.5195,5252.932,NYS,^XAX
2025-04-01 00:00:00-04:00,5106.06005859375,5131.83984375,5046.580078125,5131.7998046875,0,0.0,0.0,0,0,6286.27,0.0,5952.5195,5252.932,NYS,^XAX
2025-04-02 00:00:00-04:00,5131.7998046875,5164.81005859375,5083.72021484375,5162.4501953125,0,0.0,0.0,0,0,6286.27,0.0,5952.5195,5252.932,NYS,^XAX
2025-04-03 00:00:00-04:00,5162.4501953125,5162.4501953125,4892.080078125,4916.25,0,0.0,0.0,0,0,6286.27,0.0,5952.5195,5252.932,NYS,^XAX
2025-04-04 00:00:00-04:00,4916.25,4916.25,4557.8701171875,4607.9501953125,0,0.0,0.0,0,0,6286.27,0.0,5952.5195,5252.932,NYS,^XAX
2025-04-07 00:00:00-04:00,4607.9501953125,4625.81005859375,4392.64990234375,4492.990234375,0,0.0,0.0,0,0,6286.27,0.0,5952.5195,5252.932,NYS,^XAX
2025-04-08 00:00:00-04:00,4492.990234375,4624.81982421875,4349.919921875,4390.16015625,0,0.0,0.0,0,0,6286.27,0.0,5952.5195,5252.932,NYS,^XAX
2025-04-09 00:00:00-04:00,4390.16015625,4697.009765625,4334.81005859375,4674.18994140625,0,0.0,0.0,0,0,6286.27,0.0,5952.5195,5252.932,NYS,^XAX
2025-04-10 00:00:00-04:00,4674.18994140625,4674.18994140625,4395.58984375,4451.2001953125,0,0.0,0.0,0,0,6286.27,0.0,5952.5195,5252.932,NYS,^XAX
2025-04-11 00:00:00-04:00,4451.2001953125,4606.89013671875,4444.18994140625,4584.33984375,0,0.0,0.0,0,0,6286.27,0.0,5952.5195,5252.932,NYS,^XAX
2025-04-14 00:00:00-04:00,4584.33984375,4671.5498046875,4561.47998046875,4598.31005859375,0,0.0,0.0,0,0,6286.27,0.0,5952.5195,5252.932,NYS,^XAX
2025-04-15 00:00:00-04:00,4598.31005859375,4638.7001953125,4531.740234375,4550.5400390625,0,0.0,0.0,0,0,6286.27,0.0,5952.5195,5252.932,NYS,^XAX
2025-04-16 00:00:00-04:00,4550.5400390625,4643.080078125,4550.5400390625,4595.2099609375,0,0.0,0.0,0,0,6286.27,0.0,5952.5195,5252.932,NYS,^XAX
2025-04-17 00:00:00-04:00,4595.2099609375,4722.68017578125,4595.2099609375,4675.85009765625,0,0.0,0.0,0,0,6286.27,0.0,5952.5195,5252.932,NYS,^XAX
2025-04-21 00:00:00-04:00,4675.85009765625,4741.60009765625,4666.41015625,4716.89013671875,0,0.0,0.0,0,0,6286.27,0.0,5952.5195,5252.932,NYS,^XAX
2025-04-22 00:00:00-04:00,4716.89013671875,4881.0,4716.89013671875,4876.669921875,0,0.0,0.0,0,0,6286.27,0.0,5952.5195,5252.932,NYS,^XAX
2025-04-23 00:00:00-04:00,4876.669921875,4931.68994140625,4826.06982421875,4862.68017578125,0,0.0,0.0,0,0,6286.27,0.0,5952.5195,5252.932,NYS,^XAX
2025-04-24 00:00:00-04:00,4862.68017578125,4953.31982421875,4862.68017578125,4945.6298828125,0,0.0,0.0,0,0,6286.27,0.0,5952.5195,5252.932,NYS,^XAX
2025-04-25 00:00:00-04:00,4945.6298828125,4965.2998046875,4900.7998046875,4960.669921875,0,0.0,0.0,0,0,6286.27,0.0,5952.5195,5252.932,NYS,^XAX
2025-04-28 00:00:00-04:00,4960.669921875,4998.1201171875,4943.72998046875,4983.77001953125,0,0.0,0.0,0,0,6286.27,0.0,5952.5195,5252.932,NYS,^XAX
2025-04-29 00:00:00-04:00,4983.77001953125,4997.56005859375,4917.89013671875,4988.35009765625,0,0.0,0.0,0,0,6286.27,0.0,5952.5195,5252.932,NYS,^XAX
2025-04-30 00:00:00-04:00,4988.35009765625,4988.35009765625,4857.60986328125,4922.830078125,0,0.0,0.0,0,0,6286.27,0.0,5952.5195,5252.932,NYS,^XAX
2025-05-01 00:00:00-04:00,4922.830078125,4991.35986328125,4891.8798828125,4953.81005859375,0,0.0,0.0,0,0,6286.27,0.0,5952.5195,5252.932,NYS,^XAX
2025-05-02 00:00:00-04:00,4953.81005859375,5048.22998046875,4953.81005859375,4995.1298828125,0,0.0,0.0,0,0,6286.27,0.0,5952.5195,5252.932,NYS,^XAX
2025-05-05 00:00:00-04:00,4995.1298828125,4995.1298828125,4902.240234375,4938.009765625,0,0.0,0.0,0,0,6286.27,0.0,5952.5195,5252.932,NYS,^XAX
2025-05-06 00:00:00-04:00,4938.009765625,5007.39990234375,4938.009765625,4997.830078125,0,0.0,0.0,0,0,6286.27,0.0,5952.5195,5252.932,NYS,^XAX
2025-05-07 00:00:00-04:00,4997.830078125,5004.91015625,4947.97998046875,4979.68994140625,0,0.0,0.0,0,0,6286.27,0.0,5952.5195,5252.932,NYS,^XAX
2025-05-08 00:00:00-04:00,4979.68994140625,5056.580078125,4979.68994140625,5027.14990234375,0,0.0,0.0,0,0,6286.27,0.0,5952.5195,5252.932,NYS,^XAX
2025-05-09 00:00:00-04:00,5027.14990234375,5130.39990234375,5027.14990234375,5118.0,0,0.0,0.0,0,0,6286.27,0.0,5952.5195,5252.932,NYS,^XAX
2025-05-12 00:00:00-04:00,5118.0,5215.2099609375,5118.0,5159.330078125,0,0.0,0.0,0,0,6286.27,0.0,5952.5195,5252.932,NYS,^XAX
2025-05-13 00:00:00-04:00,5159.330078125,5228.740234375,5159.330078125,5215.2998046875,0,0.0,0.0,0,0,6286.27,0.0,5952.5195,5252.932,NYS,^XAX
2025-05-14 00:00:00-04:00,5215.2998046875,5215.93994140625,5143.58984375,5162.56982421875,0,0.0,0.0,0,0,6286.27,0.0,5952.5195,5252.932,NYS,^XAX
2025-05-15 00:00:00-04:00,5162.56982421875,5162.56982421875,5098.31982421875,5150.72021484375,0,0.0,0.0,0,0,6286.27,0.0,5952.5195,5252.932,NYS,^XAX
2025-05-16 00:00:00-04:00,5150.72021484375,5156.240234375,5098.7001953125,5150.89990234375,0,0.0,0.0,0,0,6286.27,0.0,5952.5195,5252.932,NYS,^XAX
2025-05-19 00:00:00-04:00,5150.89990234375,5155.7900390625,5098.14013671875,5147.7998046875,0,0.0,0.0,0,0,6286.27,0.0,5952.5195,5252.932,NYS,^XAX
2025-05-20 00:00:00-04:00,5147.7998046875,5171.7900390625,5124.64013671875,5159.240234375,0,0.0,0.0,0,0,6286.27,0.0,5952.5195,5252.932,NYS,^XAX
2025-05-21 00:00:00-04:00,5159.240234375,5212.759765625,5142.3798828125,5158.35009765625,0,0.0,0.0,0,0,6286.27,0.0,5952.5195,5252.932,NYS,^XAX
2025-05-22 00:00:00-04:00,5158.35009765625,5158.35009765625,5083.75,5128.10009765625,0,0.0,0.0,0,0,6286.27,0.0,5952.5195,5252.932,NYS,^XAX
2025-05-23 00:00:00-04:00,5128.10009765625,5190.509765625,5114.35009765625,5181.9599609375,0,0.0,0.0,0,0,6286.27,0.0,5952.5195,5252.932,NYS,^XAX
2025-05-27 00:00:00-04:00,5181.9599609375,5233.18994140625,5178.7998046875,5229.2998046875,0,0.0,0.0,0,0,6286.27,0.0,5952.5195,5252.932,NYS,^XAX
2025-05-28 00:00:00-04:00,5229.2998046875,5237.93017578125,5198.759765625,5206.669921875,0,0.0,0.0,0,0,6286.27,0.0,5952.5195,5252.932,NYS,^XAX
2025-05-29 00:00:00-04:00,5206.669921875,5240.39990234375,5189.31982421875,5212.1201171875,0,0.0,0.0,0,0,6286.27,0.0,5952.5195,5252.932,NYS,^XAX
2025-05-30 00:00:00-04:00,5212.1201171875,5212.1201171875,5164.68994140625,5194.3798828125,0,0.0,0.0,0,0,6286.27,0.0,5952.5195,5252.932,NYS,^XAX
2025-06-02 00:00:00-04:00,5194.3798828125,5292.52978515625,5194.3798828125,5277.31005859375,0,0.0,0.0,0,0,6286.27,0.0,5952.5195,5252.932,NYS,^XAX
2025-06-03 00:00:00-04:00,5277.31005859375,5364.08984375,5219.16015625,5358.1298828125,0,0.0,0.0,0,0,6286.27,0.0,5952.5195,5252.932,NYS,^XAX
2025-06-04 00:00:00-04:00,5358.1298828125,5375.6298828125,5269.68994140625,5329.58984375,0,0.0,0.0,0,0,6286.27,0.0,5952.5195,5252.932,NYS,^XAX
2025-06-05 00:00:00-04:00,5329.58984375,5430.06005859375,5329.58984375,5385.9501953125,0,0.0,0.0,0,0,6286.27,0.0,5952.5195,5252.932,NYS,^XAX
2025-06-06 00:00:00-04:00,5385.9501953125,5455.8798828125,5385.9501953125,5419.10009765625,0,0.0,0.0,0,0,6286.27,0.0,5952.5195,5252.932,NYS,^XAX
2025-06-09 00:00:00-04:00,5419.10009765625,5509.3701171875,5407.2998046875,5461.85986328125,0,0.0,0.0,0,0,6286.27,0.0,5952.5195,5252.932,NYS,^XAX
2025-06-10 00:00:00-04:00,5461.85986328125,5580.2900390625,5461.85986328125,5545.66015625,0,0.0,0.0,0,0,6286.27,0.0,5952.5195,5252.932,NYS,^XAX
2025-06-11 00:00:00-04:00,5545.66015625,5662.5,5545.66015625,5659.08984375,0,0.0,0.0,0,0,6286.27,0.0,5952.5195,5252.932,NYS,^XAX
2025-06-12 00:00:00-04:00,5659.08984375,5700.72998046875,5634.10009765625,5690.1201171875,0,0.0,0.0,0,0,6286.27,0.0,5952.5195,5252.932,NYS,^XAX
2025-06-13 00:00:00-04:00,5690.1201171875,5806.33984375,5690.1201171875,5805.33984375,0,0.0,0.0,0,0,6286.27,0.0,5952.5195,5252.932,NYS,^XAX
2025-06-16 00:00:00-04:00,5805.33984375,5857.259765625,5773.18994140625,5791.31005859375,0,0.0,0.0,0,0,6286.27,0.0,5952.5195,5252.932,NYS,^XAX
2025-06-17 00:00:00-04:00,5791.31005859375,5844.6298828125,5791.31005859375,5807.169921875,0,0.0,0.0,0,0,6286.27,0.0,5952.5195,5252.932,NYS,^XAX
2025-06-18 00:00:00-04:00,5807.169921875,5864.6298828125,5780.8701171875,5805.5400390625,0,0.0,0.0,0,0,6286.27,0.0,5952.5195,5252.932,NYS,^XAX
2025-06-20 00:00:00-04:00,5805.5400390625,5834.5498046875,5776.990234375,5780.8798828125,0,0.0,0.0,0,0,6286.27,0.0,5952.5195,5252.932,NYS,^XAX
2025-06-23 00:00:00-04:00,5780.8798828125,5862.3701171875,5709.669921875,5736.9501953125,0,0.0,0.0,0,0,6286.27,0.0,5952.5195,5252.932,NYS,^XAX
2025-06-24 00:00:00-04:00,5736.9501953125,5765.64990234375,5670.990234375,5727.91015625,0,0.0,0.0,0,0,6286.27,0.0,5952.5195,5252.932,NYS,^XAX
2025-06-25 00:00:00-04:00,5727.91015625,5799.33984375,5704.2900390625,5778.27978515625,0,0.0,0.0,0,0,6286.27,0.0,5952.5195,5252.932,NYS,^XAX
2025-06-26 00:00:00-04:00,5778.27978515625,5876.02001953125,5778.27978515625,5864.72998046875,0,0.0,0.0,0,0,6286.27,0.0,5952.5195,5252.932,NYS,^XAX
2025-06-27 00:00:00-04:00,5864.72998046875,5867.77978515625,5702.97998046875,5751.10009765625,0,0.0,0.0,0,0,6286.27,0.0,5952.5195,5252.932,NYS,^XAX
2025-06-30 00:00:00-04:00,5751.10009765625,5784.240234375,5714.2998046875,5781.31982421875,0,0.0,0.0,0,0,6286.27,0.0,5952.5195,5252.932,NYS,^XAX
2025-07-01 00:00:00-04:00,5781.31982421875,5865.8798828125,5743.14013671875,5818.35009765625,0,0.0,0.0,0,0,6286.27,0.0,5952.5195,5252.932,NYS,^XAX
2025-07-02 00:00:00-04:00,5818.35009765625,5869.47021484375,5786.580078125,5868.43994140625,0,0.0,0.0,0,0,6286.27,0.0,5952.5195,5252.932,NYS,^XAX
2025-07-03 00:00:00-04:00,5868.43994140625,5893.330078125,5835.14013671875,5878.22998046875,0,0.0,0.0,0,0,6286.27,0.0,5952.5195,5252.932,NYS,^XAX
2025-07-07 00:00:00-04:00,5878.22998046875,5878.22998046875,5821.89013671875,5866.009765625,0,0.0,0.0,0,0,6286.27,0.0,5952.5195,5252.932,NYS,^XAX
2025-07-08 00:00:00-04:00,5866.009765625,5903.97998046875,5842.68994140625,5860.31005859375,0,0.0,0.0,0,0,6286.27,0.0,5952.5195,5252.932,NYS,^XAX
2025-07-09 00:00:00-04:00,5860.31005859375,5881.10009765625,5813.91015625,5827.85009765625,0,0.0,0.0,0,0,6286.27,0.0,5952.5195,5252.932,NYS,^XAX
2025-07-10 00:00:00-04:00,5827.85009765625,5908.14990234375,5796.490234375,5884.6201171875,0,0.0,0.0,0,0,6286.27,0.0,5952.5195,5252.932,NYS,^XAX
2025-07-11 00:00:00-04:00,5884.6201171875,5972.9501953125,5884.6201171875,5964.33984375,0,0.0,0.0,0,0,6286.27,0.0,5952.5195,5252.932,NYS,^XAX
2025-07-14 00:00:00-04:00,5964.33984375,6017.6298828125,5932.43017578125,6004.39013671875,0,0.0,0.0,0,0,6286.27,0.0,5952.5195,5252.932,NYS,^XAX
2025-07-15 00:00:00-04:00,6004.39013671875,6006.43017578125,5927.52001953125,5936.77978515625,0,0.0,0.0,0,0,6286.27,0.0,5952.5195,5252.932,NYS,^XAX
2025-07-16 00:00:00-04:00,5936.77978515625,5958.97021484375,5881.56982421875,5948.85009765625,0,0.0,0.0,0,0,6286.27,0.0,5952.5195,5252.932,NYS,^XAX
2025-07-17 00:00:00-04:00,5948.85009765625,5977.669921875,5900.77001953125,5961.4599609375,0,0.0,0.0,0,0,6286.27,0.0,5952.5195,5252.932,NYS,^XAX
2025-07-18 00:00:00-04:00,5961.4599609375,6038.169921875,5961.4599609375,5967.009765625,0,0.0,0.0,0,0,6286.27,0.0,5952.5195,5252.932,NYS,^XAX
2025-07-21 00:00:00-04:00,5967.009765625,6006.14013671875,5967.009765625,5971.02978515625,0,0.0,0.0,0,0,6286.27,0.0,5952.5195,5252.932,NYS,^XAX
2025-07-22 00:00:00-04:00,5971.02978515625,6080.35986328125,5971.02978515625,6043.7099609375,0,0.0,0.0,0,0,6286.27,0.0,5952.5195,5252.932,NYS,^XAX
2025-07-23 00:00:00-04:00,6043.7099609375,6092.25,6032.2998046875,6077.85009765625,0,0.0,0.0,0,0,6286.27,0.0,5952.5195,5252.932,NYS,^XAX
2025-07-24 00:00:00-04:00,6077.85009765625,6116.259765625,6034.2099609375,6072.89013671875,0,0.0,0.0,0,0,6286.27,0.0,5952.5195,5252.932,NYS,^XAX
2025-07-25 00:00:00-04:00,6072.89013671875,6072.89013671875,6001.0498046875,6047.7001953125,0,0.0,0.0,0,0,6286.27,0.0,5952.5195,5252.932,NYS,^XAX
2025-07-28 00:00:00-04:00,6047.7001953125,6092.8701171875,6047.7001953125,6084.81005859375,0,0.0,0.0,0,0,6286.27,0.0,5952.5195,5252.932,NYS,^XAX
2025-07-29 00:00:00-04:00,6084.81005859375,6141.0,6083.3701171875,6113.919921875,0,0.0,0.0,0,0,6286.27,0.0,5952.5195,5252.932,NYS,^XAX
2025-07-30 00:00:00-04:00,6113.919921875,6113.919921875,5994.0400390625,6015.18994140625,0,0.0,0.0,0,0,6286.27,0.0,5952.5195,5252.932,NYS,^XAX
2025-07-31 00:00:00-04:00,6015.18994140625,6026.43017578125,5958.14013671875,5975.56005859375,0,0.0,0.0,0,0,6286.27,0.0,5952.5195,5252.932,NYS,^XAX
2025-08-01 00:00:00-04:00,5975.56005859375,5994.7099609375,5897.759765625,5963.77978515625,0,0.0,0.0,0,0,6286.27,0.0,5952.5195,5252.932,NYS,^XAX
2025-08-04 00:00:00-04:00,5963.77978515625,6080.06982421875,5945.72021484375,6078.31982421875,0,0.0,0.0,0,0,6286.27,0.0,5952.5195,5252.932,NYS,^XAX
2025-08-05 00:00:00-04:00,6078.31982421875,6135.22021484375,6053.6201171875,6132.080078125,0,0.0,0.0,0,0,6286.27,0.0,5952.5195,5252.932,NYS,^XAX
2025-08-06 00:00:00-04:00,6132.080078125,6239.919921875,6132.080078125,6188.06005859375,0,0.0,0.0,0,0,6286.27,0.0,5952.5195,5252.932,NYS,^XAX
2025-08-07 00:00:00-04:00,6188.06005859375,6263.830078125,6166.22998046875,6174.7099609375,0,0.0,0.0,0,0,6286.27,0.0,5952.5195,5252.932,NYS,^XAX
2025-08-08 00:00:00-04:00,6174.7099609375,6224.25,6174.10009765625,6191.14013671875,0,0.0,0.0,0,0,6286.27,0.0,5952.5195,5252.932,NYS,^XAX
2025-08-11 00:00:00-04:00,6191.14013671875,6196.7001953125,6096.68017578125,6107.02978515625,0,0.0,0.0,0,0,6286.27,0.0,5952.5195,5252.932,NYS,^XAX
2025-08-12 00:00:00-04:00,6107.02978515625,6162.18994140625,6107.02978515625,6148.0400390625,0,0.0,0.0,0,0,6286.27,0.0,5952.5195,5252.932,NYS,^XAX
2025-08-13 00:00:00-04:00,6148.0400390625,6172.68017578125,6125.27001953125,6152.2998046875,0,0.0,0.0,0,0,6286.27,0.0,5952.5195,5252.932,NYS,^XAX
2025-08-14 00:00:00-04:00,6152.2998046875,6286.27001953125,6051.27001953125,6142.669921875,0,0.0,0.0,0,0,6286.27,0.0,5952.5195,5252.932,NYS,^XAX
2025-08-15 00:00:00-04:00,6142.669921875,6215.35986328125,6114.81982421875,6187.89013671875,0,0.0,0.0,0,0,6286.27,0.0,5952.5195,5252.932,NYS,^XAX
2025-08-18 00:00:00-04:00,6187.89013671875,6199.77001953125,6147.14990234375,6193.7001953125,0,0.0,0.0,0,0,6286.27,0.0,5952.5195,5252.932,NYS,^XAX
2025-08-19 00:00:00-04:00,6193.7001953125,6195.4501953125,6092.4501953125,6098.2001953125,0,0.0,0.0,0,0,6286.27,0.0,5952.5195,5252.932,NYS,^XAX
2025-08-20 00:00:00-04:00,6098.2001953125,6164.31982421875,6098.2001953125,6153.35986328125,0,0.0,0.0,0,0,6286.27,0.0,5952.5195,5252.932,NYS,^XAX
2025-08-21 00:00:00-04:00,6153.35986328125,6236.41015625,6140.919921875,6223.330078125,0,0.0,0.0,0,0,6669.171,4334.81,6056.417,5298.312,NYS,^XAX
2025-08-22 00:00:00-04:00,6223.330078125,6407.5,6219.68017578125,6407.5,0,0.0,0.0,0,0,6669.171,4334.81,6056.417,5298.312,NYS,^XAX
2025-08-25 00:00:00-04:00,6407.5,6448.8798828125,6407.5,6421.35009765625,0,0.0,0.0,0,0,6669.171,4334.81,6056.417,5298.312,NYS,^XAX
2025-08-26 00:00:00-04:00,6421.35009765625,6460.8701171875,6403.27001953125,6442.52001953125,0,0.0,0.0,0,0,6669.171,4334.81,6056.417,5298.312,NYS,^XAX
2025-08-27 00:00:00-04:00,6442.52001953125,6558.2099609375,6424.240234375,6555.8798828125,0,0.0,0.0,0,0,6669.171,4334.81,6056.417,5298.312,NYS,^XAX
2025-08-28 00:00:00-04:00,6555.8798828125,6619.27001953125,6545.10986328125,6607.66015625,0,0.0,0.0,0,0,6669.171,4334.81,6056.417,5298.312,NYS,^XAX
2025-08-29 00:00:00-04:00,6607.66015625,6669.169921875,6602.4501953125,6640.85009765625,0,0.0,0.0,0,0,6669.171,4334.81,6056.417,5298.312,NYS,^XAX
2025-09-02 00:00:00-04:00,6640.85009765625,6666.0498046875,6561.93017578125,6623.6298828125,0,0.0,0.0,0,0,6669.17,0.0,6125.8843,5326.747,NYS,^XAX
2025-09-03 00:00:00-04:00,6623.6298828125,6641.56982421875,6570.1298828125,6603.759765625,0,0.0,0.0,0,0,6669.17,0.0,6125.8843,5326.747,NYS,^XAX
2025-09-04 00:00:00-04:00,6603.759765625,6634.56005859375,6553.97021484375,6605.93017578125,0,0.0,0.0,0,0,6669.17,0.0,6125.8843,5326.747,NYS,^XAX
2025-09-05 00:00:00-04:00,6605.93017578125,6668.5,6577.58984375,6664.080078125,0,0.0,0.0,0,0,6669.17,0.0,6125.8843,5326.747,NYS,^XAX
