Date,Open,High,Low,Close,Volume,Dividends,Stock Splits,volume,averageDailyVolume10Day,fiftyTwoWeekHigh,fiftyTwoWeekLow,fiftyDayAverage,twoHundredDayAverage,industry,sector,exchange,Symbol
2024-01-02 00:00:00-05:00,18.366162185654147,18.53968508407676,18.366162185654147,18.43009185791016,36000,0.0,0.0,6010.0,13400.0,24.42,19.3,21.48784,21.883015,Banks - Regional,Financial Services,NMS,FCNCP
2024-01-03 00:00:00-05:00,18.40269071434573,18.43922294713364,18.14697205264133,18.329627990722656,40000,0.0,0.0,6010.0,13400.0,24.42,19.3,21.48784,21.883015,Banks - Regional,Financial Services,NMS,FCNCP
2024-01-04 00:00:00-05:00,18.265698497113373,18.475753611761515,18.265698497113373,18.40269088745117,35200,0.0,0.0,6010.0,13400.0,24.42,19.3,21.48784,21.883015,Banks - Regional,Financial Services,NMS,FCNCP
2024-01-05 00:00:00-05:00,18.31136383061792,18.631013933850884,18.293099454225437,18.43009185791016,33400,0.0,0.0,6010.0,13400.0,24.42,19.3,21.48784,21.883015,Banks - Regional,Financial Services,NMS,FCNCP
2024-01-08 00:00:00-05:00,18.503153857228792,18.72234204284236,18.466621621983435,18.640146255493164,36900,0.0,0.0,6010.0,13400.0,24.42,19.3,21.48784,21.883015,Banks - Regional,Financial Services,NMS,FCNCP
2024-01-09 00:00:00-05:00,18.5579506349392,18.777138822522783,18.49402096463809,18.71320915222168,14500,0.0,0.0,6010.0,13400.0,24.42,19.3,21.48784,21.883015,Banks - Regional,Financial Services,NMS,FCNCP
2024-01-10 00:00:00-05:00,18.7223399168266,18.87759841508327,18.676676369908087,18.76800346374512,27000,0.0,0.0,6010.0,13400.0,24.42,19.3,21.48784,21.883015,Banks - Regional,Financial Services,NMS,FCNCP
2024-01-11 00:00:00-05:00,18.7314743770274,18.87759982845025,18.576215867146512,18.85020065307617,60500,0.0,0.0,6010.0,13400.0,24.42,19.3,21.48784,21.883015,Banks - Regional,Financial Services,NMS,FCNCP
2024-01-12 00:00:00-05:00,18.88125146666615,18.98719354427752,18.795402813127374,18.841066360473636,16200,0.0,0.0,6010.0,13400.0,24.42,19.3,21.48784,21.883015,Banks - Regional,Financial Services,NMS,FCNCP
2024-01-16 00:00:00-05:00,18.74974138779538,18.89586684618444,18.631013364133725,18.71320915222168,38000,0.0,0.0,6010.0,13400.0,24.42,19.3,21.48784,21.883015,Banks - Regional,Financial Services,NMS,FCNCP
2024-01-17 00:00:00-05:00,18.50315175610295,18.777136521519356,18.50315175610295,18.76800346374512,24500,0.0,0.0,6010.0,13400.0,24.42,19.3,21.48784,21.883015,Banks - Regional,Financial Services,NMS,FCNCP
2024-01-18 00:00:00-05:00,18.8593312243753,18.8593312243753,18.612743904386747,18.75887107849121,15100,0.0,0.0,6010.0,13400.0,24.42,19.3,21.48784,21.883015,Banks - Regional,Financial Services,NMS,FCNCP
2024-01-19 00:00:00-05:00,18.786269612226143,19.124185782654557,18.631011113697305,19.06938743591309,28500,0.0,0.0,6010.0,13400.0,24.42,19.3,21.48784,21.883015,Banks - Regional,Financial Services,NMS,FCNCP
2024-01-22 00:00:00-05:00,19.20638359359416,19.270313262939453,19.11505474797824,19.270313262939453,22900,0.0,0.0,6010.0,13400.0,24.42,19.3,21.48784,21.883015,Banks - Regional,Financial Services,NMS,FCNCP
2024-01-23 00:00:00-05:00,19.261178088789386,19.47123319126933,19.188115368711458,19.398170471191406,35700,0.0,0.0,6010.0,13400.0,24.42,19.3,21.48784,21.883015,Banks - Regional,Financial Services,NMS,FCNCP
2024-01-24 00:00:00-05:00,19.35342078416647,19.6356258392334,19.28857833504569,19.6356258392334,25200,0.0,0.0,6010.0,13400.0,24.42,19.3,21.48784,21.883015,Banks - Regional,Financial Services,NMS,FCNCP
2024-01-25 00:00:00-05:00,19.635626686403224,20.000940322875977,19.53516478314091,20.000940322875977,18900,0.0,0.0,6010.0,13400.0,24.42,19.3,21.48784,21.883015,Banks - Regional,Financial Services,NMS,FCNCP
2024-01-26 00:00:00-05:00,19.99180603027344,20.02833826264226,19.77261786191865,19.99180603027344,15100,0.0,0.0,6010.0,13400.0,24.42,19.3,21.48784,21.883015,Banks - Regional,Financial Services,NMS,FCNCP
2024-01-29 00:00:00-05:00,19.955278002116707,20.122409676116096,19.93701188367846,20.01007461547852,15100,0.0,0.0,6010.0,13400.0,24.42,19.3,21.48784,21.883015,Banks - Regional,Financial Services,NMS,FCNCP
2024-01-30 00:00:00-05:00,19.873082309361067,20.284059524536133,19.873082309361067,20.284059524536133,26500,0.0,0.0,6010.0,13400.0,24.42,19.3,21.48784,21.883015,Banks - Regional,Financial Services,NMS,FCNCP
2024-01-31 00:00:00-05:00,20.092266742343806,20.16532946081968,19.58082771301269,19.58082771301269,67000,0.0,0.0,6010.0,13400.0,24.42,19.3,21.48784,21.883015,Banks - Regional,Financial Services,NMS,FCNCP
2024-02-01 00:00:00-05:00,19.83654925619173,19.83837656475059,19.252047422948667,19.617361068725582,37000,0.0,0.0,6010.0,13400.0,24.42,19.3,21.48784,21.883015,Banks - Regional,Financial Services,NMS,FCNCP
2024-02-02 00:00:00-05:00,19.52603256139337,19.5534317385355,19.224648580641585,19.46210289001465,16200,0.0,0.0,6010.0,13400.0,24.42,19.3,21.48784,21.883015,Banks - Regional,Financial Services,NMS,FCNCP
2024-02-05 00:00:00-05:00,19.37077398808988,19.4520569940204,19.224648527640525,19.2885799407959,13800,0.0,0.0,6010.0,13400.0,24.42,19.3,21.48784,21.883015,Banks - Regional,Financial Services,NMS,FCNCP
2024-02-06 00:00:00-05:00,19.197250534837284,19.325109873527865,19.197250534837284,19.270313262939453,9700,0.0,0.0,6010.0,13400.0,24.42,19.3,21.48784,21.883015,Banks - Regional,Financial Services,NMS,FCNCP
2024-02-07 00:00:00-05:00,19.39817192397951,19.443837216168635,19.188116805767898,19.27944564819336,12300,0.0,0.0,6010.0,13400.0,24.42,19.3,21.48784,21.883015,Banks - Regional,Financial Services,NMS,FCNCP
2024-02-08 00:00:00-05:00,19.38903776393217,19.54429626464844,19.270311494891583,19.54429626464844,15300,0.0,0.0,6010.0,13400.0,24.42,19.3,21.48784,21.883015,Banks - Regional,Financial Services,NMS,FCNCP
2024-02-09 00:00:00-05:00,19.60822767416292,19.772619247436523,19.38903949044906,19.772619247436523,9700,0.0,0.0,6010.0,13400.0,24.42,19.3,21.48784,21.883015,Banks - Regional,Financial Services,NMS,FCNCP
2024-02-12 00:00:00-05:00,19.891345977783203,19.909610352109123,19.72695441518085,19.891345977783203,61200,0.0,0.0,6010.0,13400.0,24.42,19.3,21.48784,21.883015,Banks - Regional,Financial Services,NMS,FCNCP
2024-02-13 00:00:00-05:00,19.800015868440312,19.800015868440312,19.407303103400267,19.58082771301269,22500,0.0,0.0,6010.0,13400.0,24.42,19.3,21.48784,21.883015,Banks - Regional,Financial Services,NMS,FCNCP
2024-02-14 00:00:00-05:00,19.521465835842932,19.663025630410537,19.43470439256442,19.526031494140625,25100,0.0,0.0,6010.0,13400.0,24.42,19.3,21.48784,21.883015,Banks - Regional,Financial Services,NMS,FCNCP
2024-02-15 00:00:00-05:00,19.53516400059629,19.82741489806743,19.526030942306225,19.736087799072266,21500,0.0,0.0,6010.0,13400.0,24.42,19.3,21.48784,21.883015,Banks - Regional,Financial Services,NMS,FCNCP
2024-02-16 00:00:00-05:00,19.568043838023463,19.72695522386608,19.568043838023463,19.703208923339844,3500,0.0,0.0,6010.0,13400.0,24.42,19.3,21.48784,21.883015,Banks - Regional,Financial Services,NMS,FCNCP
2024-02-20 00:00:00-05:00,19.74156858969171,19.80001982131317,19.681291791366647,19.79179954528809,14500,0.0,0.0,6010.0,13400.0,24.42,19.3,21.48784,21.883015,Banks - Regional,Financial Services,NMS,FCNCP
2024-02-21 00:00:00-05:00,19.69042250762193,19.79088440685992,19.69042250762193,19.736087799072266,46100,0.0,0.0,6010.0,13400.0,24.42,19.3,21.48784,21.883015,Banks - Regional,Financial Services,NMS,FCNCP
2024-02-22 00:00:00-05:00,19.72695329925805,19.937008398721805,19.72695329925805,19.854812622070312,22500,0.0,0.0,6010.0,13400.0,24.42,19.3,21.48784,21.883015,Banks - Regional,Financial Services,NMS,FCNCP
2024-02-23 00:00:00-05:00,19.84659478977484,20.192729498708868,19.81828283273146,20.14706420898437,32700,0.0,0.0,6010.0,13400.0,24.42,19.3,21.48784,21.883015,Banks - Regional,Financial Services,NMS,FCNCP
2024-02-26 00:00:00-05:00,20.156197266929272,20.156197266929272,19.98267264988157,20.14706420898437,13200,0.0,0.0,6010.0,13400.0,24.42,19.3,21.48784,21.883015,Banks - Regional,Financial Services,NMS,FCNCP
2024-02-27 00:00:00-05:00,20.15345685526789,20.30506247923053,20.0283376215106,20.302322387695312,38000,0.0,0.0,6010.0,13400.0,24.42,19.3,21.48784,21.883015,Banks - Regional,Financial Services,NMS,FCNCP
2024-02-28 00:00:00-05:00,20.35425284190797,20.502620825311023,20.27079563015802,20.32643318176269,14500,0.336,0.0,6010.0,13400.0,24.42,19.3,21.48784,21.883015,Banks - Regional,Financial Services,NMS,FCNCP
2024-02-29 00:00:00-05:00,20.363527128923145,20.465530794974114,20.27079845289803,20.35425567626953,115100,0.0,0.0,6010.0,13400.0,24.42,19.3,21.48784,21.883015,Banks - Regional,Financial Services,NMS,FCNCP
2024-03-01 00:00:00-05:00,20.09460995800817,20.39134595392581,20.09460995800817,20.205886840820312,30300,0.0,0.0,6010.0,13400.0,24.42,19.3,21.48784,21.883015,Banks - Regional,Financial Services,NMS,FCNCP
2024-03-04 00:00:00-05:00,20.12242962088272,20.28934229207185,20.06679029513363,20.205886840820312,15600,0.0,0.0,6010.0,13400.0,24.42,19.3,21.48784,21.883015,Banks - Regional,Financial Services,NMS,FCNCP
2024-03-05 00:00:00-05:00,20.261525184584592,20.261525184584592,20.12243040218328,20.233705520629883,11900,0.0,0.0,6010.0,13400.0,24.42,19.3,21.48784,21.883015,Banks - Regional,Financial Services,NMS,FCNCP
2024-03-06 00:00:00-05:00,20.21515840343938,20.37094604022676,20.187340509099037,20.270797729492188,78900,0.0,0.0,6010.0,13400.0,24.42,19.3,21.48784,21.883015,Banks - Regional,Financial Services,NMS,FCNCP
2024-03-07 00:00:00-05:00,20.27079758750977,20.47480314221631,20.24297792467822,20.358890533447266,13900,0.0,0.0,6010.0,13400.0,24.42,19.3,21.48784,21.883015,Banks - Regional,Financial Services,NMS,FCNCP
2024-03-08 00:00:00-05:00,20.35425558505644,20.474803924560547,20.31716269986372,20.474803924560547,17100,0.0,0.0,6010.0,13400.0,24.42,19.3,21.48784,21.883015,Banks - Regional,Financial Services,NMS,FCNCP
2024-03-11 00:00:00-04:00,20.406183034563853,20.567533184753565,20.400618748368064,20.558259963989254,13700,0.0,0.0,6010.0,13400.0,24.42,19.3,21.48784,21.883015,Banks - Regional,Financial Services,NMS,FCNCP
2024-03-12 00:00:00-04:00,20.542493517594824,20.66953468322754,20.48407382470558,20.66953468322754,16100,0.0,0.0,6010.0,13400.0,24.42,19.3,21.48784,21.883015,Banks - Regional,Financial Services,NMS,FCNCP
2024-03-13 00:00:00-04:00,20.66953606693742,20.96627204548871,20.638934262697774,20.95699882507324,24800,0.0,0.0,6010.0,13400.0,24.42,19.3,21.48784,21.883015,Banks - Regional,Financial Services,NMS,FCNCP
2024-03-14 00:00:00-04:00,20.713117415046,20.91990509271283,20.68807989781096,20.808629989624023,29900,0.0,0.0,6010.0,13400.0,24.42,19.3,21.48784,21.883015,Banks - Regional,Financial Services,NMS,FCNCP
2024-03-15 00:00:00-04:00,20.808633602735387,20.86427116394043,20.61389948548846,20.86427116394043,29100,0.0,0.0,6010.0,13400.0,24.42,19.3,21.48784,21.883015,Banks - Regional,Financial Services,NMS,FCNCP
2024-03-18 00:00:00-04:00,20.743717862470767,20.84571973885553,20.688078545876436,20.70662498474121,22600,0.0,0.0,6010.0,13400.0,24.42,19.3,21.48784,21.883015,Banks - Regional,Financial Services,NMS,FCNCP
2024-03-19 00:00:00-04:00,20.740010025474277,20.95699949906576,20.71961000111573,20.919906616210938,11400,0.0,0.0,6010.0,13400.0,24.42,19.3,21.48784,21.883015,Banks - Regional,Financial Services,NMS,FCNCP
2024-03-20 00:00:00-04:00,20.91990734235409,21.012637784023863,20.78081256419246,21.00336456298828,88500,0.0,0.0,6010.0,13400.0,24.42,19.3,21.48784,21.883015,Banks - Regional,Financial Services,NMS,FCNCP
2024-03-21 00:00:00-04:00,21.003363916864,21.25373557106441,21.003363916864,21.22591590881348,42700,0.0,0.0,6010.0,13400.0,24.42,19.3,21.48784,21.883015,Banks - Regional,Financial Services,NMS,FCNCP
2024-03-22 00:00:00-04:00,21.24075361260104,21.24075361260104,21.031183774022598,21.170278549194336,17200,0.0,0.0,6010.0,13400.0,24.42,19.3,21.48784,21.883015,Banks - Regional,Financial Services,NMS,FCNCP
2024-03-25 00:00:00-04:00,21.091460004786143,21.198099397338485,20.89209016737077,21.086822509765625,19900,0.0,0.0,6010.0,13400.0,24.42,19.3,21.48784,21.883015,Banks - Regional,Financial Services,NMS,FCNCP
2024-03-26 00:00:00-04:00,21.106292747506757,21.159149924856933,20.808629989624023,20.808629989624023,12600,0.0,0.0,6010.0,13400.0,24.42,19.3,21.48784,21.883015,Banks - Regional,Financial Services,NMS,FCNCP
2024-03-27 00:00:00-04:00,20.86427030611106,21.14245986938477,20.827177421041974,21.14245986938477,10300,0.0,0.0,6010.0,13400.0,24.42,19.3,21.48784,21.883015,Banks - Regional,Financial Services,NMS,FCNCP
2024-03-28 00:00:00-04:00,21.14245759859473,21.35573812746252,21.021909272439824,21.18882369995117,408300,0.0,0.0,6010.0,13400.0,24.42,19.3,21.48784,21.883015,Banks - Regional,Financial Services,NMS,FCNCP
2024-04-01 00:00:00-04:00,21.13318743453535,21.225916105525823,21.01263733235009,21.170278549194336,24600,0.0,0.0,6010.0,13400.0,24.42,19.3,21.48784,21.883015,Banks - Regional,Financial Services,NMS,FCNCP
2024-04-02 00:00:00-04:00,21.1146428423924,21.168425051793264,20.86427116394043,20.86427116394043,17300,0.0,0.0,6010.0,13400.0,24.42,19.3,21.48784,21.883015,Banks - Regional,Financial Services,NMS,FCNCP
2024-04-03 00:00:00-04:00,20.86426958547719,21.012637583256808,20.53044070613002,20.728883743286133,14400,0.0,0.0,6010.0,13400.0,24.42,19.3,21.48784,21.883015,Banks - Regional,Financial Services,NMS,FCNCP
2024-04-04 00:00:00-04:00,20.780813937789773,21.05900351250117,20.72517637658473,20.86427116394043,11900,0.0,0.0,6010.0,13400.0,24.42,19.3,21.48784,21.883015,Banks - Regional,Financial Services,NMS,FCNCP
2024-04-05 00:00:00-04:00,20.952357807071284,21.06827038974333,20.725170135498047,20.725170135498047,13100,0.0,0.0,6010.0,13400.0,24.42,19.3,21.48784,21.883015,Banks - Regional,Financial Services,NMS,FCNCP
2024-04-08 00:00:00-04:00,20.76226430959673,20.910632295841573,20.71589997715244,20.79471969604492,7800,0.0,0.0,6010.0,13400.0,24.42,19.3,21.48784,21.883015,Banks - Regional,Financial Services,NMS,FCNCP
2024-04-09 00:00:00-04:00,20.803993167602,20.803993167602,20.697353786743086,20.77153778076172,2400,0.0,0.0,6010.0,13400.0,24.42,19.3,21.48784,21.883015,Banks - Regional,Financial Services,NMS,FCNCP
2024-04-10 00:00:00-04:00,20.67880798631713,20.67880798631713,20.122428898293958,20.548986434936523,15900,0.0,0.0,6010.0,13400.0,24.42,19.3,21.48784,21.883015,Banks - Regional,Financial Services,NMS,FCNCP
2024-04-11 00:00:00-04:00,20.076061750239635,20.16879218297901,19.99260453764278,20.02969741821289,10700,0.0,0.0,6010.0,13400.0,24.42,19.3,21.48784,21.883015,Banks - Regional,Financial Services,NMS,FCNCP
2024-04-12 00:00:00-04:00,20.045462253904933,20.280069600622134,19.97406040244447,20.16879272460937,9100,0.0,0.0,6010.0,13400.0,24.42,19.3,21.48784,21.883015,Banks - Regional,Financial Services,NMS,FCNCP
2024-04-15 00:00:00-04:00,20.07606235192016,20.07606235192016,19.436224292396936,19.445497512817383,23700,0.0,0.0,6010.0,13400.0,24.42,19.3,21.48784,21.883015,Banks - Regional,Financial Services,NMS,FCNCP
2024-04-16 00:00:00-04:00,19.566046858398902,20.013006160863025,19.44549676624732,19.603137969970703,5800,0.0,0.0,6010.0,13400.0,24.42,19.3,21.48784,21.883015,Banks - Regional,Financial Services,NMS,FCNCP
2024-04-17 00:00:00-04:00,19.77932804964867,19.77932804964867,19.55677604675293,19.55677604675293,2100,0.0,0.0,6010.0,13400.0,24.42,19.3,21.48784,21.883015,Banks - Regional,Financial Services,NMS,FCNCP
2024-04-18 00:00:00-04:00,19.501136098404416,19.705141633887155,19.36203956604004,19.36203956604004,9100,0.0,0.0,6010.0,13400.0,24.42,19.3,21.48784,21.883015,Banks - Regional,Financial Services,NMS,FCNCP
2024-04-19 00:00:00-04:00,19.408405666390124,19.615193344762456,19.36203956604004,19.36203956604004,6300,0.0,0.0,6010.0,13400.0,24.42,19.3,21.48784,21.883015,Banks - Regional,Financial Services,NMS,FCNCP
2024-04-22 00:00:00-04:00,19.41768117719645,19.677324295043945,19.41768117719645,19.677324295043945,6000,0.0,0.0,6010.0,13400.0,24.42,19.3,21.48784,21.883015,Banks - Regional,Financial Services,NMS,FCNCP
2024-04-23 00:00:00-04:00,19.575320922655504,19.790453270158537,19.56604770219117,19.75150680541992,23900,0.0,0.0,6010.0,13400.0,24.42,19.3,21.48784,21.883015,Banks - Regional,Financial Services,NMS,FCNCP
2024-04-24 00:00:00-04:00,19.71441670123468,19.71441670123468,19.65877914428711,19.65877914428711,1400,0.0,0.0,6010.0,13400.0,24.42,19.3,21.48784,21.883015,Banks - Regional,Financial Services,NMS,FCNCP
2024-04-25 00:00:00-04:00,19.45477174423829,19.55677540547805,19.27858585315185,19.35276985168457,12700,0.0,0.0,6010.0,13400.0,24.42,19.3,21.48784,21.883015,Banks - Regional,Financial Services,NMS,FCNCP
2024-04-26 00:00:00-04:00,19.380586203135277,19.57532028921286,19.362039762806763,19.39449691772461,9400,0.0,0.0,6010.0,13400.0,24.42,19.3,21.48784,21.883015,Banks - Regional,Financial Services,NMS,FCNCP
2024-04-29 00:00:00-04:00,19.473318517903245,19.694016934293664,19.371314854925163,19.547502517700195,21900,0.0,0.0,6010.0,13400.0,24.42,19.3,21.48784,21.883015,Banks - Regional,Financial Services,NMS,FCNCP
2024-04-30 00:00:00-04:00,19.42695505347478,19.63096061990386,19.42695505347478,19.45477294921875,20600,0.0,0.0,6010.0,13400.0,24.42,19.3,21.48784,21.883015,Banks - Regional,Financial Services,NMS,FCNCP
2024-05-01 00:00:00-04:00,19.48258928717644,19.668048378986672,19.28785520678697,19.649503707885746,17000,0.0,0.0,6010.0,13400.0,24.42,19.3,21.48784,21.883015,Banks - Regional,Financial Services,NMS,FCNCP
2024-05-02 00:00:00-04:00,19.649504917684197,19.81641934867024,19.426952932598123,19.75150680541992,7900,0.0,0.0,6010.0,13400.0,24.42,19.3,21.48784,21.883015,Banks - Regional,Financial Services,NMS,FCNCP
2024-05-03 00:00:00-04:00,19.844235998660384,20.131698740308877,19.844235998660384,20.04360580444336,9400,0.0,0.0,6010.0,13400.0,24.42,19.3,21.48784,21.883015,Banks - Regional,Financial Services,NMS,FCNCP
2024-05-06 00:00:00-04:00,20.07606353958033,20.409892419721267,20.07606353958033,20.391345977783203,10600,0.0,0.0,6010.0,13400.0,24.42,19.3,21.48784,21.883015,Banks - Regional,Financial Services,NMS,FCNCP
2024-05-07 00:00:00-04:00,20.40061767743204,20.40061767743204,20.168792476552127,20.28006935119629,18100,0.0,0.0,6010.0,13400.0,24.42,19.3,21.48784,21.883015,Banks - Regional,Financial Services,NMS,FCNCP
2024-05-08 00:00:00-04:00,20.2707966951197,20.321798523722567,19.992605385109304,20.129846572875977,14200,0.0,0.0,6010.0,13400.0,24.42,19.3,21.48784,21.883015,Banks - Regional,Financial Services,NMS,FCNCP
2024-05-09 00:00:00-04:00,20.11315601180877,20.168793567798197,19.85351113604808,19.89060401916504,10800,0.0,0.0,6010.0,13400.0,24.42,19.3,21.48784,21.883015,Banks - Regional,Financial Services,NMS,FCNCP
2024-05-10 00:00:00-04:00,19.825691695339856,20.02042579650879,19.819200617590425,20.02042579650879,3700,0.0,0.0,6010.0,13400.0,24.42,19.3,21.48784,21.883015,Banks - Regional,Financial Services,NMS,FCNCP
2024-05-13 00:00:00-04:00,20.02042345635633,20.20588431496416,20.02042345635633,20.18733787536621,8100,0.0,0.0,6010.0,13400.0,24.42,19.3,21.48784,21.883015,Banks - Regional,Financial Services,NMS,FCNCP
2024-05-14 00:00:00-04:00,20.19661215474692,20.224430046917437,20.038970947265625,20.038970947265625,10200,0.0,0.0,6010.0,13400.0,24.42,19.3,21.48784,21.883015,Banks - Regional,Financial Services,NMS,FCNCP
2024-05-15 00:00:00-04:00,20.28841552431882,20.391345977783203,20.205886864460723,20.391345977783203,6000,0.0,0.0,6010.0,13400.0,24.42,19.3,21.48784,21.883015,Banks - Regional,Financial Services,NMS,FCNCP
2024-05-16 00:00:00-04:00,20.521167585729213,20.521167585729213,20.310670952128103,20.51189613342285,9300,0.0,0.0,6010.0,13400.0,24.42,19.3,21.48784,21.883015,Banks - Regional,Financial Services,NMS,FCNCP
2024-05-17 00:00:00-04:00,20.548985081526528,20.57680474156981,20.16879190436441,20.44698143005371,7200,0.0,0.0,6010.0,13400.0,24.42,19.3,21.48784,21.883015,Banks - Regional,Financial Services,NMS,FCNCP
2024-05-20 00:00:00-04:00,21.03674809844273,21.03674809844273,20.50262260437012,20.50262260437012,1200,0.0,0.0,6010.0,13400.0,24.42,19.3,21.48784,21.883015,Banks - Regional,Financial Services,NMS,FCNCP
2024-05-21 00:00:00-04:00,20.762266710059663,20.952363324957066,20.474803924560547,20.474803924560547,8700,0.0,0.0,6010.0,13400.0,24.42,19.3,21.48784,21.883015,Banks - Regional,Financial Services,NMS,FCNCP
2024-05-22 00:00:00-04:00,20.493347461652863,20.79657450349937,20.493347461652863,20.65562438964844,6600,0.0,0.0,6010.0,13400.0,24.42,19.3,21.48784,21.883015,Banks - Regional,Financial Services,NMS,FCNCP
2024-05-23 00:00:00-04:00,20.604622085472176,20.604622085472176,20.06678771972656,20.06678771972656,10700,0.0,0.0,6010.0,13400.0,24.42,19.3,21.48784,21.883015,Banks - Regional,Financial Services,NMS,FCNCP
2024-05-24 00:00:00-04:00,20.09460830688477,20.35425316632136,20.08533508668854,20.09460830688477,5400,0.0,0.0,6010.0,13400.0,24.42,19.3,21.48784,21.883015,Banks - Regional,Financial Services,NMS,FCNCP
2024-05-28 00:00:00-04:00,20.10388133465247,20.391344083240323,20.02969734247864,20.150245666503903,11300,0.0,0.0,6010.0,13400.0,24.42,19.3,21.48784,21.883015,Banks - Regional,Financial Services,NMS,FCNCP
2024-05-29 00:00:00-04:00,19.936968492303205,20.140974044799805,19.936968492303205,20.140974044799805,21600,0.0,0.0,6010.0,13400.0,24.42,19.3,21.48784,21.883015,Banks - Regional,Financial Services,NMS,FCNCP
2024-05-30 00:00:00-04:00,20.1595205395795,20.40061897608464,20.1595205395795,20.261524200439453,11700,0.0,0.0,6010.0,13400.0,24.42,19.3,21.48784,21.883015,Banks - Regional,Financial Services,NMS,FCNCP
2024-05-31 00:00:00-04:00,20.399023276262504,20.700393602629152,20.399023276262504,20.530872344970703,20300,0.336,0.0,6010.0,13400.0,24.42,19.3,21.48784,21.883015,Banks - Regional,Financial Services,NMS,FCNCP
2024-06-03 00:00:00-04:00,20.53087148155237,20.926420467351143,20.53087148155237,20.888750076293945,8100,0.0,0.0,6010.0,13400.0,24.42,19.3,21.48784,21.883015,Banks - Regional,Financial Services,NMS,FCNCP
2024-06-04 00:00:00-04:00,20.88874994446404,21.180702209472656,20.88874994446404,21.180702209472656,7800,0.0,0.0,6010.0,13400.0,24.42,19.3,21.48784,21.883015,Banks - Regional,Financial Services,NMS,FCNCP
2024-06-05 00:00:00-04:00,21.170344621800872,21.23721042420009,20.935840087854675,21.13361549377441,6700,0.0,0.0,6010.0,13400.0,24.42,19.3,21.48784,21.883015,Banks - Regional,Financial Services,NMS,FCNCP
2024-06-06 00:00:00-04:00,21.237212958776706,21.263582776538613,21.09594582129373,21.19012451171875,4000,0.0,0.0,6010.0,13400.0,24.42,19.3,21.48784,21.883015,Banks - Regional,Financial Services,NMS,FCNCP
2024-06-07 00:00:00-04:00,20.968804858666328,21.19012451171875,20.968804858666328,21.19012451171875,2300,0.0,0.0,6010.0,13400.0,24.42,19.3,21.48784,21.883015,Banks - Regional,Financial Services,NMS,FCNCP
2024-06-10 00:00:00-04:00,21.117605928543203,21.117605928543203,20.75690349332753,20.860498428344727,7800,0.0,0.0,6010.0,13400.0,24.42,19.3,21.48784,21.883015,Banks - Regional,Financial Services,NMS,FCNCP
2024-06-11 00:00:00-04:00,20.85107950081662,20.935840132633672,20.690976284752068,20.84166145324707,5200,0.0,0.0,6010.0,13400.0,24.42,19.3,21.48784,21.883015,Banks - Regional,Financial Services,NMS,FCNCP
2024-06-12 00:00:00-04:00,20.879332391514968,20.89816848552458,20.59679816660597,20.728647232055664,4300,0.0,0.0,6010.0,13400.0,24.42,19.3,21.48784,21.883015,Banks - Regional,Financial Services,NMS,FCNCP
2024-06-13 00:00:00-04:00,20.577962812810974,20.719229930347023,20.474366088340407,20.597740173339844,8600,0.0,0.0,6010.0,13400.0,24.42,19.3,21.48784,21.883015,Banks - Regional,Financial Services,NMS,FCNCP
2024-06-14 00:00:00-04:00,20.5685441314112,20.65330475858173,20.521455692453703,20.60621452331543,11700,0.0,0.0,6010.0,13400.0,24.42,19.3,21.48784,21.883015,Banks - Regional,Financial Services,NMS,FCNCP
2024-06-17 00:00:00-04:00,20.62505290769006,20.62505290769006,20.32368255375591,20.44611358642578,20300,0.0,0.0,6010.0,13400.0,24.42,19.3,21.48784,21.883015,Banks - Regional,Financial Services,NMS,FCNCP
2024-06-18 00:00:00-04:00,20.550649705276932,20.753133230112432,20.48378390509173,20.530872344970703,24000,0.0,0.0,6010.0,13400.0,24.42,19.3,21.48784,21.883015,Banks - Regional,Financial Services,NMS,FCNCP
2024-06-20 00:00:00-04:00,20.690974479851988,20.690974479851988,20.46494674682617,20.46494674682617,17400,0.0,0.0,6010.0,13400.0,24.42,19.3,21.48784,21.883015,Banks - Regional,Financial Services,NMS,FCNCP
2024-06-21 00:00:00-04:00,20.53087092152725,20.690974120847883,20.46494639174382,20.625049591064453,9000,0.0,0.0,6010.0,13400.0,24.42,19.3,21.48784,21.883015,Banks - Regional,Financial Services,NMS,FCNCP
2024-06-24 00:00:00-04:00,20.63917990794458,20.77573710819032,20.6250519383055,20.634469985961918,14600,0.0,0.0,6010.0,13400.0,24.42,19.3,21.48784,21.883015,Banks - Regional,Financial Services,NMS,FCNCP
2024-06-25 00:00:00-04:00,20.634468263617432,20.766317327184076,20.62505021674713,20.68155670166016,15400,0.0,0.0,6010.0,13400.0,24.42,19.3,21.48784,21.883015,Banks - Regional,Financial Services,NMS,FCNCP
2024-06-26 00:00:00-04:00,20.56854464395516,20.785154342651367,20.530872454803376,20.785154342651367,19100,0.0,0.0,6010.0,13400.0,24.42,19.3,21.48784,21.883015,Banks - Regional,Financial Services,NMS,FCNCP
2024-06-27 00:00:00-04:00,20.785155122170533,20.785155122170533,20.483784782889177,20.54970932006836,14200,0.0,0.0,6010.0,13400.0,24.42,19.3,21.48784,21.883015,Banks - Regional,Financial Services,NMS,FCNCP
2024-06-28 00:00:00-04:00,20.4931997686167,20.54311379697909,20.31426048278809,20.31426048278809,9200,0.0,0.0,6010.0,13400.0,24.42,19.3,21.48784,21.883015,Banks - Regional,Financial Services,NMS,FCNCP
2024-07-01 00:00:00-04:00,20.34251594543457,20.361352039128462,20.2012488353479,20.34251594543457,10400,0.0,0.0,6010.0,13400.0,24.42,19.3,21.48784,21.883015,Banks - Regional,Financial Services,NMS,FCNCP
2024-07-02 00:00:00-04:00,20.32368029183074,20.49320154612907,20.182413178685067,20.3519344329834,13600,0.0,0.0,6010.0,13400.0,24.42,19.3,21.48784,21.883015,Banks - Regional,Financial Services,NMS,FCNCP
2024-07-03 00:00:00-04:00,20.408443506919973,20.58549850278736,20.408443506919973,20.577964782714844,3700,0.0,0.0,6010.0,13400.0,24.42,19.3,21.48784,21.883015,Banks - Regional,Financial Services,NMS,FCNCP
2024-07-05 00:00:00-04:00,20.53087288948123,20.794572830200195,20.53087288948123,20.794572830200195,4900,0.0,0.0,6010.0,13400.0,24.42,19.3,21.48784,21.883015,Banks - Regional,Financial Services,NMS,FCNCP
2024-07-08 00:00:00-04:00,20.78515478271285,20.794572830200195,20.6721418054825,20.794572830200195,1600,0.0,0.0,6010.0,13400.0,24.42,19.3,21.48784,21.883015,Banks - Regional,Financial Services,NMS,FCNCP
2024-07-09 00:00:00-04:00,20.719230504284265,20.898169816151395,20.719230504284265,20.75690269470215,16300,0.0,0.0,6010.0,13400.0,24.42,19.3,21.48784,21.883015,Banks - Regional,Financial Services,NMS,FCNCP
2024-07-10 00:00:00-04:00,20.67214311611339,20.82282829284668,20.67214311611339,20.82282829284668,1400,0.0,0.0,6010.0,13400.0,24.42,19.3,21.48784,21.883015,Banks - Regional,Financial Services,NMS,FCNCP
2024-07-11 00:00:00-04:00,20.907585728423257,21.42556571960449,20.907585728423257,21.42556571960449,16900,0.0,0.0,6010.0,13400.0,24.42,19.3,21.48784,21.883015,Banks - Regional,Financial Services,NMS,FCNCP
2024-07-12 00:00:00-04:00,21.3163213239147,21.63275909423828,21.3163213239147,21.63275909423828,11200,0.0,0.0,6010.0,13400.0,24.42,19.3,21.48784,21.883015,Banks - Regional,Financial Services,NMS,FCNCP
2024-07-15 00:00:00-04:00,21.623342364992308,21.66101455688477,21.52257302392884,21.66101455688477,8700,0.0,0.0,6010.0,13400.0,24.42,19.3,21.48784,21.883015,Banks - Regional,Financial Services,NMS,FCNCP
2024-07-16 00:00:00-04:00,21.661012761940764,22.018889573718685,21.661012761940764,21.9152946472168,9900,0.0,0.0,6010.0,13400.0,24.42,19.3,21.48784,21.883015,Banks - Regional,Financial Services,NMS,FCNCP
2024-07-17 00:00:00-04:00,21.9152946472168,22.30142560057277,21.779676923212715,21.9152946472168,6900,0.0,0.0,6010.0,13400.0,24.42,19.3,21.48784,21.883015,Banks - Regional,Financial Services,NMS,FCNCP
2024-07-18 00:00:00-04:00,22.03772691413846,22.03772691413846,21.731648446459925,21.83901023864746,10800,0.0,0.0,6010.0,13400.0,24.42,19.3,21.48784,21.883015,Banks - Regional,Financial Services,NMS,FCNCP
2024-07-19 00:00:00-04:00,21.66101301683989,21.670431064143404,21.50090980529785,21.50090980529785,3100,0.0,0.0,6010.0,13400.0,24.42,19.3,21.48784,21.883015,Banks - Regional,Financial Services,NMS,FCNCP
2024-07-22 00:00:00-04:00,21.741063985195574,21.741063985195574,21.274882314088263,21.463239669799805,22200,0.0,0.0,6010.0,13400.0,24.42,19.3,21.48784,21.883015,Banks - Regional,Financial Services,NMS,FCNCP
2024-07-23 00:00:00-04:00,21.58567107961145,21.70810210559717,20.926422119140625,20.926422119140625,25600,0.0,0.0,6010.0,13400.0,24.42,19.3,21.48784,21.883015,Banks - Regional,Financial Services,NMS,FCNCP
2024-07-24 00:00:00-04:00,20.80399110243803,20.80399110243803,20.672142028808597,20.672142028808597,2900,0.0,0.0,6010.0,13400.0,24.42,19.3,21.48784,21.883015,Banks - Regional,Financial Services,NMS,FCNCP
2024-07-25 00:00:00-04:00,20.917003819753223,20.917003819753223,20.70981216430664,20.70981216430664,15900,0.0,0.0,6010.0,13400.0,24.42,19.3,21.48784,21.883015,Banks - Regional,Financial Services,NMS,FCNCP
2024-07-26 00:00:00-04:00,20.71922933042164,20.808698083131837,20.690975189208984,20.690975189208984,11900,0.0,0.0,6010.0,13400.0,24.42,19.3,21.48784,21.883015,Banks - Regional,Financial Services,NMS,FCNCP
2024-07-29 00:00:00-04:00,20.69097515048596,20.810582372122663,20.60621452331543,20.60621452331543,9800,0.0,0.0,6010.0,13400.0,24.42,19.3,21.48784,21.883015,Banks - Regional,Financial Services,NMS,FCNCP
2024-07-30 00:00:00-04:00,20.728647415969515,20.792687621338075,20.6787333830791,20.77573585510254,14800,0.0,0.0,6010.0,13400.0,24.42,19.3,21.48784,21.883015,Banks - Regional,Financial Services,NMS,FCNCP
2024-07-31 00:00:00-04:00,20.67214220980664,21.020600992109397,20.547826854636448,20.71923065185547,21800,0.0,0.0,6010.0,13400.0,24.42,19.3,21.48784,21.883015,Banks - Regional,Financial Services,NMS,FCNCP
2024-08-01 00:00:00-04:00,20.813408778205197,21.16657747309677,20.813408778205197,20.832244873046875,19800,0.0,0.0,6010.0,13400.0,24.42,19.3,21.48784,21.883015,Banks - Regional,Financial Services,NMS,FCNCP
2024-08-02 00:00:00-04:00,20.99234968974725,21.270174026489254,20.7333578566674,21.270174026489254,12300,0.0,0.0,6010.0,13400.0,24.42,19.3,21.48784,21.883015,Banks - Regional,Financial Services,NMS,FCNCP
2024-08-05 00:00:00-04:00,20.992348046391413,21.077106880398947,20.56854489480939,21.00176429748535,4200,0.0,0.0,6010.0,13400.0,24.42,19.3,21.48784,21.883015,Banks - Regional,Financial Services,NMS,FCNCP
2024-08-06 00:00:00-04:00,20.9546746719725,20.9546746719725,20.66272240422833,20.68155670166016,33700,0.0,0.0,6010.0,13400.0,24.42,19.3,21.48784,21.883015,Banks - Regional,Financial Services,NMS,FCNCP
2024-08-07 00:00:00-04:00,20.794571191473334,21.039435017921,20.794571191473334,21.011180877685547,12000,0.0,0.0,6010.0,13400.0,24.42,19.3,21.48784,21.883015,Banks - Regional,Financial Services,NMS,FCNCP
2024-08-08 00:00:00-04:00,20.968799242737727,21.29371554786849,20.968799242737727,21.274879455566406,5400,0.0,0.0,6010.0,13400.0,24.42,19.3,21.48784,21.883015,Banks - Regional,Financial Services,NMS,FCNCP
2024-08-09 00:00:00-04:00,20.917003120999688,21.376594122188337,20.917003120999688,21.11477851867676,2700,0.0,0.0,6010.0,13400.0,24.42,19.3,21.48784,21.883015,Banks - Regional,Financial Services,NMS,FCNCP
2024-08-12 00:00:00-04:00,21.11477759557345,21.271113938187195,21.011180877685547,21.011180877685547,2200,0.0,0.0,6010.0,13400.0,24.42,19.3,21.48784,21.883015,Banks - Regional,Financial Services,NMS,FCNCP
2024-08-13 00:00:00-04:00,21.180706463045336,21.19012451171875,21.106305135941756,21.19012451171875,6100,0.0,0.0,6010.0,13400.0,24.42,19.3,21.48784,21.883015,Banks - Regional,Financial Services,NMS,FCNCP
2024-08-14 00:00:00-04:00,21.190121166868483,21.48207344442331,21.18164438550773,21.242860794067383,12100,0.0,0.0,6010.0,13400.0,24.42,19.3,21.48784,21.883015,Banks - Regional,Financial Services,NMS,FCNCP
2024-08-15 00:00:00-04:00,21.19953892813813,21.357757807600937,21.124196347968876,21.23720932006836,6500,0.0,0.0,6010.0,13400.0,24.42,19.3,21.48784,21.883015,Banks - Regional,Financial Services,NMS,FCNCP
2024-08-16 00:00:00-04:00,21.19012052143488,21.46323849260603,21.19012052143488,21.39731216430664,9700,0.0,0.0,6010.0,13400.0,24.42,19.3,21.48784,21.883015,Banks - Regional,Financial Services,NMS,FCNCP
2024-08-19 00:00:00-04:00,21.482072869988087,21.642176075264477,21.434984431622176,21.56683349609375,18800,0.0,0.0,6010.0,13400.0,24.42,19.3,21.48784,21.883015,Banks - Regional,Financial Services,NMS,FCNCP
2024-08-20 00:00:00-04:00,21.608274201016076,21.67984992616548,21.55930143098273,21.645944595336918,9100,0.0,0.0,6010.0,13400.0,24.42,19.3,21.48784,21.883015,Banks - Regional,Financial Services,NMS,FCNCP
2024-08-21 00:00:00-04:00,21.661012504060565,21.70810094315457,21.585669923724883,21.69868469238281,14300,0.0,0.0,6010.0,13400.0,24.42,19.3,21.48784,21.883015,Banks - Regional,Financial Services,NMS,FCNCP
2024-08-22 00:00:00-04:00,21.74577510213946,21.91529637233444,21.613926023680683,21.637470245361328,21600,0.0,0.0,6010.0,13400.0,24.42,19.3,21.48784,21.883015,Banks - Regional,Financial Services,NMS,FCNCP
2024-08-23 00:00:00-04:00,21.694916770024538,21.765551227362547,21.58943751325001,21.63275909423828,18200,0.0,0.0,6010.0,13400.0,24.42,19.3,21.48784,21.883015,Banks - Regional,Financial Services,NMS,FCNCP
2024-08-26 00:00:00-04:00,21.745773131476813,21.88704024506762,21.69868469238281,21.69868469238281,7700,0.0,0.0,6010.0,13400.0,24.42,19.3,21.48784,21.883015,Banks - Regional,Financial Services,NMS,FCNCP
2024-08-27 00:00:00-04:00,21.74106350231727,21.74106350231727,21.613924355791,21.623340606689453,5100,0.0,0.0,6010.0,13400.0,24.42,19.3,21.48784,21.883015,Banks - Regional,Financial Services,NMS,FCNCP
2024-08-28 00:00:00-04:00,21.661011139431928,21.764607854482776,21.51032598825362,21.585668563842773,27600,0.0,0.0,6010.0,13400.0,24.42,19.3,21.48784,21.883015,Banks - Regional,Financial Services,NMS,FCNCP
2024-08-29 00:00:00-04:00,21.703393845295462,21.703393845295462,21.59508899320463,21.67984962463379,5600,0.0,0.0,6010.0,13400.0,24.42,19.3,21.48784,21.883015,Banks - Regional,Financial Services,NMS,FCNCP
2024-08-30 00:00:00-04:00,21.59000973802237,21.742926880137304,21.24594525680572,21.37019157409668,89600,0.336,0.0,6010.0,13400.0,24.42,19.3,21.48784,21.883015,Banks - Regional,Financial Services,NMS,FCNCP
2024-09-03 00:00:00-04:00,21.503995440887845,21.503995440887845,21.23638950804027,21.255504608154297,31400,0.0,0.0,6010.0,13400.0,24.42,19.3,21.48784,21.883015,Banks - Regional,Financial Services,NMS,FCNCP
2024-09-04 00:00:00-04:00,21.341520735751157,21.532668091058888,21.255504608154297,21.255504608154297,45400,0.0,0.0,6010.0,13400.0,24.42,19.3,21.48784,21.883015,Banks - Regional,Financial Services,NMS,FCNCP
2024-09-05 00:00:00-04:00,21.408417718101653,21.503991377696824,21.398860169850543,21.465761184692383,18300,0.0,0.0,6010.0,13400.0,24.42,19.3,21.48784,21.883015,Banks - Regional,Financial Services,NMS,FCNCP
2024-09-06 00:00:00-04:00,21.53266566931436,21.645442195220543,21.28417486452818,21.4466495513916,17900,0.0,0.0,6010.0,13400.0,24.42,19.3,21.48784,21.883015,Banks - Regional,Financial Services,NMS,FCNCP
2024-09-09 00:00:00-04:00,21.351076014913147,21.752483960032723,21.351076014913147,21.676025390625,7900,0.0,0.0,6010.0,13400.0,24.42,19.3,21.48784,21.883015,Banks - Regional,Financial Services,NMS,FCNCP
2024-09-10 00:00:00-04:00,21.66359963030797,21.7429256439209,21.59000851050023,21.7429256439209,6600,0.0,0.0,6010.0,13400.0,24.42,19.3,21.48784,21.883015,Banks - Regional,Financial Services,NMS,FCNCP
2024-09-11 00:00:00-04:00,21.68558328942842,21.84805797990487,21.66933563808916,21.695140838623047,19900,0.0,0.0,6010.0,13400.0,24.42,19.3,21.48784,21.883015,Banks - Regional,Financial Services,NMS,FCNCP
2024-09-12 00:00:00-04:00,21.819384412819048,21.924515626613456,21.762040942983933,21.867170333862305,15300,0.0,0.0,6010.0,13400.0,24.42,19.3,21.48784,21.883015,Banks - Regional,Financial Services,NMS,FCNCP
2024-09-13 00:00:00-04:00,21.81938469649436,21.991416931152344,21.78306673977954,21.991416931152344,19500,0.0,0.0,6010.0,13400.0,24.42,19.3,21.48784,21.883015,Banks - Regional,Financial Services,NMS,FCNCP
2024-09-16 00:00:00-04:00,21.991417108583093,22.29725138470212,21.962744461603407,22.225570678710938,25400,0.0,0.0,6010.0,13400.0,24.42,19.3,21.48784,21.883015,Banks - Regional,Financial Services,NMS,FCNCP
2024-09-17 00:00:00-04:00,22.36415165332763,22.36415165332763,22.03920229014009,22.18256187438965,18900,0.0,0.0,6010.0,13400.0,24.42,19.3,21.48784,21.883015,Banks - Regional,Financial Services,NMS,FCNCP
2024-09-18 00:00:00-04:00,22.21123378537989,22.31636499437798,22.02964401245117,22.02964401245117,7700,0.0,0.0,6010.0,13400.0,24.42,19.3,21.48784,21.883015,Banks - Regional,Financial Services,NMS,FCNCP
2024-09-19 00:00:00-04:00,22.23035110869592,22.440611724835968,22.0774339655184,22.268579483032227,14800,0.0,0.0,6010.0,13400.0,24.42,19.3,21.48784,21.883015,Banks - Regional,Financial Services,NMS,FCNCP
2024-09-20 00:00:00-04:00,22.37370969125053,22.440610710502195,22.282915711254137,22.431053161621094,10700,0.0,0.0,6010.0,13400.0,24.42,19.3,21.48784,21.883015,Banks - Regional,Financial Services,NMS,FCNCP
2024-09-23 00:00:00-04:00,22.44061235414754,22.45016990372868,22.220794182529925,22.411941528320312,31000,0.0,0.0,6010.0,13400.0,24.42,19.3,21.48784,21.883015,Banks - Regional,Financial Services,NMS,FCNCP
2024-09-24 00:00:00-04:00,22.44060932968352,22.45972442626953,22.35937290356688,22.45972442626953,20700,0.0,0.0,6010.0,13400.0,24.42,19.3,21.48784,21.883015,Banks - Regional,Financial Services,NMS,FCNCP
2024-09-25 00:00:00-04:00,22.459727296094428,22.536185869292147,22.354596074354003,22.517070770263672,22200,0.0,0.0,6010.0,13400.0,24.42,19.3,21.48784,21.883015,Banks - Regional,Financial Services,NMS,FCNCP
2024-09-26 00:00:00-04:00,22.63175732321909,22.79423200320347,22.50751101462846,22.7177734375,18400,0.0,0.0,6010.0,13400.0,24.42,19.3,21.48784,21.883015,Banks - Regional,Financial Services,NMS,FCNCP
2024-09-27 00:00:00-04:00,22.69865854332989,22.975821985806032,22.69865854332989,22.842018127441406,23800,0.0,0.0,6010.0,13400.0,24.42,19.3,21.48784,21.883015,Banks - Regional,Financial Services,NMS,FCNCP
2024-09-30 00:00:00-04:00,22.822905165952683,22.842020265067337,22.59352944532538,22.631759643554688,11100,0.0,0.0,6010.0,13400.0,24.42,19.3,21.48784,21.883015,Banks - Regional,Financial Services,NMS,FCNCP
2024-10-01 00:00:00-04:00,22.583971912732824,22.74644660949707,22.583971912732824,22.74644660949707,8500,0.0,0.0,6010.0,13400.0,24.42,19.3,21.48784,21.883015,Banks - Regional,Financial Services,NMS,FCNCP
2024-10-02 00:00:00-04:00,22.794234092104613,22.90892103971192,22.66043022267453,22.727333068847656,8200,0.0,0.0,6010.0,13400.0,24.42,19.3,21.48784,21.883015,Banks - Regional,Financial Services,NMS,FCNCP
2024-10-03 00:00:00-04:00,22.79423220704291,22.918476693828616,22.79423220704291,22.842018127441406,8700,0.0,0.0,6010.0,13400.0,24.42,19.3,21.48784,21.883015,Banks - Regional,Financial Services,NMS,FCNCP
2024-10-04 00:00:00-04:00,22.6508723979046,22.73688851210017,22.612642203632785,22.653738021850582,6100,0.0,0.0,6010.0,13400.0,24.42,19.3,21.48784,21.883015,Banks - Regional,Financial Services,NMS,FCNCP
2024-10-07 00:00:00-04:00,22.643227030691985,22.643227030691985,22.268579483032227,22.268579483032227,12400,0.0,0.0,6010.0,13400.0,24.42,19.3,21.48784,21.883015,Banks - Regional,Financial Services,NMS,FCNCP
2024-10-08 00:00:00-04:00,22.383266562326053,22.622199808370134,22.26857780214185,22.45685768127441,13700,0.0,0.0,6010.0,13400.0,24.42,19.3,21.48784,21.883015,Banks - Regional,Financial Services,NMS,FCNCP
2024-10-09 00:00:00-04:00,22.469285193542284,22.65087499129232,22.45972764388005,22.53618621826172,10400,0.0,0.0,6010.0,13400.0,24.42,19.3,21.48784,21.883015,Banks - Regional,Financial Services,NMS,FCNCP
2024-10-10 00:00:00-04:00,22.637493221993434,22.637493221993434,22.555299758911133,22.555299758911133,4700,0.0,0.0,6010.0,13400.0,24.42,19.3,21.48784,21.883015,Banks - Regional,Financial Services,NMS,FCNCP
2024-10-11 00:00:00-04:00,22.61168951057258,22.717775941685225,22.55052155751765,22.64131736755371,9000,0.0,0.0,6010.0,13400.0,24.42,19.3,21.48784,21.883015,Banks - Regional,Financial Services,NMS,FCNCP
2024-10-14 00:00:00-04:00,22.55530108695549,22.82290518309694,22.55530108695549,22.74644660949707,6800,0.0,0.0,6010.0,13400.0,24.42,19.3,21.48784,21.883015,Banks - Regional,Financial Services,NMS,FCNCP
2024-10-15 00:00:00-04:00,22.889807012722592,23.28165741287085,22.784675795101705,22.908920288085938,26700,0.0,0.0,6010.0,13400.0,24.42,19.3,21.48784,21.883015,Banks - Regional,Financial Services,NMS,FCNCP
2024-10-16 00:00:00-04:00,22.93759519764785,23.300772986194108,22.928037647565542,23.08382225036621,19800,0.0,0.0,6010.0,13400.0,24.42,19.3,21.48784,21.883015,Banks - Regional,Financial Services,NMS,FCNCP
2024-10-17 00:00:00-04:00,23.128739408203305,23.300769817541717,22.95670717594886,22.966264724731445,8700,0.0,0.0,6010.0,13400.0,24.42,19.3,21.48784,21.883015,Banks - Regional,Financial Services,NMS,FCNCP
2024-10-18 00:00:00-04:00,22.880248322093017,22.94810454780881,22.842018127441406,22.842018127441406,2000,0.0,0.0,6010.0,13400.0,24.42,19.3,21.48784,21.883015,Banks - Regional,Financial Services,NMS,FCNCP
2024-10-21 00:00:00-04:00,22.803792081684943,22.937594130781317,22.55530125985153,22.756004333496094,14800,0.0,0.0,6010.0,13400.0,24.42,19.3,21.48784,21.883015,Banks - Regional,Financial Services,NMS,FCNCP
2024-10-22 00:00:00-04:00,22.622201325904157,22.81334866472829,22.622201325904157,22.698659896850582,8300,0.0,0.0,6010.0,13400.0,24.42,19.3,21.48784,21.883015,Banks - Regional,Financial Services,NMS,FCNCP
2024-10-23 00:00:00-04:00,22.74644798521193,22.937595342230367,22.55530245110979,22.60308837890625,5300,0.0,0.0,6010.0,13400.0,24.42,19.3,21.48784,21.883015,Banks - Regional,Financial Services,NMS,FCNCP
2024-10-24 00:00:00-04:00,22.810479635231893,22.85157545345756,22.230349379749704,22.278135299682617,8700,0.0,0.0,6010.0,13400.0,24.42,19.3,21.48784,21.883015,Banks - Regional,Financial Services,NMS,FCNCP
2024-10-25 00:00:00-04:00,22.66042848446718,22.66042848446718,22.297250747680664,22.297250747680664,7200,0.0,0.0,6010.0,13400.0,24.42,19.3,21.48784,21.883015,Banks - Regional,Financial Services,NMS,FCNCP
2024-10-28 00:00:00-04:00,22.51706938812937,22.555299583839687,22.415762650745958,22.54574203491211,7500,0.0,0.0,6010.0,13400.0,24.42,19.3,21.48784,21.883015,Banks - Regional,Financial Services,NMS,FCNCP
2024-10-29 00:00:00-04:00,22.20167750049699,22.7464450273693,22.20167750049699,22.6508731842041,7900,0.0,0.0,6010.0,13400.0,24.42,19.3,21.48784,21.883015,Banks - Regional,Financial Services,NMS,FCNCP
2024-10-30 00:00:00-04:00,22.94714978820057,23.339000176456192,22.732109496373443,23.310327529907227,7200,0.0,0.0,6010.0,13400.0,24.42,19.3,21.48784,21.883015,Banks - Regional,Financial Services,NMS,FCNCP
2024-10-31 00:00:00-04:00,22.756002863068545,22.937592648619955,22.23035042737077,22.33548164367676,54700,0.0,0.0,6010.0,13400.0,24.42,19.3,21.48784,21.883015,Banks - Regional,Financial Services,NMS,FCNCP
2024-11-01 00:00:00-04:00,22.440612023099803,22.69388252597321,22.215058960477663,22.50751304626465,14700,0.0,0.0,6010.0,13400.0,24.42,19.3,21.48784,21.883015,Banks - Regional,Financial Services,NMS,FCNCP
2024-11-04 00:00:00-05:00,22.73688902269753,22.966264724731445,22.271445693857466,22.966264724731445,14000,0.0,0.0,6010.0,13400.0,24.42,19.3,21.48784,21.883015,Banks - Regional,Financial Services,NMS,FCNCP
2024-11-05 00:00:00-05:00,22.71777505157637,23.033166885375977,22.65087402969708,23.033166885375977,12100,0.0,0.0,6010.0,13400.0,24.42,19.3,21.48784,21.883015,Banks - Regional,Financial Services,NMS,FCNCP
2024-11-06 00:00:00-05:00,22.908921465555917,22.908921465555917,22.136690413702475,22.64131736755371,8700,0.0,0.0,6010.0,13400.0,24.42,19.3,21.48784,21.883015,Banks - Regional,Financial Services,NMS,FCNCP
2024-11-07 00:00:00-05:00,22.41193888830704,22.955749358961032,22.373708694485813,22.59352684020996,12600,0.0,0.0,6010.0,13400.0,24.42,19.3,21.48784,21.883015,Banks - Regional,Financial Services,NMS,FCNCP
2024-11-08 00:00:00-05:00,22.765559324422306,22.93759155273437,22.669985661702714,22.93759155273437,8600,0.0,0.0,6010.0,13400.0,24.42,19.3,21.48784,21.883015,Banks - Regional,Financial Services,NMS,FCNCP
2024-11-11 00:00:00-05:00,22.91847732850736,22.91847732850736,22.51706938812937,22.54574203491211,3300,0.0,0.0,6010.0,13400.0,24.42,19.3,21.48784,21.883015,Banks - Regional,Financial Services,NMS,FCNCP
2024-11-12 00:00:00-05:00,22.6470489498029,22.87069158604581,22.11566162109375,22.11566162109375,8300,0.0,0.0,6010.0,13400.0,24.42,19.3,21.48784,21.883015,Banks - Regional,Financial Services,NMS,FCNCP
2024-11-13 00:00:00-05:00,21.828940965726765,22.09176716530604,21.828940965726765,22.02964401245117,8200,0.0,0.0,6010.0,13400.0,24.42,19.3,21.48784,21.883015,Banks - Regional,Financial Services,NMS,FCNCP
2024-11-14 00:00:00-05:00,22.067878015465485,22.23991026973641,21.78115880695812,21.91496086120605,17700,0.0,0.0,6010.0,13400.0,24.42,19.3,21.48784,21.883015,Banks - Regional,Financial Services,NMS,FCNCP
2024-11-15 00:00:00-05:00,22.043025574141065,22.115661487789307,21.819384762162247,21.88628578186035,6300,0.0,0.0,6010.0,13400.0,24.42,19.3,21.48784,21.883015,Banks - Regional,Financial Services,NMS,FCNCP
2024-11-18 00:00:00-05:00,21.98472756138528,22.11566215777302,21.70469665527344,21.70469665527344,13200,0.0,0.0,6010.0,13400.0,24.42,19.3,21.48784,21.883015,Banks - Regional,Financial Services,NMS,FCNCP
2024-11-19 00:00:00-05:00,21.752485509149263,21.9531885845442,21.52310978459096,21.542224884033203,10300,0.0,0.0,6010.0,13400.0,24.42,19.3,21.48784,21.883015,Banks - Regional,Financial Services,NMS,FCNCP
2024-11-20 00:00:00-05:00,21.479144502470547,21.479144502470547,21.29373206566216,21.427534103393555,12400,0.0,0.0,6010.0,13400.0,24.42,19.3,21.48784,21.883015,Banks - Regional,Financial Services,NMS,FCNCP
2024-11-21 00:00:00-05:00,21.427535054346603,21.924516677856445,21.427535054346603,21.924516677856445,30200,0.0,0.0,6010.0,13400.0,24.42,19.3,21.48784,21.883015,Banks - Regional,Financial Services,NMS,FCNCP
2024-11-22 00:00:00-05:00,21.876729471904763,22.0678768157959,21.876729471904763,22.0678768157959,8400,0.0,0.0,6010.0,13400.0,24.42,19.3,21.48784,21.883015,Banks - Regional,Financial Services,NMS,FCNCP
2024-11-25 00:00:00-05:00,22.28769340016377,22.615510214852648,22.02964505113758,22.42149543762207,32300,0.0,0.0,6010.0,13400.0,24.42,19.3,21.48784,21.883015,Banks - Regional,Financial Services,NMS,FCNCP
2024-11-26 00:00:00-05:00,22.45972407455816,22.698657309393887,22.402380608614045,22.440608978271484,29700,0.0,0.0,6010.0,13400.0,24.42,19.3,21.48784,21.883015,Banks - Regional,Financial Services,NMS,FCNCP
2024-11-27 00:00:00-05:00,22.679544670808085,22.698659769166195,22.469284057617188,22.469284057617188,10300,0.0,0.0,6010.0,13400.0,24.42,19.3,21.48784,21.883015,Banks - Regional,Financial Services,NMS,FCNCP
2024-11-29 00:00:00-05:00,22.46540405002171,23.17320442199707,22.34905241727061,23.17320442199707,34700,0.336,0.0,6010.0,13400.0,24.42,19.3,21.48784,21.883015,Banks - Regional,Financial Services,NMS,FCNCP
2024-12-02 00:00:00-05:00,23.07624550679893,23.07624550679893,22.455708384397205,22.68840980529785,6700,0.0,0.0,6010.0,13400.0,24.42,19.3,21.48784,21.883015,Banks - Regional,Financial Services,NMS,FCNCP
2024-12-03 00:00:00-05:00,22.58175490743991,22.58175490743991,22.32966125292341,22.339357376098636,7900,0.0,0.0,6010.0,13400.0,24.42,19.3,21.48784,21.883015,Banks - Regional,Financial Services,NMS,FCNCP
2024-12-04 00:00:00-05:00,22.455709531087283,22.8144587291367,22.455709531087283,22.52358055114746,10400,0.0,0.0,6010.0,13400.0,24.42,19.3,21.48784,21.883015,Banks - Regional,Financial Services,NMS,FCNCP
2024-12-05 00:00:00-05:00,22.68841104460722,22.88232983062344,22.67677680513262,22.7805233001709,15200,0.0,0.0,6010.0,13400.0,24.42,19.3,21.48784,21.883015,Banks - Regional,Financial Services,NMS,FCNCP
2024-12-06 00:00:00-05:00,22.78536927345036,22.78536927345036,22.42662009245378,22.533275604248047,11300,0.0,0.0,6010.0,13400.0,24.42,19.3,21.48784,21.883015,Banks - Regional,Financial Services,NMS,FCNCP
2024-12-09 00:00:00-05:00,22.31027152702287,22.68841112684384,22.31027152702287,22.436317443847656,8500,0.0,0.0,6010.0,13400.0,24.42,19.3,21.48784,21.883015,Banks - Regional,Financial Services,NMS,FCNCP
2024-12-10 00:00:00-05:00,22.61859845302456,22.630234541019203,22.174527830402457,22.19391822814941,16000,0.0,0.0,6010.0,13400.0,24.42,19.3,21.48784,21.883015,Banks - Regional,Financial Services,NMS,FCNCP
2024-12-11 00:00:00-05:00,22.55266862500958,22.606965440338488,22.213311679857345,22.25209617614746,9900,0.0,0.0,6010.0,13400.0,24.42,19.3,21.48784,21.883015,Banks - Regional,Financial Services,NMS,FCNCP
2024-12-12 00:00:00-05:00,22.43146912444833,22.43146912444833,22.06787280551825,22.12120056152344,19600,0.0,0.0,6010.0,13400.0,24.42,19.3,21.48784,21.883015,Banks - Regional,Financial Services,NMS,FCNCP
2024-12-13 00:00:00-05:00,22.19391906468645,22.223007436423,21.91273886861933,22.203615188598636,14100,0.0,0.0,6010.0,13400.0,24.42,19.3,21.48784,21.883015,Banks - Regional,Financial Services,NMS,FCNCP
2024-12-16 00:00:00-05:00,22.25209541958412,22.40722970077693,22.067872767162708,22.08726501464844,16100,0.0,0.0,6010.0,13400.0,24.42,19.3,21.48784,21.883015,Banks - Regional,Financial Services,NMS,FCNCP
2024-12-17 00:00:00-05:00,22.07756964153508,22.368445966324668,22.07756964153508,22.25209617614746,10800,0.0,0.0,6010.0,13400.0,24.42,19.3,21.48784,21.883015,Banks - Regional,Financial Services,NMS,FCNCP
2024-12-18 00:00:00-05:00,22.242398258446677,22.378140285822692,22.10665438172423,22.130895614624023,12900,0.0,0.0,6010.0,13400.0,24.42,19.3,21.48784,21.883015,Banks - Regional,Financial Services,NMS,FCNCP
2024-12-19 00:00:00-05:00,22.15707353509228,22.15707353509228,21.718819110351376,21.886558532714844,8500,0.0,0.0,6010.0,13400.0,24.42,19.3,21.48784,21.883015,Banks - Regional,Financial Services,NMS,FCNCP
2024-12-20 00:00:00-05:00,22.05817643059576,22.07659777098691,21.85456338199965,21.951520919799805,7200,0.0,0.0,6010.0,13400.0,24.42,19.3,21.48784,21.883015,Banks - Regional,Financial Services,NMS,FCNCP
2024-12-23 00:00:00-05:00,21.951521446229656,21.951521446229656,21.731425167086133,21.912738800048828,3900,0.0,0.0,6010.0,13400.0,24.42,19.3,21.48784,21.883015,Banks - Regional,Financial Services,NMS,FCNCP
2024-12-24 00:00:00-05:00,21.77505695780571,21.951521605434035,21.56271683648904,21.825475692749023,6700,0.0,0.0,6010.0,13400.0,24.42,19.3,21.48784,21.883015,Banks - Regional,Financial Services,NMS,FCNCP
2024-12-26 00:00:00-05:00,21.6897332941186,21.92243471704715,21.55398941040039,21.55398941040039,11700,0.0,0.0,6010.0,13400.0,24.42,19.3,21.48784,21.883015,Banks - Regional,Financial Services,NMS,FCNCP
2024-12-27 00:00:00-05:00,21.68973245181165,21.752754479981647,21.466725311987258,21.54429244995117,16100,0.0,0.0,6010.0,13400.0,24.42,19.3,21.48784,21.883015,Banks - Regional,Financial Services,NMS,FCNCP
2024-12-30 00:00:00-05:00,21.718820089068764,22.32966295011046,21.408551521265096,22.203615188598636,21600,0.0,0.0,6010.0,13400.0,24.42,19.3,21.48784,21.883015,Banks - Regional,Financial Services,NMS,FCNCP
2024-12-31 00:00:00-05:00,22.349053449078788,22.349053449078788,21.583078150037657,21.60247039794922,117200,0.0,0.0,6010.0,13400.0,24.42,19.3,21.48784,21.883015,Banks - Regional,Financial Services,NMS,FCNCP
2025-01-02 00:00:00-05:00,21.80608327412778,22.57206041623293,21.80608327412778,22.35874938964844,9200,0.0,0.0,6010.0,13400.0,24.42,19.3,21.48784,21.883015,Banks - Regional,Financial Services,NMS,FCNCP
2025-01-03 00:00:00-05:00,22.34905181076009,22.475099563598636,22.1648310171444,22.475099563598636,3900,0.0,0.0,6010.0,13400.0,24.42,19.3,21.48784,21.883015,Banks - Regional,Financial Services,NMS,FCNCP
2025-01-06 00:00:00-05:00,22.31996674348996,22.36844551352469,22.094052420278224,22.35874938964844,4100,0.0,0.0,6010.0,13400.0,24.42,19.3,21.48784,21.883015,Banks - Regional,Financial Services,NMS,FCNCP
2025-01-07 00:00:00-05:00,22.106656864999444,22.106656864999444,21.408552553772505,21.71397399902344,20200,0.0,0.0,6010.0,13400.0,24.42,19.3,21.48784,21.883015,Banks - Regional,Financial Services,NMS,FCNCP
2025-01-08 00:00:00-05:00,21.7042759309799,21.980608978345188,21.544292667059757,21.90304183959961,25900,0.0,0.0,6010.0,13400.0,24.42,19.3,21.48784,21.883015,Banks - Regional,Financial Services,NMS,FCNCP
2025-01-10 00:00:00-05:00,21.709124023506,21.790571094717933,21.19524240020492,21.276687622070312,20900,0.0,0.0,6010.0,13400.0,24.42,19.3,21.48784,21.883015,Banks - Regional,Financial Services,NMS,FCNCP
2025-01-13 00:00:00-05:00,21.38431227490792,21.38431227490792,20.991627575976075,21.00132369995117,10300,0.0,0.0,6010.0,13400.0,24.42,19.3,21.48784,21.883015,Banks - Regional,Financial Services,NMS,FCNCP
2025-01-14 00:00:00-05:00,20.96253998499367,21.345526691084075,20.96253998499367,21.01101875305176,20300,0.0,0.0,6010.0,13400.0,24.42,19.3,21.48784,21.883015,Banks - Regional,Financial Services,NMS,FCNCP
2025-01-15 00:00:00-05:00,21.12737202339832,21.80608407556174,21.06919527800265,21.69942855834961,8300,0.0,0.0,6010.0,13400.0,24.42,19.3,21.48784,21.883015,Banks - Regional,Financial Services,NMS,FCNCP
2025-01-16 00:00:00-05:00,21.843897665526303,21.843897665526303,21.312563742744025,21.69942855834961,8400,0.0,0.0,6010.0,13400.0,24.42,19.3,21.48784,21.883015,Banks - Regional,Financial Services,NMS,FCNCP
2025-01-17 00:00:00-05:00,21.747907419081884,21.815778433869603,21.379462125453628,21.389158248901367,19900,0.0,0.0,6010.0,13400.0,24.42,19.3,21.48784,21.883015,Banks - Regional,Financial Services,NMS,FCNCP
2025-01-21 00:00:00-05:00,21.437639005074747,21.825474698765543,21.437639005074747,21.680036544799805,3600,0.0,0.0,6010.0,13400.0,24.42,19.3,21.48784,21.883015,Banks - Regional,Financial Services,NMS,FCNCP
2025-01-22 00:00:00-05:00,21.58307962081757,21.76730228983816,21.466727974765977,21.486120223999023,16800,0.0,0.0,6010.0,13400.0,24.42,19.3,21.48784,21.883015,Banks - Regional,Financial Services,NMS,FCNCP
2025-01-23 00:00:00-05:00,21.486118626718564,21.65094903425259,21.37946311321227,21.534597396850582,14000,0.0,0.0,6010.0,13400.0,24.42,19.3,21.48784,21.883015,Banks - Regional,Financial Services,NMS,FCNCP
2025-01-24 00:00:00-05:00,21.63155746459961,21.67034196139833,21.515207672896636,21.63155746459961,13400,0.0,0.0,6010.0,13400.0,24.42,19.3,21.48784,21.883015,Banks - Regional,Financial Services,NMS,FCNCP
2025-01-27 00:00:00-05:00,21.70912314564281,21.97091293334961,21.55398886759725,21.97091293334961,11900,0.0,0.0,6010.0,13400.0,24.42,19.3,21.48784,21.883015,Banks - Regional,Financial Services,NMS,FCNCP
2025-01-28 00:00:00-05:00,21.63931401506484,21.97091293334961,21.63931401506484,21.97091293334961,9800,0.0,0.0,6010.0,13400.0,24.42,19.3,21.48784,21.883015,Banks - Regional,Financial Services,NMS,FCNCP
2025-01-29 00:00:00-05:00,21.786690672097848,22.02908821702289,21.767300274007187,21.8642578125,28500,0.0,0.0,6010.0,13400.0,24.42,19.3,21.48784,21.883015,Banks - Regional,Financial Services,NMS,FCNCP
2025-01-30 00:00:00-05:00,21.88364959793829,22.242398770566044,21.88364959793829,22.07465934753418,11600,0.0,0.0,6010.0,13400.0,24.42,19.3,21.48784,21.883015,Banks - Regional,Financial Services,NMS,FCNCP
2025-01-31 00:00:00-05:00,22.058177757569844,22.36844633562702,21.46672712480673,21.69942855834961,66300,0.0,0.0,6010.0,13400.0,24.42,19.3,21.48784,21.883015,Banks - Regional,Financial Services,NMS,FCNCP
2025-02-03 00:00:00-05:00,21.54429289721542,21.90304207358776,21.54429289721542,21.66064453125,11200,0.0,0.0,6010.0,13400.0,24.42,19.3,21.48784,21.883015,Banks - Regional,Financial Services,NMS,FCNCP
2025-02-04 00:00:00-05:00,21.708154320139364,21.810931751350072,21.64610134799642,21.728515625,11700,0.0,0.0,6010.0,13400.0,24.42,19.3,21.48784,21.883015,Banks - Regional,Financial Services,NMS,FCNCP
2025-02-05 00:00:00-05:00,21.84486682074464,22.019391494896656,21.84486682074464,21.955398559570312,1500,0.0,0.0,6010.0,13400.0,24.42,19.3,21.48784,21.883015,Banks - Regional,Financial Services,NMS,FCNCP
2025-02-06 00:00:00-05:00,22.11925987123051,22.22300635777407,21.73821128177494,21.76729965209961,63300,0.0,0.0,6010.0,13400.0,24.42,19.3,21.48784,21.883015,Banks - Regional,Financial Services,NMS,FCNCP
2025-02-07 00:00:00-05:00,21.70912329997896,21.95152084231672,21.47642188125629,21.66064453125,35500,0.0,0.0,6010.0,13400.0,24.42,19.3,21.48784,21.883015,Banks - Regional,Financial Services,NMS,FCNCP
2025-02-10 00:00:00-05:00,21.68003670086748,21.815778732299805,21.56368506724943,21.815778732299805,25800,0.0,0.0,6010.0,13400.0,24.42,19.3,21.48784,21.883015,Banks - Regional,Financial Services,NMS,FCNCP
2025-02-11 00:00:00-05:00,21.641253982957583,21.79735918126505,21.641253982957583,21.765361785888672,5600,0.0,0.0,6010.0,13400.0,24.42,19.3,21.48784,21.883015,Banks - Regional,Financial Services,NMS,FCNCP
2025-02-12 00:00:00-05:00,21.62186016102446,21.70815436715204,21.55496005158498,21.65967559814453,13000,0.0,0.0,6010.0,13400.0,24.42,19.3,21.48784,21.883015,Banks - Regional,Financial Services,NMS,FCNCP
2025-02-13 00:00:00-05:00,21.689733266496603,21.760513305664062,21.64125264760665,21.760513305664062,12800,0.0,0.0,6010.0,13400.0,24.42,19.3,21.48784,21.883015,Banks - Regional,Financial Services,NMS,FCNCP
2025-02-14 00:00:00-05:00,21.81577865530405,21.978669092447944,21.81577865530405,21.97091293334961,5300,0.0,0.0,6010.0,13400.0,24.42,19.3,21.48784,21.883015,Banks - Regional,Financial Services,NMS,FCNCP
2025-02-18 00:00:00-05:00,21.97091432601068,21.97091432601068,21.767301266674483,21.78669166564941,13900,0.0,0.0,6010.0,13400.0,24.42,19.3,21.48784,21.883015,Banks - Regional,Financial Services,NMS,FCNCP
2025-02-19 00:00:00-05:00,21.89334694635997,21.89334694635997,21.718820412038472,21.80608367919922,21800,0.0,0.0,6010.0,13400.0,24.42,19.3,21.48784,21.883015,Banks - Regional,Financial Services,NMS,FCNCP
2025-02-20 00:00:00-05:00,21.844868175424693,21.844868175424693,21.631557144877725,21.80608367919922,2200,0.0,0.0,6010.0,13400.0,24.42,19.3,21.48784,21.883015,Banks - Regional,Financial Services,NMS,FCNCP
2025-02-21 00:00:00-05:00,21.91273904339754,21.92243516738706,21.64416214186217,21.67034149169922,3600,0.0,0.0,6010.0,13400.0,24.42,19.3,21.48784,21.883015,Banks - Regional,Financial Services,NMS,FCNCP
2025-02-24 00:00:00-05:00,21.81287070614547,21.92340430079235,21.69555000961712,21.73821258544922,8100,0.0,0.0,6010.0,13400.0,24.42,19.3,21.48784,21.883015,Banks - Regional,Financial Services,NMS,FCNCP
2025-02-25 00:00:00-05:00,21.864257712413437,22.184222396275945,21.835171190737334,22.17452812194824,4400,0.0,0.0,6010.0,13400.0,24.42,19.3,21.48784,21.883015,Banks - Regional,Financial Services,NMS,FCNCP
2025-02-26 00:00:00-05:00,22.08920276011081,22.11344214438905,21.97188206893605,22.03878402709961,5000,0.0,0.0,6010.0,13400.0,24.42,19.3,21.48784,21.883015,Banks - Regional,Financial Services,NMS,FCNCP
2025-02-27 00:00:00-05:00,22.11635140103793,22.211372673397268,22.019392013549805,22.019392013549805,5200,0.0,0.0,6010.0,13400.0,24.42,19.3,21.48784,21.883015,Banks - Regional,Financial Services,NMS,FCNCP
2025-02-28 00:00:00-05:00,22.113872006848982,22.251654421499357,21.828469196659945,22.084348678588867,15200,0.336,0.0,6010.0,13400.0,24.42,19.3,21.48784,21.883015,Banks - Regional,Financial Services,NMS,FCNCP
2025-03-03 00:00:00-05:00,21.91704242781386,22.252637516235307,21.8205960537768,21.84815216064453,35700,0.0,0.0,6010.0,13400.0,24.42,19.3,21.48784,21.883015,Banks - Regional,Financial Services,NMS,FCNCP
2025-03-04 00:00:00-05:00,21.76942025577322,21.92688426061159,21.65132131358494,21.749736785888672,14800,0.0,0.0,6010.0,13400.0,24.42,19.3,21.48784,21.883015,Banks - Regional,Financial Services,NMS,FCNCP
2025-03-05 00:00:00-05:00,21.769419791478647,21.828468322753903,21.73005285254916,21.828468322753903,5400,0.0,0.0,6010.0,13400.0,24.42,19.3,21.48784,21.883015,Banks - Regional,Financial Services,NMS,FCNCP
2025-03-06 00:00:00-05:00,21.651321509571535,21.798943780803903,21.552906036376957,21.552906036376957,14900,0.0,0.0,6010.0,13400.0,24.42,19.3,21.48784,21.883015,Banks - Regional,Financial Services,NMS,FCNCP
2025-03-07 00:00:00-05:00,21.75957853203514,21.85799212727054,21.5332223824843,21.54306411743164,25200,0.0,0.0,6010.0,13400.0,24.42,19.3,21.48784,21.883015,Banks - Regional,Financial Services,NMS,FCNCP
2025-03-10 00:00:00-04:00,21.60211406934811,21.661162600661864,21.53322192617661,21.580461502075195,15700,0.0,0.0,6010.0,13400.0,24.42,19.3,21.48784,21.883015,Banks - Regional,Financial Services,NMS,FCNCP
2025-03-11 00:00:00-04:00,21.53912660000461,21.789100646972656,21.46433092026316,21.789100646972656,17200,0.0,0.0,6010.0,13400.0,24.42,19.3,21.48784,21.883015,Banks - Regional,Financial Services,NMS,FCNCP
2025-03-12 00:00:00-04:00,21.690688068687933,22.46816635131836,21.651321129253997,22.46816635131836,14300,0.0,0.0,6010.0,13400.0,24.42,19.3,21.48784,21.883015,Banks - Regional,Financial Services,NMS,FCNCP
2025-03-13 00:00:00-04:00,22.43864040754662,22.63547134399414,22.24181134821803,22.63547134399414,6700,0.0,0.0,6010.0,13400.0,24.42,19.3,21.48784,21.883015,Banks - Regional,Financial Services,NMS,FCNCP
2025-03-14 00:00:00-04:00,22.487849173481788,22.881509170890528,22.406164465915623,22.53705596923828,30200,0.0,0.0,6010.0,13400.0,24.42,19.3,21.48784,21.883015,Banks - Regional,Financial Services,NMS,FCNCP
2025-03-17 00:00:00-04:00,22.5370563010347,22.881509507758075,22.08434776662949,22.763410568237305,28200,0.0,0.0,6010.0,13400.0,24.42,19.3,21.48784,21.883015,Banks - Regional,Financial Services,NMS,FCNCP
2025-03-18 00:00:00-04:00,22.635471067195777,22.704361330974304,22.251652810647464,22.517372131347656,8500,0.0,0.0,6010.0,13400.0,24.42,19.3,21.48784,21.883015,Banks - Regional,Financial Services,NMS,FCNCP
2025-03-19 00:00:00-04:00,22.783094260676048,22.783094260676048,22.55673999125791,22.56658172607422,3700,0.0,0.0,6010.0,13400.0,24.42,19.3,21.48784,21.883015,Banks - Regional,Financial Services,NMS,FCNCP
2025-03-20 00:00:00-04:00,22.389434715851134,23.029132475165937,22.389434715851134,23.009449005126957,18000,0.0,0.0,6010.0,13400.0,24.42,19.3,21.48784,21.883015,Banks - Regional,Financial Services,NMS,FCNCP
2025-03-21 00:00:00-04:00,22.950399489046703,23.127546957571383,22.592168233581955,23.058656692504883,6400,0.0,0.0,6010.0,13400.0,24.42,19.3,21.48784,21.883015,Banks - Regional,Financial Services,NMS,FCNCP
2025-03-24 00:00:00-04:00,22.71912413556333,22.95925833766696,22.1926035192364,22.71322059631348,8200,0.0,0.0,6010.0,13400.0,24.42,19.3,21.48784,21.883015,Banks - Regional,Financial Services,NMS,FCNCP
2025-03-25 00:00:00-04:00,22.19063660520122,22.30086103430842,21.582431270136095,22.074506759643555,29100,0.0,0.0,6010.0,13400.0,24.42,19.3,21.48784,21.883015,Banks - Regional,Financial Services,NMS,FCNCP
2025-03-26 00:00:00-04:00,21.94656479987904,21.94656479987904,21.110038018250517,21.27734375,82400,0.0,0.0,6010.0,13400.0,24.42,19.3,21.48784,21.883015,Banks - Regional,Financial Services,NMS,FCNCP
2025-03-27 00:00:00-04:00,21.19861283266919,21.45449043346136,21.070672155154096,21.12972068786621,52400,0.0,0.0,6010.0,13400.0,24.42,19.3,21.48784,21.883015,Banks - Regional,Financial Services,NMS,FCNCP
2025-03-28 00:00:00-04:00,21.257659842264157,21.30686663647873,20.686852394628197,20.736059188842773,63700,0.0,0.0,6010.0,13400.0,24.42,19.3,21.48784,21.883015,Banks - Regional,Financial Services,NMS,FCNCP
2025-03-31 00:00:00-04:00,20.68685407290301,20.68685407290301,20.37192605929504,20.411291122436523,421600,0.0,0.0,6010.0,13400.0,24.42,19.3,21.48784,21.883015,Banks - Regional,Financial Services,NMS,FCNCP
2025-04-01 00:00:00-04:00,20.509705235691644,21.18384808742957,20.322716036094068,20.440814971923828,75400,0.0,0.0,6010.0,13400.0,24.42,19.3,21.48784,21.883015,Banks - Regional,Financial Services,NMS,FCNCP
2025-04-02 00:00:00-04:00,20.371925961182217,20.5776131548314,20.371925961182217,20.509706497192383,20300,0.0,0.0,6010.0,13400.0,24.42,19.3,21.48784,21.883015,Banks - Regional,Financial Services,NMS,FCNCP
2025-04-03 00:00:00-04:00,20.027471726785876,20.480180251892943,19.978263054196677,20.03731346130371,38000,0.0,0.0,6010.0,13400.0,24.42,19.3,21.48784,21.883015,Banks - Regional,Financial Services,NMS,FCNCP
2025-04-04 00:00:00-04:00,19.929057000814804,20.0077890027703,19.309042720055142,19.87000846862793,67900,0.0,0.0,6010.0,13400.0,24.42,19.3,21.48784,21.883015,Banks - Regional,Financial Services,NMS,FCNCP
2025-04-07 00:00:00-04:00,19.20078489138834,20.024519115616386,18.99411221975148,19.73222541809082,52100,0.0,0.0,6010.0,13400.0,24.42,19.3,21.48784,21.883015,Banks - Regional,Financial Services,NMS,FCNCP
2025-04-08 00:00:00-04:00,19.899530715873038,19.95858112197322,19.56984106218199,19.604286193847656,14700,0.0,0.0,6010.0,13400.0,24.42,19.3,21.48784,21.883015,Banks - Regional,Financial Services,NMS,FCNCP
2025-04-09 00:00:00-04:00,19.69286059413252,20.106204065265697,19.43698112370541,20.056995391845703,31600,0.0,0.0,6010.0,13400.0,24.42,19.3,21.48784,21.883015,Banks - Regional,Financial Services,NMS,FCNCP
2025-04-10 00:00:00-04:00,19.60428702636189,19.97826356194989,19.545238494873047,19.545238494873047,22400,0.0,0.0,6010.0,13400.0,24.42,19.3,21.48784,21.883015,Banks - Regional,Financial Services,NMS,FCNCP
2025-04-11 00:00:00-04:00,19.58460305018419,19.692860252712336,19.230309993297475,19.363168716430664,14600,0.0,0.0,6010.0,13400.0,24.42,19.3,21.48784,21.883015,Banks - Regional,Financial Services,NMS,FCNCP
2025-04-14 00:00:00-04:00,19.392694145104148,19.673177012075147,19.392694145104148,19.633811950683597,20000,0.0,0.0,6010.0,13400.0,24.42,19.3,21.48784,21.883015,Banks - Regional,Financial Services,NMS,FCNCP
2025-04-15 00:00:00-04:00,19.63381283981398,19.86016711514312,19.594445899520725,19.683019638061523,18800,0.0,0.0,6010.0,13400.0,24.42,19.3,21.48784,21.883015,Banks - Regional,Financial Services,NMS,FCNCP
2025-04-16 00:00:00-04:00,19.72140062521461,19.87000838105808,19.72140062521461,19.76175117492676,5900,0.0,0.0,6010.0,13400.0,24.42,19.3,21.48784,21.883015,Banks - Regional,Financial Services,NMS,FCNCP
2025-04-17 00:00:00-04:00,19.87984992359158,20.06683725240361,19.77749813477871,19.95858192443848,23100,0.0,0.0,6010.0,13400.0,24.42,19.3,21.48784,21.883015,Banks - Regional,Financial Services,NMS,FCNCP
2025-04-21 00:00:00-04:00,19.87984983484269,19.919214896530928,19.810957691930117,19.850324630737305,12200,0.0,0.0,6010.0,13400.0,24.42,19.3,21.48784,21.883015,Banks - Regional,Financial Services,NMS,FCNCP
2025-04-22 00:00:00-04:00,19.85032435259174,20.14556888103282,19.85032435259174,19.93889808654785,13600,0.0,0.0,6010.0,13400.0,24.42,19.3,21.48784,21.883015,Banks - Regional,Financial Services,NMS,FCNCP
2025-04-23 00:00:00-04:00,20.106204861262423,20.450658080363333,20.106204861262423,20.328622817993164,24000,0.0,0.0,6010.0,13400.0,24.42,19.3,21.48784,21.883015,Banks - Regional,Financial Services,NMS,FCNCP
2025-04-24 00:00:00-04:00,20.28925531103504,20.42999042925019,20.28827170069086,20.381765365600582,6300,0.0,0.0,6010.0,13400.0,24.42,19.3,21.48784,21.883015,Banks - Regional,Financial Services,NMS,FCNCP
2025-04-25 00:00:00-04:00,20.490021951754997,20.54710326101435,20.352241422976125,20.45065689086914,26100,0.0,0.0,6010.0,13400.0,24.42,19.3,21.48784,21.883015,Banks - Regional,Financial Services,NMS,FCNCP
2025-04-28 00:00:00-04:00,20.453609783313407,20.57859587065554,20.453609783313407,20.460498809814453,11600,0.0,0.0,6010.0,13400.0,24.42,19.3,21.48784,21.883015,Banks - Regional,Financial Services,NMS,FCNCP
2025-04-29 00:00:00-04:00,20.362083035233034,20.65732756002065,20.354208521408,20.549070358276367,20800,0.0,0.0,6010.0,13400.0,24.42,19.3,21.48784,21.883015,Banks - Regional,Financial Services,NMS,FCNCP
2025-04-30 00:00:00-04:00,20.45951276853344,20.549070110622715,20.39062250538784,20.43097305297852,18300,0.0,0.0,6010.0,13400.0,24.42,19.3,21.48784,21.883015,Banks - Regional,Financial Services,NMS,FCNCP
2025-05-01 00:00:00-04:00,20.430972962056256,20.576628001429384,20.411289493496856,20.52938842773437,8700,0.0,0.0,6010.0,13400.0,24.42,19.3,21.48784,21.883015,Banks - Regional,Financial Services,NMS,FCNCP
2025-05-02 00:00:00-04:00,20.568754987578632,20.804950996157874,20.568754987578632,20.71637725830078,16300,0.0,0.0,6010.0,13400.0,24.42,19.3,21.48784,21.883015,Banks - Regional,Financial Services,NMS,FCNCP
2025-05-05 00:00:00-04:00,20.74590166077412,20.89352392578576,20.49002219209844,20.775426864624023,14400,0.0,0.0,6010.0,13400.0,24.42,19.3,21.48784,21.883015,Banks - Regional,Financial Services,NMS,FCNCP
2025-05-06 00:00:00-04:00,20.74098127158883,20.902381586056983,20.74098127158883,20.854158401489254,7900,0.0,0.0,6010.0,13400.0,24.42,19.3,21.48784,21.883015,Banks - Regional,Financial Services,NMS,FCNCP
2025-05-07 00:00:00-04:00,20.982097720305816,21.17892865896432,20.88368225097656,20.88368225097656,28800,0.0,0.0,6010.0,13400.0,24.42,19.3,21.48784,21.883015,Banks - Regional,Financial Services,NMS,FCNCP
2025-05-08 00:00:00-04:00,20.94765252761778,21.050987925414034,20.775426864624023,20.775426864624023,21500,0.0,0.0,6010.0,13400.0,24.42,19.3,21.48784,21.883015,Banks - Regional,Financial Services,NMS,FCNCP
2025-05-09 00:00:00-04:00,20.903366640468917,20.932891845703125,20.789205892377552,20.932891845703125,16100,0.0,0.0,6010.0,13400.0,24.42,19.3,21.48784,21.883015,Banks - Regional,Financial Services,NMS,FCNCP
2025-05-12 00:00:00-04:00,20.81479235262088,20.913207823685557,20.81479235262088,20.903366088867188,12700,0.0,0.0,6010.0,13400.0,24.42,19.3,21.48784,21.883015,Banks - Regional,Financial Services,NMS,FCNCP
2025-05-13 00:00:00-04:00,20.88368163576088,20.95257377624512,20.86400004416999,20.95257377624512,20100,0.0,0.0,6010.0,13400.0,24.42,19.3,21.48784,21.883015,Banks - Regional,Financial Services,NMS,FCNCP
2025-05-14 00:00:00-04:00,21.05098817139008,21.060829906121715,20.86400084284594,20.893524169921875,19300,0.0,0.0,6010.0,13400.0,24.42,19.3,21.48784,21.883015,Banks - Regional,Financial Services,NMS,FCNCP
2025-05-15 00:00:00-04:00,20.913207639385146,20.93289110884841,20.86400084284594,20.893524169921875,56900,0.0,0.0,6010.0,13400.0,24.42,19.3,21.48784,21.883015,Banks - Regional,Financial Services,NMS,FCNCP
2025-05-16 00:00:00-04:00,20.87384106819244,20.96241480521857,20.87384106819244,20.9132080078125,36100,0.0,0.0,6010.0,13400.0,24.42,19.3,21.48784,21.883015,Banks - Regional,Financial Services,NMS,FCNCP
2025-05-19 00:00:00-04:00,20.86400078408169,20.98209784629073,20.68685331364916,20.785268783569336,42600,0.0,0.0,6010.0,13400.0,24.42,19.3,21.48784,21.883015,Banks - Regional,Financial Services,NMS,FCNCP
2025-05-20 00:00:00-04:00,20.873841165643405,20.96241490308305,20.81479263305664,20.81479263305664,16700,0.0,0.0,6010.0,13400.0,24.42,19.3,21.48784,21.883015,Banks - Regional,Financial Services,NMS,FCNCP
2025-05-21 00:00:00-04:00,20.775426680207985,20.903365474850688,20.55891227480182,20.76558494567871,32300,0.0,0.0,6010.0,13400.0,24.42,19.3,21.48784,21.883015,Banks - Regional,Financial Services,NMS,FCNCP
2025-05-22 00:00:00-04:00,20.588437720107752,20.88368225097656,20.588437720107752,20.88368225097656,29800,0.0,0.0,6010.0,13400.0,24.42,19.3,21.48784,21.883015,Banks - Regional,Financial Services,NMS,FCNCP
2025-05-23 00:00:00-04:00,20.87384133706941,21.031307220458984,20.854159744124864,21.031307220458984,14200,0.0,0.0,6010.0,13400.0,24.42,19.3,21.48784,21.883015,Banks - Regional,Financial Services,NMS,FCNCP
2025-05-27 00:00:00-04:00,21.05098779983604,21.05098779983604,20.87384033203125,20.87384033203125,70300,0.0,0.0,6010.0,13400.0,24.42,19.3,21.48784,21.883015,Banks - Regional,Financial Services,NMS,FCNCP
2025-05-28 00:00:00-04:00,20.932891618661333,20.94273335363266,20.82463441109577,20.868921279907227,18100,0.0,0.0,6010.0,13400.0,24.42,19.3,21.48784,21.883015,Banks - Regional,Financial Services,NMS,FCNCP
2025-05-29 00:00:00-04:00,20.91812704442484,20.95158856625076,20.834475116978947,20.86400032043457,16200,0.0,0.0,6010.0,13400.0,24.42,19.3,21.48784,21.883015,Banks - Regional,Financial Services,NMS,FCNCP
2025-05-30 00:00:00-04:00,20.690000534057617,20.959999084472656,20.690000534057617,20.76000022888184,41800,0.336,0.0,6010.0,13400.0,24.42,19.3,21.48784,21.883015,Banks - Regional,Financial Services,NMS,FCNCP
2025-06-02 00:00:00-04:00,20.724000930786133,20.724000930786133,20.209999084472656,20.309999465942383,29400,0.0,0.0,6010.0,13400.0,24.42,19.3,21.48784,21.883015,Banks - Regional,Financial Services,NMS,FCNCP
2025-06-03 00:00:00-04:00,20.43000030517578,20.63999938964844,20.32900047302246,20.399999618530277,39400,0.0,0.0,6010.0,13400.0,24.42,19.3,21.48784,21.883015,Banks - Regional,Financial Services,NMS,FCNCP
2025-06-04 00:00:00-04:00,20.51000022888184,20.59000015258789,20.420000076293945,20.56999969482422,13400,0.0,0.0,6010.0,13400.0,24.42,19.3,21.48784,21.883015,Banks - Regional,Financial Services,NMS,FCNCP
2025-06-05 00:00:00-04:00,20.459999084472656,20.649999618530277,20.38999938964844,20.459999084472656,28000,0.0,0.0,6010.0,13400.0,24.42,19.3,21.48784,21.883015,Banks - Regional,Financial Services,NMS,FCNCP
2025-06-06 00:00:00-04:00,20.540000915527344,20.68000030517578,20.51000022888184,20.68000030517578,23300,0.0,0.0,6010.0,13400.0,24.42,19.3,21.48784,21.883015,Banks - Regional,Financial Services,NMS,FCNCP
2025-06-09 00:00:00-04:00,20.68000030517578,20.899999618530277,20.649999618530277,20.84000015258789,14700,0.0,0.0,6010.0,13400.0,24.42,19.3,21.48784,21.883015,Banks - Regional,Financial Services,NMS,FCNCP
2025-06-10 00:00:00-04:00,20.88400077819824,21.1299991607666,20.788000106811523,21.06999969482422,15700,0.0,0.0,6010.0,13400.0,24.42,19.3,21.48784,21.883015,Banks - Regional,Financial Services,NMS,FCNCP
2025-06-11 00:00:00-04:00,20.950000762939453,21.25,20.92200088500977,21.020000457763672,12000,0.0,0.0,6010.0,13400.0,24.42,19.3,21.48784,21.883015,Banks - Regional,Financial Services,NMS,FCNCP
2025-06-12 00:00:00-04:00,21.173999786376957,21.4379997253418,21.11000061035156,21.209999084472656,12000,0.0,0.0,6010.0,13400.0,24.42,19.3,21.48784,21.883015,Banks - Regional,Financial Services,NMS,FCNCP
2025-06-13 00:00:00-04:00,21.12299919128418,21.399999618530277,20.98900032043457,21.38999938964844,28400,0.0,0.0,6010.0,13400.0,24.42,19.3,21.48784,21.883015,Banks - Regional,Financial Services,NMS,FCNCP
2025-06-16 00:00:00-04:00,21.399999618530277,21.450000762939453,21.280000686645508,21.280000686645508,28000,0.0,0.0,6010.0,13400.0,24.42,19.3,21.48784,21.883015,Banks - Regional,Financial Services,NMS,FCNCP
2025-06-17 00:00:00-04:00,21.229999542236328,21.350000381469727,21.222999572753903,21.350000381469727,33100,0.0,0.0,6010.0,13400.0,24.42,19.3,21.48784,21.883015,Banks - Regional,Financial Services,NMS,FCNCP
2025-06-18 00:00:00-04:00,21.270000457763672,21.420000076293945,21.25,21.3799991607666,31200,0.0,0.0,6010.0,13400.0,24.42,19.3,21.48784,21.883015,Banks - Regional,Financial Services,NMS,FCNCP
2025-06-20 00:00:00-04:00,21.34000015258789,21.8700008392334,21.309999465942383,21.700000762939453,16000,0.0,0.0,6010.0,13400.0,24.42,19.3,21.48784,21.883015,Banks - Regional,Financial Services,NMS,FCNCP
2025-06-23 00:00:00-04:00,21.739999771118164,21.799999237060547,21.59000015258789,21.59000015258789,75900,0.0,0.0,6010.0,13400.0,24.42,19.3,21.48784,21.883015,Banks - Regional,Financial Services,NMS,FCNCP
2025-06-24 00:00:00-04:00,21.670000076293945,21.84000015258789,21.670000076293945,21.809999465942383,121500,0.0,0.0,6010.0,13400.0,24.42,19.3,21.48784,21.883015,Banks - Regional,Financial Services,NMS,FCNCP
2025-06-25 00:00:00-04:00,21.82999992370605,21.8799991607666,21.68000030517578,21.700000762939453,36900,0.0,0.0,6010.0,13400.0,24.42,19.3,21.48784,21.883015,Banks - Regional,Financial Services,NMS,FCNCP
2025-06-26 00:00:00-04:00,21.670000076293945,21.809999465942383,21.56999969482422,21.600000381469727,100100,0.0,0.0,6010.0,13400.0,24.42,19.3,21.48784,21.883015,Banks - Regional,Financial Services,NMS,FCNCP
2025-06-27 00:00:00-04:00,21.75,21.899999618530277,21.6200008392334,21.6299991607666,174200,0.0,0.0,6010.0,13400.0,24.42,19.3,21.48784,21.883015,Banks - Regional,Financial Services,NMS,FCNCP
2025-06-30 00:00:00-04:00,21.729999542236328,21.770000457763672,21.600000381469727,21.68000030517578,280900,0.0,0.0,6010.0,13400.0,24.42,19.3,21.48784,21.883015,Banks - Regional,Financial Services,NMS,FCNCP
2025-07-01 00:00:00-04:00,21.68000030517578,21.68000030517578,21.170000076293945,21.25,32000,0.0,0.0,6010.0,13400.0,24.42,19.3,21.48784,21.883015,Banks - Regional,Financial Services,NMS,FCNCP
2025-07-02 00:00:00-04:00,21.280000686645508,21.618000030517575,21.280000686645508,21.399999618530277,19800,0.0,0.0,6010.0,13400.0,24.42,19.3,21.48784,21.883015,Banks - Regional,Financial Services,NMS,FCNCP
2025-07-03 00:00:00-04:00,21.40999984741211,21.540000915527344,21.399999618530277,21.40999984741211,5300,0.0,0.0,6010.0,13400.0,24.42,19.3,21.48784,21.883015,Banks - Regional,Financial Services,NMS,FCNCP
2025-07-07 00:00:00-04:00,21.399999618530277,21.479999542236328,21.26499938964844,21.34000015258789,13900,0.0,0.0,6010.0,13400.0,24.42,19.3,21.48784,21.883015,Banks - Regional,Financial Services,NMS,FCNCP
2025-07-08 00:00:00-04:00,21.209999084472656,21.56999969482422,21.15999984741211,21.3799991607666,28000,0.0,0.0,6010.0,13400.0,24.42,19.3,21.48784,21.883015,Banks - Regional,Financial Services,NMS,FCNCP
2025-07-09 00:00:00-04:00,21.670000076293945,21.679000854492188,21.045000076293945,21.200000762939453,34000,0.0,0.0,6010.0,13400.0,24.42,19.3,21.48784,21.883015,Banks - Regional,Financial Services,NMS,FCNCP
2025-07-10 00:00:00-04:00,21.290000915527344,21.350000381469727,21.170000076293945,21.170000076293945,61700,0.0,0.0,6010.0,13400.0,24.42,19.3,21.48784,21.883015,Banks - Regional,Financial Services,NMS,FCNCP
2025-07-11 00:00:00-04:00,21.167999267578125,21.167999267578125,21.01000022888184,21.01000022888184,3200,0.0,0.0,6010.0,13400.0,24.42,19.3,21.48784,21.883015,Banks - Regional,Financial Services,NMS,FCNCP
2025-07-14 00:00:00-04:00,21.1200008392334,21.15999984741211,21.0,21.0,81600,0.0,0.0,6010.0,13400.0,24.42,19.3,21.48784,21.883015,Banks - Regional,Financial Services,NMS,FCNCP
2025-07-15 00:00:00-04:00,21.049999237060547,21.049999237060547,20.71999931335449,20.792999267578125,29400,0.0,0.0,6010.0,13400.0,24.42,19.3,21.48784,21.883015,Banks - Regional,Financial Services,NMS,FCNCP
2025-07-16 00:00:00-04:00,20.86000061035156,20.90999984741211,20.59000015258789,20.59000015258789,60400,0.0,0.0,6010.0,13400.0,24.42,19.3,21.48784,21.883015,Banks - Regional,Financial Services,NMS,FCNCP
2025-07-17 00:00:00-04:00,20.687000274658203,20.729999542236328,20.56999969482422,20.6299991607666,50100,0.0,0.0,6010.0,13400.0,24.42,19.3,21.48784,21.883015,Banks - Regional,Financial Services,NMS,FCNCP
2025-07-18 00:00:00-04:00,20.700000762939453,20.75,20.57999992370605,20.6299991607666,13900,0.0,0.0,6010.0,13400.0,24.42,19.3,21.48784,21.883015,Banks - Regional,Financial Services,NMS,FCNCP
2025-07-21 00:00:00-04:00,20.68000030517578,20.770000457763672,20.65999984741211,20.690000534057617,13800,0.0,0.0,6010.0,13400.0,24.42,19.3,21.48784,21.883015,Banks - Regional,Financial Services,NMS,FCNCP
2025-07-22 00:00:00-04:00,20.670000076293945,20.690000534057617,20.59000015258789,20.690000534057617,8700,0.0,0.0,6010.0,13400.0,24.42,19.3,21.48784,21.883015,Banks - Regional,Financial Services,NMS,FCNCP
2025-07-23 00:00:00-04:00,20.655000686645508,20.729999542236328,20.600000381469727,20.63999938964844,14500,0.0,0.0,6010.0,13400.0,24.42,19.3,21.48784,21.883015,Banks - Regional,Financial Services,NMS,FCNCP
2025-07-24 00:00:00-04:00,20.729999542236328,20.780000686645508,20.604999542236328,20.709999084472656,12000,0.0,0.0,6010.0,13400.0,24.42,19.3,21.48784,21.883015,Banks - Regional,Financial Services,NMS,FCNCP
2025-07-25 00:00:00-04:00,20.799999237060547,20.940000534057617,20.71999931335449,20.850000381469727,27600,0.0,0.0,6010.0,13400.0,24.42,19.3,21.48784,21.883015,Banks - Regional,Financial Services,NMS,FCNCP
2025-07-28 00:00:00-04:00,20.850000381469727,20.88999938964844,20.71999931335449,20.76000022888184,17000,0.0,0.0,6010.0,13400.0,24.42,19.3,21.48784,21.883015,Banks - Regional,Financial Services,NMS,FCNCP
2025-07-29 00:00:00-04:00,20.89699935913086,20.90999984741211,20.790000915527344,20.82999992370605,16200,0.0,0.0,6010.0,13400.0,24.42,19.3,21.48784,21.883015,Banks - Regional,Financial Services,NMS,FCNCP
2025-07-30 00:00:00-04:00,20.899999618530277,21.030000686645508,20.81999969482422,20.950000762939453,30800,0.0,0.0,6010.0,13400.0,24.42,19.3,21.48784,21.883015,Banks - Regional,Financial Services,NMS,FCNCP
2025-07-31 00:00:00-04:00,21.030000686645508,21.350000381469727,21.030000686645508,21.299999237060547,55500,0.0,0.0,6010.0,13400.0,24.42,19.3,21.48784,21.883015,Banks - Regional,Financial Services,NMS,FCNCP
2025-08-01 00:00:00-04:00,21.253999710083008,21.420000076293945,21.253999710083008,21.420000076293945,12900,0.0,0.0,6010.0,13400.0,24.42,19.3,21.48784,21.883015,Banks - Regional,Financial Services,NMS,FCNCP
2025-08-04 00:00:00-04:00,21.489999771118164,21.86000061035156,21.489999771118164,21.709999084472656,16200,0.0,0.0,6010.0,13400.0,24.42,19.3,21.48784,21.883015,Banks - Regional,Financial Services,NMS,FCNCP
2025-08-05 00:00:00-04:00,21.700000762939453,21.700000762939453,21.5,21.59000015258789,5100,0.0,0.0,6010.0,13400.0,24.42,19.3,21.48784,21.883015,Banks - Regional,Financial Services,NMS,FCNCP
2025-08-06 00:00:00-04:00,21.68000030517578,21.700000762939453,21.479999542236328,21.559999465942383,11800,0.0,0.0,6010.0,13400.0,24.42,19.3,21.48784,21.883015,Banks - Regional,Financial Services,NMS,FCNCP
2025-08-07 00:00:00-04:00,21.6200008392334,21.82900047302246,21.549999237060547,21.56999969482422,13900,0.0,0.0,6010.0,13400.0,24.42,19.3,21.48784,21.883015,Banks - Regional,Financial Services,NMS,FCNCP
2025-08-08 00:00:00-04:00,21.548999786376957,21.75,21.459999084472656,21.700000762939453,8600,0.0,0.0,6010.0,13400.0,24.42,19.3,21.48784,21.883015,Banks - Regional,Financial Services,NMS,FCNCP
2025-08-11 00:00:00-04:00,21.6200008392334,21.899999618530277,21.6200008392334,21.8799991607666,10900,0.0,0.0,6010.0,13400.0,24.42,19.3,21.48784,21.883015,Banks - Regional,Financial Services,NMS,FCNCP
2025-08-12 00:00:00-04:00,21.989999771118164,22.149999618530277,21.989999771118164,22.149999618530277,10600,0.0,0.0,6010.0,13400.0,24.42,19.3,21.48784,21.883015,Banks - Regional,Financial Services,NMS,FCNCP
2025-08-13 00:00:00-04:00,22.059999465942383,22.57999992370605,22.059999465942383,22.46999931335449,26600,0.0,0.0,6010.0,13400.0,24.42,19.3,21.48784,21.883015,Banks - Regional,Financial Services,NMS,FCNCP
2025-08-14 00:00:00-04:00,22.5,22.61000061035156,22.43899917602539,22.43899917602539,10600,0.0,0.0,6010.0,13400.0,24.42,19.3,21.48784,21.883015,Banks - Regional,Financial Services,NMS,FCNCP
2025-08-15 00:00:00-04:00,22.399999618530277,22.68000030517578,22.350000381469727,22.6200008392334,26500,0.0,0.0,6010.0,13400.0,24.42,19.3,21.48784,21.883015,Banks - Regional,Financial Services,NMS,FCNCP
2025-08-18 00:00:00-04:00,22.600000381469727,22.674999237060547,22.5,22.600000381469727,20000,0.0,0.0,6010.0,13400.0,24.42,19.3,21.48784,21.883015,Banks - Regional,Financial Services,NMS,FCNCP
2025-08-19 00:00:00-04:00,22.59000015258789,22.857999801635746,22.549999237060547,22.6200008392334,7900,0.0,0.0,6010.0,13400.0,24.42,19.3,21.48784,21.883015,Banks - Regional,Financial Services,NMS,FCNCP
2025-08-20 00:00:00-04:00,22.649999618530277,22.93000030517578,22.5,22.57999992370605,15700,0.0,0.0,6010.0,13400.0,24.42,19.3,21.48784,21.883015,Banks - Regional,Financial Services,NMS,FCNCP
2025-08-21 00:00:00-04:00,22.440000534057617,22.63999938964844,22.149999618530277,22.200000762939453,7400,0.0,0.0,6010.0,13400.0,24.42,19.3,21.48784,21.883015,Banks - Regional,Financial Services,NMS,FCNCP
2025-08-22 00:00:00-04:00,22.399999618530277,22.530000686645508,22.399999618530277,22.530000686645508,2700,0.0,0.0,6010.0,13400.0,24.42,19.3,21.48784,21.883015,Banks - Regional,Financial Services,NMS,FCNCP
2025-08-25 00:00:00-04:00,22.69099998474121,22.69099998474121,22.25,22.420000076293945,6000,0.0,0.0,6010.0,13400.0,24.42,19.3,21.48784,21.883015,Banks - Regional,Financial Services,NMS,FCNCP
2025-09-30 00:00:00-04:00,22.26,22.3,22.06,22.17,30142,,,,,,,,,,,,
