Date,Open,High,Low,Close,Volume,Dividends,Stock Splits,Capital Gains,volume,averageDailyVolume10Day,fiftyTwoWeekHigh,fiftyTwoWeekLow,fiftyDayAverage,twoHundredDayAverage,exchange,Symbol
2024-01-02 00:00:00-05:00,57.714776789536046,58.049869556865936,57.31069466654746,57.56694030761719,246300,0.0,0.0,0.0,10724,25840,68.89,49.83,64.6196,63.02945,PCX,FXD
2024-01-03 00:00:00-05:00,56.93617875440106,56.93617875440106,55.8126335144043,55.8126335144043,55100,0.0,0.0,0.0,10724,25840,68.89,49.83,64.6196,63.02945,PCX,FXD
2024-01-04 00:00:00-05:00,55.78306396202053,56.18714608797792,55.68450881310914,55.8126335144043,32400,0.0,0.0,0.0,10724,25840,68.89,49.83,64.6196,63.02945,PCX,FXD
2024-01-05 00:00:00-05:00,55.96045897685072,56.58136686141534,55.94074719769848,56.10829544067383,130900,0.0,0.0,0.0,10724,25840,68.89,49.83,64.6196,63.02945,PCX,FXD
2024-01-08 00:00:00-05:00,56.21671267153126,57.04458866143541,56.11815376818687,57.005165100097656,64700,0.0,0.0,0.0,10724,25840,68.89,49.83,64.6196,63.02945,PCX,FXD
2024-01-09 00:00:00-05:00,56.42368169353473,56.965742512462086,56.42368169353473,56.74892044067383,28600,0.0,0.0,0.0,10724,25840,68.89,49.83,64.6196,63.02945,PCX,FXD
2024-01-10 00:00:00-05:00,56.88689560537532,57.12342944343895,56.59122266833943,56.985450744628906,253300,0.0,0.0,0.0,10724,25840,68.89,49.83,64.6196,63.02945,PCX,FXD
2024-01-11 00:00:00-05:00,56.80805284200333,56.92631977010323,56.20685667140224,56.916465759277344,50800,0.0,0.0,0.0,10724,25840,68.89,49.83,64.6196,63.02945,PCX,FXD
2024-01-12 00:00:00-05:00,57.074156465569615,57.09386824693371,56.00974658937372,56.068878173828125,501500,0.0,0.0,0.0,10724,25840,68.89,49.83,64.6196,63.02945,PCX,FXD
2024-01-16 00:00:00-05:00,55.674652461332215,55.97032165527344,55.35926772687208,55.97032165527344,30700,0.0,0.0,0.0,10724,25840,68.89,49.83,64.6196,63.02945,PCX,FXD
2024-01-17 00:00:00-05:00,55.41840650659714,55.68450992553946,55.31985135571687,55.67465591430664,33300,0.0,0.0,0.0,10724,25840,68.89,49.83,64.6196,63.02945,PCX,FXD
2024-01-18 00:00:00-05:00,56.01959835342332,56.31526754275037,55.61551625076088,56.28570175170898,38300,0.0,0.0,0.0,10724,25840,68.89,49.83,64.6196,63.02945,PCX,FXD
2024-01-19 00:00:00-05:00,55.84219332307969,56.6996350575664,55.84219332307969,56.57151412963867,40400,0.0,0.0,0.0,10724,25840,68.89,49.83,64.6196,63.02945,PCX,FXD
2024-01-22 00:00:00-05:00,56.84747777229598,57.21213633583287,56.788342427004345,57.01502227783203,36100,0.0,0.0,0.0,10724,25840,68.89,49.83,64.6196,63.02945,PCX,FXD
2024-01-23 00:00:00-05:00,57.31069252196484,57.31069252196484,56.67007280380584,56.87704086303711,48400,0.0,0.0,0.0,10724,25840,68.89,49.83,64.6196,63.02945,PCX,FXD
2024-01-24 00:00:00-05:00,57.42896272951268,57.42896272951268,56.36454906182441,56.40397262573242,88000,0.0,0.0,0.0,10724,25840,68.89,49.83,64.6196,63.02945,PCX,FXD
2024-01-25 00:00:00-05:00,56.936173550989935,57.28112030029297,56.74891728131652,57.28112030029297,24300,0.0,0.0,0.0,10724,25840,68.89,49.83,64.6196,63.02945,PCX,FXD
2024-01-26 00:00:00-05:00,57.47823770595175,57.626074184104,57.31069320637449,57.40924835205078,31200,0.0,0.0,0.0,10724,25840,68.89,49.83,64.6196,63.02945,PCX,FXD
2024-01-29 00:00:00-05:00,57.38954348376694,57.94146214109311,57.23185297590779,57.90203857421875,125200,0.0,0.0,0.0,10724,25840,68.89,49.83,64.6196,63.02945,PCX,FXD
2024-01-30 00:00:00-05:00,57.68520668128463,57.9513100903906,57.635929107666016,57.635929107666016,54900,0.0,0.0,0.0,10724,25840,68.89,49.83,64.6196,63.02945,PCX,FXD
2024-01-31 00:00:00-05:00,57.41910731308769,57.69506851212106,56.72921371459961,56.72921371459961,51200,0.0,0.0,0.0,10724,25840,68.89,49.83,64.6196,63.02945,PCX,FXD
2024-02-01 00:00:00-05:00,57.08400686684504,57.79361591253024,56.61093542293412,57.75419235229492,120200,0.0,0.0,0.0,10724,25840,68.89,49.83,64.6196,63.02945,PCX,FXD
2024-02-02 00:00:00-05:00,57.33040426662481,58.1188605123789,57.11358218271665,57.842899322509766,33800,0.0,0.0,0.0,10724,25840,68.89,49.83,64.6196,63.02945,PCX,FXD
2024-02-05 00:00:00-05:00,57.39939398054437,57.39939398054437,56.778486039700674,57.11357879638672,31700,0.0,0.0,0.0,10724,25840,68.89,49.83,64.6196,63.02945,PCX,FXD
2024-02-06 00:00:00-05:00,57.153001844942914,57.77390602057214,57.153001844942914,57.72462844848633,114200,0.0,0.0,0.0,10724,25840,68.89,49.83,64.6196,63.02945,PCX,FXD
2024-02-07 00:00:00-05:00,57.94145823304803,58.04001338394829,57.52751832806334,57.842899322509766,36100,0.0,0.0,0.0,10724,25840,68.89,49.83,64.6196,63.02945,PCX,FXD
2024-02-08 00:00:00-05:00,58.04000913984692,58.522938367075824,58.04000913984692,58.51308059692383,103400,0.0,0.0,0.0,10724,25840,68.89,49.83,64.6196,63.02945,PCX,FXD
2024-02-09 00:00:00-05:00,58.40466901461558,58.70034197171256,58.1779891712423,58.55250549316406,117200,0.0,0.0,0.0,10724,25840,68.89,49.83,64.6196,63.02945,PCX,FXD
2024-02-12 00:00:00-05:00,58.57221820472571,59.47893759262247,58.57221820472571,59.32124710083008,32300,0.0,0.0,0.0,10724,25840,68.89,49.83,64.6196,63.02945,PCX,FXD
2024-02-13 00:00:00-05:00,57.84289164964191,58.03015167500555,57.39938976978334,57.78376007080078,50300,0.0,0.0,0.0,10724,25840,68.89,49.83,64.6196,63.02945,PCX,FXD
2024-02-14 00:00:00-05:00,58.4736662746849,58.87774841711455,58.12871572015739,58.84817886352539,156600,0.0,0.0,0.0,10724,25840,68.89,49.83,64.6196,63.02945,PCX,FXD
2024-02-15 00:00:00-05:00,59.08470912986507,59.61691591247978,59.08470912986507,59.56763458251953,57200,0.0,0.0,0.0,10724,25840,68.89,49.83,64.6196,63.02945,PCX,FXD
2024-02-16 00:00:00-05:00,59.24240347327412,59.58735024766064,59.01572362730043,59.08471298217773,29300,0.0,0.0,0.0,10724,25840,68.89,49.83,64.6196,63.02945,PCX,FXD
2024-02-20 00:00:00-05:00,58.65106656280521,58.73976770696547,58.44409847964401,58.70034790039063,47200,0.0,0.0,0.0,10724,25840,68.89,49.83,64.6196,63.02945,PCX,FXD
2024-02-21 00:00:00-05:00,58.54265349934576,58.86788849986453,58.33568167031969,58.64120864868164,68500,0.0,0.0,0.0,10724,25840,68.89,49.83,64.6196,63.02945,PCX,FXD
2024-02-22 00:00:00-05:00,59.15370035452301,59.65633760316005,59.13398857384186,59.53807067871094,36700,0.0,0.0,0.0,10724,25840,68.89,49.83,64.6196,63.02945,PCX,FXD
2024-02-23 00:00:00-05:00,59.6661977126761,60.15898097011221,59.469083657774085,59.863311767578125,104300,0.0,0.0,0.0,10724,25840,68.89,49.83,64.6196,63.02945,PCX,FXD
2024-02-26 00:00:00-05:00,59.794320358173,60.10970511079463,59.65634164369741,59.715476989746094,71400,0.0,0.0,0.0,10724,25840,68.89,49.83,64.6196,63.02945,PCX,FXD
2024-02-27 00:00:00-05:00,60.30680925776134,60.503923298171394,60.20825411737511,60.41522216796875,46400,0.0,0.0,0.0,10724,25840,68.89,49.83,64.6196,63.02945,PCX,FXD
2024-02-28 00:00:00-05:00,60.09984376835155,60.65176235309246,60.09984376835155,60.4349365234375,26100,0.0,0.0,0.0,10724,25840,68.89,49.83,64.6196,63.02945,PCX,FXD
2024-02-29 00:00:00-05:00,60.71089820189111,60.91787003548561,60.45465255217903,60.78974533081055,35300,0.0,0.0,0.0,10724,25840,68.89,49.83,64.6196,63.02945,PCX,FXD
2024-03-01 00:00:00-05:00,60.91786217726811,61.114972454864,60.464498763739925,61.09526443481445,26000,0.0,0.0,0.0,10724,25840,68.89,49.83,64.6196,63.02945,PCX,FXD
2024-03-04 00:00:00-05:00,61.27266915532643,61.48949499426693,60.95728816757914,60.99671173095703,40200,0.0,0.0,0.0,10724,25840,68.89,49.83,64.6196,63.02945,PCX,FXD
2024-03-05 00:00:00-05:00,60.76017907088071,61.282528137229214,60.76017907088071,60.91786956787109,27500,0.0,0.0,0.0,10724,25840,68.89,49.83,64.6196,63.02945,PCX,FXD
2024-03-06 00:00:00-05:00,61.1741145648118,61.24310392153376,60.68133129700462,60.9277229309082,214800,0.0,0.0,0.0,10724,25840,68.89,49.83,64.6196,63.02945,PCX,FXD
2024-03-07 00:00:00-05:00,61.11497520639045,61.37122459422209,61.11497520639045,61.29237747192383,21100,0.0,0.0,0.0,10724,25840,68.89,49.83,64.6196,63.02945,PCX,FXD
2024-03-08 00:00:00-05:00,61.50920473830341,61.79501992386788,60.73060630575377,60.90800857543945,75800,0.0,0.0,0.0,10724,25840,68.89,49.83,64.6196,63.02945,PCX,FXD
2024-03-11 00:00:00-04:00,60.70104354338722,60.898157603946096,60.47436368961781,60.799598693847656,52400,0.0,0.0,0.0,10724,25840,68.89,49.83,64.6196,63.02945,PCX,FXD
2024-03-12 00:00:00-04:00,60.90800440760579,61.1543960142382,60.75031392974654,61.09526443481445,21400,0.0,0.0,0.0,10724,25840,68.89,49.83,64.6196,63.02945,PCX,FXD
2024-03-13 00:00:00-04:00,61.09526586892081,61.94284985753636,61.09526586892081,61.73588180541992,24500,0.0,0.0,0.0,10724,25840,68.89,49.83,64.6196,63.02945,PCX,FXD
2024-03-14 00:00:00-04:00,61.71617358908432,61.75559715166044,60.65176371699403,61.01642227172852,22900,0.0,0.0,0.0,10724,25840,68.89,49.83,64.6196,63.02945,PCX,FXD
2024-03-15 00:00:00-04:00,60.85872774067276,61.20367449121829,60.77988062075515,60.83901596069336,30100,0.0,0.0,0.0,10724,25840,68.89,49.83,64.6196,63.02945,PCX,FXD
2024-03-18 00:00:00-04:00,60.98685681105096,61.05584616611517,60.55320513963263,60.7700309753418,32100,0.0,0.0,0.0,10724,25840,68.89,49.83,64.6196,63.02945,PCX,FXD
2024-03-19 00:00:00-04:00,60.87844135877111,61.29237747192383,60.70103909323773,61.29237747192383,82000,0.0,0.0,0.0,10724,25840,68.89,49.83,64.6196,63.02945,PCX,FXD
2024-03-20 00:00:00-04:00,61.21353930207541,62.43563972426885,61.21353930207541,62.41593170166016,48100,0.0,0.0,0.0,10724,25840,68.89,49.83,64.6196,63.02945,PCX,FXD
2024-03-21 00:00:00-04:00,62.79692973087691,63.21149803481339,62.79692973087691,63.10292053222656,19100,0.096,0.0,0.0,10724,25840,68.89,49.83,64.6196,63.02945,PCX,FXD
2024-03-22 00:00:00-04:00,62.806802033908085,62.83641271064752,62.51068397047736,62.5402946472168,22200,0.0,0.0,0.0,10724,25840,68.89,49.83,64.6196,63.02945,PCX,FXD
2024-03-25 00:00:00-04:00,62.569908828448405,62.71796975112928,62.20469665527344,62.20469665527344,41300,0.0,0.0,0.0,10724,25840,68.89,49.83,64.6196,63.02945,PCX,FXD
2024-03-26 00:00:00-04:00,62.609392765955455,62.66861788859143,62.28366023947616,62.30340194702149,19900,0.0,0.0,0.0,10724,25840,68.89,49.83,64.6196,63.02945,PCX,FXD
2024-03-27 00:00:00-04:00,62.65874577285708,63.32995254001012,62.65874577285708,63.3200798034668,153700,0.0,0.0,0.0,10724,25840,68.89,49.83,64.6196,63.02945,PCX,FXD
2024-03-28 00:00:00-04:00,63.47800839817216,63.80374094051934,63.47800839817216,63.70503616333008,25900,0.0,0.0,0.0,10724,25840,68.89,49.83,64.6196,63.02945,PCX,FXD
2024-04-01 00:00:00-04:00,63.6556756111923,63.67542108368095,63.19175490669573,63.26084899902344,164900,0.0,0.0,0.0,10724,25840,68.89,49.83,64.6196,63.02945,PCX,FXD
2024-04-02 00:00:00-04:00,62.490942905519205,62.490942905519205,61.60258494076474,61.82960891723633,24900,0.0,0.0,0.0,10724,25840,68.89,49.83,64.6196,63.02945,PCX,FXD
2024-04-03 00:00:00-04:00,61.6124536864084,61.95792790048305,61.54335959666256,61.72103118896485,30900,0.0,0.0,0.0,10724,25840,68.89,49.83,64.6196,63.02945,PCX,FXD
2024-04-04 00:00:00-04:00,62.21456202562214,62.23430373186009,60.516816707959066,60.58591079711914,55500,0.0,0.0,0.0,10724,25840,68.89,49.83,64.6196,63.02945,PCX,FXD
2024-04-05 00:00:00-04:00,60.64513171487894,61.29659295466985,60.64513171487894,61.05970001220703,37100,0.0,0.0,0.0,10724,25840,68.89,49.83,64.6196,63.02945,PCX,FXD
2024-04-08 00:00:00-04:00,61.20775474854291,61.52361826829183,61.20775474854291,61.24723815917969,22500,0.0,0.0,0.0,10724,25840,68.89,49.83,64.6196,63.02945,PCX,FXD
2024-04-09 00:00:00-04:00,61.51374924011283,61.51374924011283,60.77345219011274,61.36568832397461,27000,0.0,0.0,0.0,10724,25840,68.89,49.83,64.6196,63.02945,PCX,FXD
2024-04-10 00:00:00-04:00,60.20096328587415,60.51682308829165,59.69755913709598,59.93445587158203,33600,0.0,0.0,0.0,10724,25840,68.89,49.83,64.6196,63.02945,PCX,FXD
2024-04-11 00:00:00-04:00,60.023287178631975,60.40824104864851,59.63832954326987,60.29966354370117,43400,0.0,0.0,0.0,10724,25840,68.89,49.83,64.6196,63.02945,PCX,FXD
2024-04-12 00:00:00-04:00,59.72716260657258,59.72716260657258,58.95725490179226,59.11518478393555,326400,0.0,0.0,0.0,10724,25840,68.89,49.83,64.6196,63.02945,PCX,FXD
2024-04-15 00:00:00-04:00,59.66794326487915,59.70742667808189,58.25644324831837,58.365020751953125,41800,0.0,0.0,0.0,10724,25840,68.89,49.83,64.6196,63.02945,PCX,FXD
2024-04-16 00:00:00-04:00,58.11825973017372,58.42424679367986,57.74317480534644,58.1083869934082,26800,0.0,0.0,0.0,10724,25840,68.89,49.83,64.6196,63.02945,PCX,FXD
2024-04-17 00:00:00-04:00,58.66114124664102,58.66114124664102,57.753041532144685,57.832008361816406,40000,0.0,0.0,0.0,10724,25840,68.89,49.83,64.6196,63.02945,PCX,FXD
2024-04-18 00:00:00-04:00,58.23670329713244,58.60191546690242,57.74317191325843,57.851749420166016,34300,0.0,0.0,0.0,10724,25840,68.89,49.83,64.6196,63.02945,PCX,FXD
2024-04-19 00:00:00-04:00,57.68394505094985,58.18734915590375,57.43717936645945,57.674076080322266,19100,0.0,0.0,0.0,10724,25840,68.89,49.83,64.6196,63.02945,PCX,FXD
2024-04-22 00:00:00-04:00,57.98993813873652,58.62165771345213,57.82213927404142,58.295928955078125,34700,0.0,0.0,0.0,10724,25840,68.89,49.83,64.6196,63.02945,PCX,FXD
2024-04-23 00:00:00-04:00,58.46372603952184,59.37182572453266,58.46372603952184,59.15467071533203,46100,0.0,0.0,0.0,10724,25840,68.89,49.83,64.6196,63.02945,PCX,FXD
2024-04-24 00:00:00-04:00,58.96713221912339,59.352086101424106,58.58217457147698,58.97700119018555,33300,0.0,0.0,0.0,10724,25840,68.89,49.83,64.6196,63.02945,PCX,FXD
2024-04-25 00:00:00-04:00,58.21695983511563,58.4834672262158,57.5556296080247,58.365020751953125,28700,0.0,0.0,0.0,10724,25840,68.89,49.83,64.6196,63.02945,PCX,FXD
2024-04-26 00:00:00-04:00,58.41437345930685,59.07570369006051,58.29592698438817,58.70062255859375,49100,0.0,0.0,0.0,10724,25840,68.89,49.83,64.6196,63.02945,PCX,FXD
2024-04-29 00:00:00-04:00,58.94738791994561,59.13492848464656,58.81906870970522,59.055965423583984,43100,0.0,0.0,0.0,10724,25840,68.89,49.83,64.6196,63.02945,PCX,FXD
2024-04-30 00:00:00-04:00,58.65126798198702,58.65126798198702,57.71356136282824,57.73330307006836,43500,0.0,0.0,0.0,10724,25840,68.89,49.83,64.6196,63.02945,PCX,FXD
2024-05-01 00:00:00-04:00,57.71355991836956,58.434115270544254,57.249639223202,57.54575729370117,98700,0.0,0.0,0.0,10724,25840,68.89,49.83,64.6196,63.02945,PCX,FXD
2024-05-02 00:00:00-04:00,58.16760896548757,58.4933377195256,57.82213850433428,58.43411636352539,34000,0.0,0.0,0.0,10724,25840,68.89,49.83,64.6196,63.02945,PCX,FXD
2024-05-03 00:00:00-04:00,59.243511420659765,59.57911293297634,59.006614685058594,59.006614685058594,22200,0.0,0.0,0.0,10724,25840,68.89,49.83,64.6196,63.02945,PCX,FXD
2024-05-06 00:00:00-04:00,59.4409234687272,59.973934523080025,59.4409234687272,59.96406555175781,26700,0.0,0.0,0.0,10724,25840,68.89,49.83,64.6196,63.02945,PCX,FXD
2024-05-07 00:00:00-04:00,60.16147747362135,60.39837043332853,59.746909146115215,59.77652359008789,41500,0.0,0.0,0.0,10724,25840,68.89,49.83,64.6196,63.02945,PCX,FXD
2024-05-08 00:00:00-04:00,59.28299240704906,59.677815263069895,59.28299240704906,59.53962707519531,26500,0.0,0.0,0.0,10724,25840,68.89,49.83,64.6196,63.02945,PCX,FXD
2024-05-09 00:00:00-04:00,59.57910882904644,60.27992248535156,59.411306201773805,60.27992248535156,18700,0.0,0.0,0.0,10724,25840,68.89,49.83,64.6196,63.02945,PCX,FXD
2024-05-10 00:00:00-04:00,60.49707431914168,60.57603737785707,60.0825060235133,60.26017761230469,20100,0.0,0.0,0.0,10724,25840,68.89,49.83,64.6196,63.02945,PCX,FXD
2024-05-13 00:00:00-04:00,60.72409897543928,61.14853624619142,60.54642738464325,60.58591079711914,21000,0.0,0.0,0.0,10724,25840,68.89,49.83,64.6196,63.02945,PCX,FXD
2024-05-14 00:00:00-04:00,61.06957574774928,61.2867307735174,60.822810042229456,60.97087097167969,17400,0.0,0.0,0.0,10724,25840,68.89,49.83,64.6196,63.02945,PCX,FXD
2024-05-15 00:00:00-04:00,61.45452567334444,61.46439840952071,60.8919002023563,61.08931350708008,99100,0.0,0.0,0.0,10724,25840,68.89,49.83,64.6196,63.02945,PCX,FXD
2024-05-16 00:00:00-04:00,61.000474558702734,61.069568646986816,60.71422546989987,60.724098205566406,19600,0.0,0.0,0.0,10724,25840,68.89,49.83,64.6196,63.02945,PCX,FXD
2024-05-17 00:00:00-04:00,60.61552312034499,60.68461721138191,60.516818351819545,60.53656005859375,16000,0.0,0.0,0.0,10724,25840,68.89,49.83,64.6196,63.02945,PCX,FXD
2024-05-20 00:00:00-04:00,60.62539239108423,60.78332604605943,60.39836841007576,60.52668762207031,15400,0.0,0.0,0.0,10724,25840,68.89,49.83,64.6196,63.02945,PCX,FXD
2024-05-21 00:00:00-04:00,60.49707632129032,60.49707632129032,60.11212245461741,60.200958251953125,20700,0.0,0.0,0.0,10724,25840,68.89,49.83,64.6196,63.02945,PCX,FXD
2024-05-22 00:00:00-04:00,60.03315671282977,60.03315671282977,59.23363452235984,59.36195373535156,39700,0.0,0.0,0.0,10724,25840,68.89,49.83,64.6196,63.02945,PCX,FXD
2024-05-23 00:00:00-04:00,59.04609379223493,59.10531891314898,58.47359935144821,58.56243515014648,47900,0.0,0.0,0.0,10724,25840,68.89,49.83,64.6196,63.02945,PCX,FXD
2024-05-24 00:00:00-04:00,59.13493212775431,59.5198860168457,59.13493212775431,59.5198860168457,41900,0.0,0.0,0.0,10724,25840,68.89,49.83,64.6196,63.02945,PCX,FXD
2024-05-28 00:00:00-04:00,59.60871571442596,59.63832639044782,59.05596301350924,59.24350357055664,29500,0.0,0.0,0.0,10724,25840,68.89,49.83,64.6196,63.02945,PCX,FXD
2024-05-29 00:00:00-04:00,58.52294745840043,58.848676186254174,58.52294745840043,58.69074630737305,49600,0.0,0.0,0.0,10724,25840,68.89,49.83,64.6196,63.02945,PCX,FXD
2024-05-30 00:00:00-04:00,58.73023278943196,59.28298927709218,58.73023278943196,59.17441177368164,48700,0.0,0.0,0.0,10724,25840,68.89,49.83,64.6196,63.02945,PCX,FXD
2024-05-31 00:00:00-04:00,59.51001713557045,60.092384338378906,59.33234553028342,60.092384338378906,39500,0.0,0.0,0.0,10724,25840,68.89,49.83,64.6196,63.02945,PCX,FXD
2024-06-03 00:00:00-04:00,60.54642735246237,60.54642735246237,59.81599928342854,60.24043655395508,19400,0.0,0.0,0.0,10724,25840,68.89,49.83,64.6196,63.02945,PCX,FXD
2024-06-04 00:00:00-04:00,60.01341645934013,60.151604646518656,59.490274389208366,59.54949951171875,64900,0.0,0.0,0.0,10724,25840,68.89,49.83,64.6196,63.02945,PCX,FXD
2024-06-05 00:00:00-04:00,59.88509500856298,60.19108581542969,59.34221125118606,60.19108581542969,71400,0.0,0.0,0.0,10724,25840,68.89,49.83,64.6196,63.02945,PCX,FXD
2024-06-06 00:00:00-04:00,60.14173541474466,60.191087800616536,59.69755641120641,59.78639221191406,35000,0.0,0.0,0.0,10724,25840,68.89,49.83,64.6196,63.02945,PCX,FXD
2024-06-07 00:00:00-04:00,59.42117785824064,59.69755422126109,59.34221103146591,59.391563415527344,18700,0.0,0.0,0.0,10724,25840,68.89,49.83,64.6196,63.02945,PCX,FXD
2024-06-10 00:00:00-04:00,59.39156321623621,59.71729572757063,59.34221083234038,59.62845993041992,113600,0.0,0.0,0.0,10724,25840,68.89,49.83,64.6196,63.02945,PCX,FXD
2024-06-11 00:00:00-04:00,58.91777206380065,59.312598655677306,58.91777206380065,59.21389389038086,24400,0.0,0.0,0.0,10724,25840,68.89,49.83,64.6196,63.02945,PCX,FXD
2024-06-12 00:00:00-04:00,60.22069714185607,60.80306431904224,60.003545895772575,60.17134475708008,44100,0.0,0.0,0.0,10724,25840,68.89,49.83,64.6196,63.02945,PCX,FXD
2024-06-13 00:00:00-04:00,60.18121961466606,60.18121961466606,59.33234501135147,59.6482048034668,32500,0.0,0.0,0.0,10724,25840,68.89,49.83,64.6196,63.02945,PCX,FXD
2024-06-14 00:00:00-04:00,59.046094619639526,59.046094619639526,58.37489163459058,58.65126800537109,14400,0.0,0.0,0.0,10724,25840,68.89,49.83,64.6196,63.02945,PCX,FXD
2024-06-17 00:00:00-04:00,58.61178467404313,59.61858908836591,58.61178467404313,59.56923294067383,47500,0.0,0.0,0.0,10724,25840,68.89,49.83,64.6196,63.02945,PCX,FXD
2024-06-18 00:00:00-04:00,59.49027100005337,59.5494961191897,59.371824527126186,59.42117691040039,23300,0.0,0.0,0.0,10724,25840,68.89,49.83,64.6196,63.02945,PCX,FXD
2024-06-20 00:00:00-04:00,59.45079370492802,59.727170091979744,59.204027997818734,59.352088928222656,23800,0.0,0.0,0.0,10724,25840,68.89,49.83,64.6196,63.02945,PCX,FXD
2024-06-21 00:00:00-04:00,59.29285844844455,59.64820163704736,59.27311674181711,59.62845993041992,15500,0.0,0.0,0.0,10724,25840,68.89,49.83,64.6196,63.02945,PCX,FXD
2024-06-24 00:00:00-04:00,59.58897468253216,60.151600125382586,59.58897468253216,59.91470718383789,19300,0.0,0.0,0.0,10724,25840,68.89,49.83,64.6196,63.02945,PCX,FXD
2024-06-25 00:00:00-04:00,59.66794183529721,59.66794183529721,59.1645377423872,59.21389389038086,12900,0.0,0.0,0.0,10724,25840,68.89,49.83,64.6196,63.02945,PCX,FXD
2024-06-26 00:00:00-04:00,58.96712763743301,59.11518478393555,58.85855013745724,59.11518478393555,14700,0.0,0.0,0.0,10724,25840,68.89,49.83,64.6196,63.02945,PCX,FXD
2024-06-27 00:00:00-04:00,58.98172523050618,58.98172523050618,58.7246828302332,58.91252136230469,16900,0.095,0.0,0.0,10724,25840,68.89,49.83,64.6196,63.02945,PCX,FXD
2024-06-28 00:00:00-04:00,59.01138181360441,59.44638185827058,59.01138181360441,59.2288818359375,27000,0.0,0.0,0.0,10724,25840,68.89,49.83,64.6196,63.02945,PCX,FXD
2024-07-01 00:00:00-04:00,59.49581140406179,59.49581140406179,58.14138804643725,58.24024963378906,229400,0.0,0.0,0.0,10724,25840,68.89,49.83,64.6196,63.02945,PCX,FXD
2024-07-02 00:00:00-04:00,58.220476562053136,58.25013428399312,58.00297654428576,58.24024963378906,52700,0.0,0.0,0.0,10724,25840,68.89,49.83,64.6196,63.02945,PCX,FXD
2024-07-03 00:00:00-04:00,58.28968285046149,58.70490983152055,58.26990977790363,58.35888671875,82100,0.0,0.0,0.0,10724,25840,68.89,49.83,64.6196,63.02945,PCX,FXD
2024-07-05 00:00:00-04:00,58.25013804903222,58.42809193482992,57.93377642346477,58.19082260131836,48700,0.0,0.0,0.0,10724,25840,68.89,49.83,64.6196,63.02945,PCX,FXD
2024-07-08 00:00:00-04:00,58.48740830529399,58.645589110373656,58.2797967057509,58.37865829467773,85100,0.0,0.0,0.0,10724,25840,68.89,49.83,64.6196,63.02945,PCX,FXD
2024-07-09 00:00:00-04:00,58.34900336362542,58.61593419209105,58.11173025899107,58.14139175415039,42100,0.0,0.0,0.0,10724,25840,68.89,49.83,64.6196,63.02945,PCX,FXD
2024-07-10 00:00:00-04:00,58.29957039908575,58.34900119407593,57.9436626410317,58.2699089050293,62400,0.0,0.0,0.0,10724,25840,68.89,49.83,64.6196,63.02945,PCX,FXD
2024-07-11 00:00:00-04:00,58.744451401385184,59.634220797672334,58.63570516079713,59.57490158081055,55000,0.0,0.0,0.0,10724,25840,68.89,49.83,64.6196,63.02945,PCX,FXD
2024-07-12 00:00:00-04:00,59.91104230963703,60.48445014981749,59.91104230963703,60.1483154296875,27000,0.0,0.0,0.0,10724,25840,68.89,49.83,64.6196,63.02945,PCX,FXD
2024-07-15 00:00:00-04:00,59.81217719789498,60.35592350906477,59.72320025451607,59.74297332763672,309900,0.0,0.0,0.0,10724,25840,68.89,49.83,64.6196,63.02945,PCX,FXD
2024-07-16 00:00:00-04:00,60.09887614931592,61.32477641116419,60.09887614931592,61.26546096801758,40800,0.0,0.0,0.0,10724,25840,68.89,49.83,64.6196,63.02945,PCX,FXD
2024-07-17 00:00:00-04:00,60.57341790918046,60.998529513422135,60.1680793762207,60.1680793762207,12800,0.0,0.0,0.0,10724,25840,68.89,49.83,64.6196,63.02945,PCX,FXD
2024-07-18 00:00:00-04:00,60.217509886628754,60.96886773518228,59.23876360506254,59.367286682128906,22800,0.0,0.0,0.0,10724,25840,68.89,49.83,64.6196,63.02945,PCX,FXD
2024-07-19 00:00:00-04:00,59.23876623227154,59.30797387016715,58.96195076600063,59.03115463256836,12200,0.0,0.0,0.0,10724,25840,68.89,49.83,64.6196,63.02945,PCX,FXD
2024-07-22 00:00:00-04:00,59.27830918840195,59.52546691894531,58.56649748893988,59.52546691894531,20500,0.0,0.0,0.0,10724,25840,68.89,49.83,64.6196,63.02945,PCX,FXD
2024-07-23 00:00:00-04:00,59.3079751971186,59.67376761020764,59.25854063018314,59.466156005859375,21900,0.0,0.0,0.0,10724,25840,68.89,49.83,64.6196,63.02945,PCX,FXD
2024-07-24 00:00:00-04:00,59.07070041929882,59.22888122354341,58.11172717219407,58.13150024414063,26300,0.0,0.0,0.0,10724,25840,68.89,49.83,64.6196,63.02945,PCX,FXD
2024-07-25 00:00:00-04:00,58.06229550206818,58.81365713939088,57.7755916201601,58.04252243041992,22200,0.0,0.0,0.0,10724,25840,68.89,49.83,64.6196,63.02945,PCX,FXD
2024-07-26 00:00:00-04:00,58.73456604178551,59.17945073455786,58.67524682563991,58.98172378540039,27300,0.0,0.0,0.0,10724,25840,68.89,49.83,64.6196,63.02945,PCX,FXD
2024-07-29 00:00:00-04:00,59.13990644249921,59.33763339784874,58.87297561847654,59.25854110717773,19000,0.0,0.0,0.0,10724,25840,68.89,49.83,64.6196,63.02945,PCX,FXD
2024-07-30 00:00:00-04:00,59.51558391574032,59.723195510022144,59.16956082060949,59.60456085205078,19900,0.0,0.0,0.0,10724,25840,68.89,49.83,64.6196,63.02945,PCX,FXD
2024-07-31 00:00:00-04:00,60.10876145281311,61.01830389466857,59.82205757006199,60.0000114440918,35200,0.0,0.0,0.0,10724,25840,68.89,49.83,64.6196,63.02945,PCX,FXD
2024-08-01 00:00:00-04:00,60.26694076002455,60.43500997969558,58.39842890039367,58.81365585327149,35700,0.0,0.0,0.0,10724,25840,68.89,49.83,64.6196,63.02945,PCX,FXD
2024-08-02 00:00:00-04:00,57.47900359651063,57.47900359651063,56.697984230471086,57.23184585571289,43600,0.0,0.0,0.0,10724,25840,68.89,49.83,64.6196,63.02945,PCX,FXD
2024-08-05 00:00:00-04:00,54.335158182599976,56.470600965325325,54.26595431516247,55.90708160400391,72500,0.0,0.0,0.0,10724,25840,68.89,49.83,64.6196,63.02945,PCX,FXD
2024-08-06 00:00:00-04:00,56.22344207467621,57.567980794102056,55.9565112608495,56.826507568359375,303800,0.0,0.0,0.0,10724,25840,68.89,49.83,64.6196,63.02945,PCX,FXD
2024-08-07 00:00:00-04:00,57.62730302995488,57.82502998811424,56.13446807861328,56.13446807861328,50300,0.0,0.0,0.0,10724,25840,68.89,49.83,64.6196,63.02945,PCX,FXD
2024-08-08 00:00:00-04:00,56.65844530631741,57.59764176144493,56.45082992520293,57.5877571105957,44200,0.0,0.0,0.0,10724,25840,68.89,49.83,64.6196,63.02945,PCX,FXD
2024-08-09 00:00:00-04:00,57.51854948398365,57.91400337602992,57.20218787887776,57.637184143066406,29800,0.0,0.0,0.0,10724,25840,68.89,49.83,64.6196,63.02945,PCX,FXD
2024-08-12 00:00:00-04:00,57.30105416965671,57.62730422307357,57.05389640967235,57.12310028076172,20700,0.0,0.0,0.0,10724,25840,68.89,49.83,64.6196,63.02945,PCX,FXD
2024-08-13 00:00:00-04:00,57.14286841272696,58.13149936717319,57.14286841272696,58.04252243041992,52600,0.0,0.0,0.0,10724,25840,68.89,49.83,64.6196,63.02945,PCX,FXD
2024-08-14 00:00:00-04:00,58.26990589688036,58.26990589688036,57.67672884496464,57.70638656616211,46900,0.0,0.0,0.0,10724,25840,68.89,49.83,64.6196,63.02945,PCX,FXD
2024-08-15 00:00:00-04:00,58.91251704221161,59.337628642177336,58.89274397112859,59.1201286315918,133600,0.0,0.0,0.0,10724,25840,68.89,49.83,64.6196,63.02945,PCX,FXD
2024-08-16 00:00:00-04:00,59.2091058839425,59.51558283038454,59.18933281275323,59.367286682128906,19700,0.0,0.0,0.0,10724,25840,68.89,49.83,64.6196,63.02945,PCX,FXD
2024-08-19 00:00:00-04:00,59.54524282011236,59.9604697882512,59.54524282011236,59.940696716308594,14300,0.0,0.0,0.0,10724,25840,68.89,49.83,64.6196,63.02945,PCX,FXD
2024-08-20 00:00:00-04:00,59.96046714870123,60.08898645367872,59.55512862004123,59.67376327514648,16800,0.0,0.0,0.0,10724,25840,68.89,49.83,64.6196,63.02945,PCX,FXD
2024-08-21 00:00:00-04:00,60.266942311665446,60.65250778198242,60.21751151801698,60.65250778198242,23100,0.0,0.0,0.0,10724,25840,68.89,49.83,64.6196,63.02945,PCX,FXD
2024-08-22 00:00:00-04:00,60.57341864018376,60.59319171170429,60.0395570231128,60.1581916809082,85600,0.0,0.0,0.0,10724,25840,68.89,49.83,64.6196,63.02945,PCX,FXD
2024-08-23 00:00:00-04:00,60.662398185308064,61.69057532062839,60.662398185308064,61.631256103515625,217600,0.0,0.0,0.0,10724,25840,68.89,49.83,64.6196,63.02945,PCX,FXD
2024-08-26 00:00:00-04:00,61.898188955116886,61.96739282502252,61.33466957369789,61.40387344360352,111200,0.0,0.0,0.0,10724,25840,68.89,49.83,64.6196,63.02945,PCX,FXD
2024-08-27 00:00:00-04:00,61.00841404384177,61.41375257600719,60.87989473775283,61.27534484863281,21700,0.0,0.0,0.0,10724,25840,68.89,49.83,64.6196,63.02945,PCX,FXD
2024-08-28 00:00:00-04:00,61.08750714041871,61.146822583608525,60.43501086603638,60.71182632446289,35100,0.0,0.0,0.0,10724,25840,68.89,49.83,64.6196,63.02945,PCX,FXD
2024-08-29 00:00:00-04:00,60.49432924008848,61.16659861854715,60.48444458952054,60.62285232543945,10100,0.0,0.0,0.0,10724,25840,68.89,49.83,64.6196,63.02945,PCX,FXD
2024-08-30 00:00:00-04:00,60.800805065749685,60.939212799072266,60.32626264950318,60.939212799072266,41100,0.0,0.0,0.0,10724,25840,68.89,49.83,64.6196,63.02945,PCX,FXD
2024-09-03 00:00:00-04:00,60.64262390631048,60.64262390631048,59.82205839022,60.03955841064453,27100,0.0,0.0,0.0,10724,25840,68.89,49.83,64.6196,63.02945,PCX,FXD
2024-09-04 00:00:00-04:00,59.82205541092207,60.3658054349032,59.82205541092207,60.0791015625,17800,0.0,0.0,0.0,10724,25840,68.89,49.83,64.6196,63.02945,PCX,FXD
2024-09-05 00:00:00-04:00,60.227395895937136,60.27683046068993,59.67376497545269,59.80228805541992,14600,0.0,0.0,0.0,10724,25840,68.89,49.83,64.6196,63.02945,PCX,FXD
2024-09-06 00:00:00-04:00,59.91103465341593,60.18785388665392,58.86308824971155,58.89274597167969,18200,0.0,0.0,0.0,10724,25840,68.89,49.83,64.6196,63.02945,PCX,FXD
2024-09-09 00:00:00-04:00,59.13990721114043,59.75285738649531,59.13990721114043,59.2486572265625,15900,0.0,0.0,0.0,10724,25840,68.89,49.83,64.6196,63.02945,PCX,FXD
2024-09-10 00:00:00-04:00,59.32774280790813,59.33763122954466,58.14138866181843,58.73456573486328,25800,0.0,0.0,0.0,10724,25840,68.89,49.83,64.6196,63.02945,PCX,FXD
2024-09-11 00:00:00-04:00,58.566501454061004,59.10035932196936,57.805255139889546,59.07070159912109,39100,0.0,0.0,0.0,10724,25840,68.89,49.83,64.6196,63.02945,PCX,FXD
2024-09-12 00:00:00-04:00,59.38706790482864,59.891271861043016,59.05093319112847,59.81217956542969,43200,0.0,0.0,0.0,10724,25840,68.89,49.83,64.6196,63.02945,PCX,FXD
2024-09-13 00:00:00-04:00,60.20762860311186,61.06773650563405,60.20762860311186,60.83046340942383,215300,0.0,0.0,0.0,10724,25840,68.89,49.83,64.6196,63.02945,PCX,FXD
2024-09-16 00:00:00-04:00,60.9392129997521,61.295120755941,60.8106899163888,61.08750915527344,25300,0.0,0.0,0.0,10724,25840,68.89,49.83,64.6196,63.02945,PCX,FXD
2024-09-17 00:00:00-04:00,61.364325904626654,61.9970491415888,61.216029746007656,61.52250671386719,22800,0.0,0.0,0.0,10724,25840,68.89,49.83,64.6196,63.02945,PCX,FXD
2024-09-18 00:00:00-04:00,61.5521621171428,62.56056615229221,61.364323591789336,61.50273132324219,16700,0.0,0.0,0.0,10724,25840,68.89,49.83,64.6196,63.02945,PCX,FXD
2024-09-19 00:00:00-04:00,62.56056791209867,62.65943327400878,62.09591391076896,62.28375244140625,30400,0.0,0.0,0.0,10724,25840,68.89,49.83,64.6196,63.02945,PCX,FXD
2024-09-20 00:00:00-04:00,61.98715972900391,62.10579438398859,61.73011357665479,61.98715972900391,22200,0.0,0.0,0.0,10724,25840,68.89,49.83,64.6196,63.02945,PCX,FXD
2024-09-23 00:00:00-04:00,62.04647493127385,62.39249801635742,61.80920562222057,62.39249801635742,22800,0.0,0.0,0.0,10724,25840,68.89,49.83,64.6196,63.02945,PCX,FXD
2024-09-24 00:00:00-04:00,62.55067913271262,62.659429137971365,62.392498335425614,62.63965606689453,19200,0.0,0.0,0.0,10724,25840,68.89,49.83,64.6196,63.02945,PCX,FXD
2024-09-25 00:00:00-04:00,62.46170533833941,62.51113613285243,62.08602451165028,62.09591293334961,15200,0.0,0.0,0.0,10724,25840,68.89,49.83,64.6196,63.02945,PCX,FXD
2024-09-26 00:00:00-04:00,62.82370002674103,63.06166646700733,62.59564727881568,62.98234558105469,86100,0.184,0.0,0.0,10724,25840,68.89,49.83,64.6196,63.02945,PCX,FXD
2024-09-27 00:00:00-04:00,63.42853653008443,63.607013249083984,62.96251356576246,63.1806526184082,14200,0.0,0.0,0.0,10724,25840,68.89,49.83,64.6196,63.02945,PCX,FXD
2024-09-30 00:00:00-04:00,63.00217544430946,63.07158263648477,62.41716926568304,62.75429153442383,26000,0.0,0.0,0.0,10724,25840,68.89,49.83,64.6196,63.02945,PCX,FXD
2024-10-01 00:00:00-04:00,62.7443757644585,62.7443757644585,61.8718271012905,62.3576774597168,33400,0.0,0.0,0.0,10724,25840,68.89,49.83,64.6196,63.02945,PCX,FXD
2024-10-02 00:00:00-04:00,62.08004348787572,62.21885786437988,61.832159592001695,61.97097396850586,58800,0.0,0.0,0.0,10724,25840,68.89,49.83,64.6196,63.02945,PCX,FXD
2024-10-03 00:00:00-04:00,61.58427955097322,61.61402440996939,61.138087753989154,61.60411071777344,23000,0.0,0.0,0.0,10724,25840,68.89,49.83,64.6196,63.02945,PCX,FXD
2024-10-04 00:00:00-04:00,62.28826781755371,62.49648939155272,61.86190719513197,62.2188606262207,21500,0.0,0.0,0.0,10724,25840,68.89,49.83,64.6196,63.02945,PCX,FXD
2024-10-07 00:00:00-04:00,61.9610660207547,61.9610660207547,61.23724164918453,61.52478790283203,19900,0.0,0.0,0.0,10724,25840,68.89,49.83,64.6196,63.02945,PCX,FXD
2024-10-08 00:00:00-04:00,61.51486863656638,62.06021245214849,61.41571280856449,61.76275253295898,23600,0.0,0.0,0.0,10724,25840,68.89,49.83,64.6196,63.02945,PCX,FXD
2024-10-09 00:00:00-04:00,61.83216295967991,62.31801330390623,61.83216295967991,62.07012939453125,17600,0.0,0.0,0.0,10724,25840,68.89,49.83,64.6196,63.02945,PCX,FXD
2024-10-10 00:00:00-04:00,61.72309142794223,61.98088902105236,61.58427704838999,61.83216094970703,20600,0.0,0.0,0.0,10724,25840,68.89,49.83,64.6196,63.02945,PCX,FXD
2024-10-11 00:00:00-04:00,62.13953969070183,62.585731506347656,62.13953969070183,62.585731506347656,28200,0.0,0.0,0.0,10724,25840,68.89,49.83,64.6196,63.02945,PCX,FXD
2024-10-14 00:00:00-04:00,62.57581408035048,62.77412196240704,62.37750619829392,62.7443733215332,14500,0.0,0.0,0.0,10724,25840,68.89,49.83,64.6196,63.02945,PCX,FXD
2024-10-15 00:00:00-04:00,62.843529047709886,63.60701193377384,62.843529047709886,62.952598571777344,27400,0.0,0.0,0.0,10724,25840,68.89,49.83,64.6196,63.02945,PCX,FXD
2024-10-16 00:00:00-04:00,63.19056418960612,63.76565287853963,63.19056418960612,63.67641830444336,32800,0.0,0.0,0.0,10724,25840,68.89,49.83,64.6196,63.02945,PCX,FXD
2024-10-17 00:00:00-04:00,63.7458253790559,63.7458253790559,63.31946476346512,63.51776885986328,15100,0.0,0.0,0.0,10724,25840,68.89,49.83,64.6196,63.02945,PCX,FXD
2024-10-18 00:00:00-04:00,63.95405055988134,63.99371289436316,63.73591150263974,63.93422317504883,23200,0.0,0.0,0.0,10724,25840,68.89,49.83,64.6196,63.02945,PCX,FXD
2024-10-21 00:00:00-04:00,63.67641920672747,63.81523358938846,63.03191953590631,63.11124420166016,12000,0.0,0.0,0.0,10724,25840,68.89,49.83,64.6196,63.02945,PCX,FXD
2024-10-22 00:00:00-04:00,62.79395564858265,62.79395564858265,62.36759500889537,62.51632308959961,23100,0.0,0.0,0.0,10724,25840,68.89,49.83,64.6196,63.02945,PCX,FXD
2024-10-23 00:00:00-04:00,62.28826628603642,62.5460676609988,61.72309129484495,62.04038238525391,16900,0.0,0.0,0.0,10724,25840,68.89,49.83,64.6196,63.02945,PCX,FXD
2024-10-24 00:00:00-04:00,62.34776268662,62.34776268662,61.99080924768917,62.08004760742188,12800,0.0,0.0,0.0,10724,25840,68.89,49.83,64.6196,63.02945,PCX,FXD
2024-10-25 00:00:00-04:00,62.66505162032951,62.75428997696992,61.99080709958152,62.05030059814453,38300,0.0,0.0,0.0,10724,25840,68.89,49.83,64.6196,63.02945,PCX,FXD
2024-10-28 00:00:00-04:00,62.48657859813156,62.98234643488372,62.48657859813156,62.78403854370117,15100,0.0,0.0,0.0,10724,25840,68.89,49.83,64.6196,63.02945,PCX,FXD
2024-10-29 00:00:00-04:00,62.00072265613829,62.64522233819215,61.98089148935421,62.496490478515625,12600,0.0,0.0,0.0,10724,25840,68.89,49.83,64.6196,63.02945,PCX,FXD
2024-10-30 00:00:00-04:00,62.35767538888621,62.952599038462246,62.35767538888621,62.486576080322266,18000,0.0,0.0,0.0,10724,25840,68.89,49.83,64.6196,63.02945,PCX,FXD
2024-10-31 00:00:00-04:00,62.4766562971821,62.516318628836544,61.75283576532512,61.77266693115234,23500,0.0,0.0,0.0,10724,25840,68.89,49.83,64.6196,63.02945,PCX,FXD
2024-11-01 00:00:00-04:00,62.08996423746995,62.25852727267773,61.75284194946289,61.75284194946289,17400,0.0,0.0,0.0,10724,25840,68.89,49.83,64.6196,63.02945,PCX,FXD
2024-11-04 00:00:00-05:00,61.802419463349885,62.486577706640006,61.802419463349885,61.93131637573242,15900,0.0,0.0,0.0,10724,25840,68.89,49.83,64.6196,63.02945,PCX,FXD
2024-11-05 00:00:00-05:00,61.941234224158286,62.72454452514648,61.941234224158286,62.72454452514648,52800,0.0,0.0,0.0,10724,25840,68.89,49.83,64.6196,63.02945,PCX,FXD
2024-11-06 00:00:00-05:00,63.86481401993029,63.884641404154,63.15090336840351,63.85489654541016,18700,0.0,0.0,0.0,10724,25840,68.89,49.83,64.6196,63.02945,PCX,FXD
2024-11-07 00:00:00-05:00,64.09285858653502,64.87617259396423,64.09285858653502,64.52913665771484,32600,0.0,0.0,0.0,10724,25840,68.89,49.83,64.6196,63.02945,PCX,FXD
2024-11-08 00:00:00-05:00,64.39032295613269,64.54896471515487,64.33082567728526,64.53904724121094,17800,0.0,0.0,0.0,10724,25840,68.89,49.83,64.6196,63.02945,PCX,FXD
2024-11-11 00:00:00-05:00,64.93566450892212,65.29261793111377,64.93566450892212,65.08439636230469,58500,0.0,0.0,0.0,10724,25840,68.89,49.83,64.6196,63.02945,PCX,FXD
2024-11-12 00:00:00-05:00,64.79685373298275,65.00507531337075,64.29116842928805,64.60846710205078,28200,0.0,0.0,0.0,10724,25840,68.89,49.83,64.6196,63.02945,PCX,FXD
2024-11-13 00:00:00-05:00,65.15380442748167,65.37194347339876,64.75718866807031,64.88609313964844,22300,0.0,0.0,0.0,10724,25840,68.89,49.83,64.6196,63.02945,PCX,FXD
2024-11-14 00:00:00-05:00,65.08439605907057,65.61982618986343,64.9158368229366,64.97532653808594,33600,0.0,0.0,0.0,10724,25840,68.89,49.83,64.6196,63.02945,PCX,FXD
2024-11-15 00:00:00-05:00,64.8067685175777,64.8067685175777,64.12260652126191,64.15235137939453,29200,0.0,0.0,0.0,10724,25840,68.89,49.83,64.6196,63.02945,PCX,FXD
2024-11-18 00:00:00-05:00,64.06312160553509,64.34075038866534,63.94413459927198,64.11270141601562,16400,0.0,0.0,0.0,10724,25840,68.89,49.83,64.6196,63.02945,PCX,FXD
2024-11-19 00:00:00-05:00,63.50786117799104,64.16227077091187,63.250059791777794,64.07303619384766,36200,0.0,0.0,0.0,10724,25840,68.89,49.83,64.6196,63.02945,PCX,FXD
2024-11-20 00:00:00-05:00,64.0135335643316,64.0135335643316,63.4285312129279,63.8945541381836,17900,0.0,0.0,0.0,10724,25840,68.89,49.83,64.6196,63.02945,PCX,FXD
2024-11-21 00:00:00-05:00,64.18210163118012,64.92575331860475,63.85489307315741,64.8563461303711,17200,0.0,0.0,0.0,10724,25840,68.89,49.83,64.6196,63.02945,PCX,FXD
2024-11-22 00:00:00-05:00,65.18354708807064,66.17508267076336,65.18354708807064,66.11559295654297,15900,0.0,0.0,0.0,10724,25840,68.89,49.83,64.6196,63.02945,PCX,FXD
2024-11-25 00:00:00-05:00,67.08729593342136,68.09865882051523,67.08729593342136,67.72187805175781,15600,0.0,0.0,0.0,10724,25840,68.89,49.83,64.6196,63.02945,PCX,FXD
2024-11-26 00:00:00-05:00,67.25586179331935,67.25586179331935,66.75017651744324,66.8691635131836,15200,0.0,0.0,0.0,10724,25840,68.89,49.83,64.6196,63.02945,PCX,FXD
2024-11-27 00:00:00-05:00,67.04764497899507,67.29552889742033,66.71051891623198,66.82950592041016,13900,0.0,0.0,0.0,10724,25840,68.89,49.83,64.6196,63.02945,PCX,FXD
2024-11-29 00:00:00-05:00,67.10712617304618,67.25585801816906,67.02780151367188,67.02780151367188,4700,0.0,0.0,0.0,10724,25840,68.89,49.83,64.6196,63.02945,PCX,FXD
2024-12-02 00:00:00-05:00,67.07738828864268,67.65248078165462,67.04764342948977,67.54341125488281,25000,0.0,0.0,0.0,10724,25840,68.89,49.83,64.6196,63.02945,PCX,FXD
2024-12-03 00:00:00-05:00,67.40459220462559,67.45416444484454,67.05754869901219,67.37483978271484,64100,0.0,0.0,0.0,10724,25840,68.89,49.83,64.6196,63.02945,PCX,FXD
2024-12-04 00:00:00-05:00,67.2360283141848,67.94001770019531,67.2360283141848,67.94001770019531,21300,0.0,0.0,0.0,10724,25840,68.89,49.83,64.6196,63.02945,PCX,FXD
2024-12-05 00:00:00-05:00,67.99952017514025,68.19782428936969,67.7218913892922,67.80120849609375,25200,0.0,0.0,0.0,10724,25840,68.89,49.83,64.6196,63.02945,PCX,FXD
2024-12-06 00:00:00-05:00,68.20773439493937,68.2573066357321,67.71196659811453,67.91027069091797,16500,0.0,0.0,0.0,10724,25840,68.89,49.83,64.6196,63.02945,PCX,FXD
2024-12-09 00:00:00-05:00,68.25730659415181,68.30688639973059,67.38475799560547,67.38475799560547,41300,0.0,0.0,0.0,10724,25840,68.89,49.83,64.6196,63.02945,PCX,FXD
2024-12-10 00:00:00-05:00,67.15671280231393,67.68222548565522,67.15671280231393,67.22611999511719,18400,0.0,0.0,0.0,10724,25840,68.89,49.83,64.6196,63.02945,PCX,FXD
2024-12-11 00:00:00-05:00,67.5235831957182,67.71197740933276,67.28561673339597,67.53350067138672,42000,0.0,0.0,0.0,10724,25840,68.89,49.83,64.6196,63.02945,PCX,FXD
2024-12-12 00:00:00-05:00,67.38475825966692,67.4740003970952,66.948480176276,66.96831512451172,66000,0.0,0.0,0.0,10724,25840,68.89,49.83,64.6196,63.02945,PCX,FXD
2024-12-13 00:00:00-05:00,66.81814922864338,66.8778147395498,66.38058191620743,66.71869659423828,992600,0.199,0.0,0.0,10724,25840,68.89,49.83,64.6196,63.02945,PCX,FXD
2024-12-16 00:00:00-05:00,66.58942425679398,67.12643666053886,66.55959149889227,66.62920379638672,32300,0.0,0.0,0.0,10724,25840,68.89,49.83,64.6196,63.02945,PCX,FXD
2024-12-17 00:00:00-05:00,66.3607006896779,66.69881539190055,66.19163575139527,66.39053344726562,43300,0.0,0.0,0.0,10724,25840,68.89,49.83,64.6196,63.02945,PCX,FXD
2024-12-18 00:00:00-05:00,66.50985732535365,66.74853453473149,64.08336639404297,64.08336639404297,100300,0.0,0.0,0.0,10724,25840,68.89,49.83,64.6196,63.02945,PCX,FXD
2024-12-19 00:00:00-05:00,64.72977481491802,64.76955435709273,64.05354535946341,64.18282318115234,31400,0.0,0.0,0.0,10724,25840,68.89,49.83,64.6196,63.02945,PCX,FXD
2024-12-20 00:00:00-05:00,63.88447576903171,65.5452392887384,63.88447576903171,65.17728424072266,20100,0.0,0.0,0.0,10724,25840,68.89,49.83,64.6196,63.02945,PCX,FXD
2024-12-23 00:00:00-05:00,64.99827973646232,65.11761835363865,64.5010468789846,65.05794525146484,20100,0.0,0.0,0.0,10724,25840,68.89,49.83,64.6196,63.02945,PCX,FXD
2024-12-24 00:00:00-05:00,65.20712225954603,65.67452239990234,64.9087794844163,65.67452239990234,7700,0.0,0.0,0.0,10724,25840,68.89,49.83,64.6196,63.02945,PCX,FXD
2024-12-26 00:00:00-05:00,65.21706385063047,65.92313360258366,65.21706385063047,65.84357452392578,13900,0.0,0.0,0.0,10724,25840,68.89,49.83,64.6196,63.02945,PCX,FXD
2024-12-27 00:00:00-05:00,65.4258950548446,65.49550734582664,64.829217191117,65.22699737548828,14500,0.0,0.0,0.0,10724,25840,68.89,49.83,64.6196,63.02945,PCX,FXD
2024-12-30 00:00:00-05:00,64.57066117738687,64.70988577482322,63.85464462647334,64.4413833618164,22700,0.0,0.0,0.0,10724,25840,68.89,49.83,64.6196,63.02945,PCX,FXD
2024-12-31 00:00:00-05:00,64.71983009992297,64.77949561451037,64.16292414414622,64.2723159790039,41400,0.0,0.0,0.0,10724,25840,68.89,49.83,64.6196,63.02945,PCX,FXD
2025-01-02 00:00:00-05:00,64.79938846547267,64.89883351774937,63.70547012891572,64.03364562988281,81500,0.0,0.0,0.0,10724,25840,68.89,49.83,64.6196,63.02945,PCX,FXD
2025-01-03 00:00:00-05:00,64.15298135273629,64.42148374049567,63.8248058665642,64.33198547363281,22700,0.0,0.0,0.0,10724,25840,68.89,49.83,64.6196,63.02945,PCX,FXD
2025-01-06 00:00:00-05:00,64.83915481222851,65.36622795936218,64.64026472486636,64.70987701416016,92100,0.0,0.0,0.0,10724,25840,68.89,49.83,64.6196,63.02945,PCX,FXD
2025-01-07 00:00:00-05:00,64.88888904326892,65.18723179787665,63.97398239032327,64.16292572021484,35500,0.0,0.0,0.0,10724,25840,68.89,49.83,64.6196,63.02945,PCX,FXD
2025-01-08 00:00:00-05:00,64.07342554198672,64.22259691485749,63.47674763767488,64.15298461914062,46500,0.0,0.0,0.0,10724,25840,68.89,49.83,64.6196,63.02945,PCX,FXD
2025-01-10 00:00:00-05:00,63.61597289056343,63.9739811543072,63.417078989196256,63.7452507019043,90500,0.0,0.0,0.0,10724,25840,68.89,49.83,64.6196,63.02945,PCX,FXD
2025-01-13 00:00:00-05:00,63.26790697707929,63.63586201865481,62.9596250369738,63.52647018432617,238500,0.0,0.0,0.0,10724,25840,68.89,49.83,64.6196,63.02945,PCX,FXD
2025-01-14 00:00:00-05:00,64.14304136716468,64.44138412932247,63.71542078789672,64.05354309082031,51500,0.0,0.0,0.0,10724,25840,68.89,49.83,64.6196,63.02945,PCX,FXD
2025-01-15 00:00:00-05:00,65.3960646111335,65.56512195418362,64.72976684570312,64.72976684570312,29000,0.0,0.0,0.0,10724,25840,68.89,49.83,64.6196,63.02945,PCX,FXD
2025-01-16 00:00:00-05:00,64.72976986793455,65.18723077439637,64.49110022029848,65.09772491455078,45100,0.0,0.0,0.0,10724,25840,68.89,49.83,64.6196,63.02945,PCX,FXD
2025-01-17 00:00:00-05:00,65.674515764913,65.674515764913,65.3165075057951,65.3662338256836,21000,0.0,0.0,0.0,10724,25840,68.89,49.83,64.6196,63.02945,PCX,FXD
2025-01-21 00:00:00-05:00,65.77396135517459,66.19163513183594,65.74412859786611,66.19163513183594,56100,0.0,0.0,0.0,10724,25840,68.89,49.83,64.6196,63.02945,PCX,FXD
2025-01-22 00:00:00-05:00,66.31097291547941,66.32091969684772,65.82368684882739,65.9131851196289,17400,0.0,0.0,0.0,10724,25840,68.89,49.83,64.6196,63.02945,PCX,FXD
2025-01-23 00:00:00-05:00,65.53529027532508,66.34080505371094,65.4955107373939,66.34080505371094,21800,0.0,0.0,0.0,10724,25840,68.89,49.83,64.6196,63.02945,PCX,FXD
2025-01-24 00:00:00-05:00,66.2910836557783,66.37063514127041,65.913181854215,66.0921859741211,26100,0.0,0.0,0.0,10724,25840,68.89,49.83,64.6196,63.02945,PCX,FXD
2025-01-27 00:00:00-05:00,65.50545833858817,66.63914862871809,65.50545833858817,66.61925506591797,33100,0.0,0.0,0.0,10724,25840,68.89,49.83,64.6196,63.02945,PCX,FXD
2025-01-28 00:00:00-05:00,66.40047609011448,67.0170475985766,66.40047609011448,66.9176025390625,52200,0.0,0.0,0.0,10724,25840,68.89,49.83,64.6196,63.02945,PCX,FXD
2025-01-29 00:00:00-05:00,66.87781707045782,67.06676797780813,66.56953513713557,66.84798431396484,31900,0.0,0.0,0.0,10724,25840,68.89,49.83,64.6196,63.02945,PCX,FXD
2025-01-30 00:00:00-05:00,67.27560376862067,67.95184072444759,67.23582423155193,67.74300384521484,51700,0.0,0.0,0.0,10724,25840,68.89,49.83,64.6196,63.02945,PCX,FXD
2025-01-31 00:00:00-05:00,67.44466097571441,67.52422004969257,66.37063623852184,66.4501953125,41900,0.0,0.0,0.0,10724,25840,68.89,49.83,64.6196,63.02945,PCX,FXD
2025-02-03 00:00:00-05:00,64.85905070244297,65.90323507934812,64.65021382706193,65.4656753540039,44900,0.0,0.0,0.0,10724,25840,68.89,49.83,64.6196,63.02945,PCX,FXD
2025-02-04 00:00:00-05:00,65.89330046528912,66.36070056574746,65.7938554111253,66.35075378417969,91300,0.0,0.0,0.0,10724,25840,68.89,49.83,64.6196,63.02945,PCX,FXD
2025-02-05 00:00:00-05:00,66.45019941518777,66.61925676745093,66.19163620238027,66.54964447021484,40100,0.0,0.0,0.0,10724,25840,68.89,49.83,64.6196,63.02945,PCX,FXD
2025-02-06 00:00:00-05:00,66.77836922597919,66.99715288066932,66.29108318691436,66.55958557128906,24400,0.0,0.0,0.0,10724,25840,68.89,49.83,64.6196,63.02945,PCX,FXD
2025-02-07 00:00:00-05:00,66.69881725229284,66.69881725229284,65.65462518456948,65.73418426513672,36700,0.0,0.0,0.0,10724,25840,68.89,49.83,64.6196,63.02945,PCX,FXD
2025-02-10 00:00:00-05:00,66.09218841134641,66.09218841134641,65.5054572999555,65.63473510742188,81000,0.0,0.0,0.0,10724,25840,68.89,49.83,64.6196,63.02945,PCX,FXD
2025-02-11 00:00:00-05:00,65.25684426401655,65.56512621398083,65.17728518429305,65.49551391601562,21200,0.0,0.0,0.0,10724,25840,68.89,49.83,64.6196,63.02945,PCX,FXD
2025-02-12 00:00:00-05:00,64.75960934629069,65.44578552246094,64.75960934629069,65.44578552246094,28500,0.0,0.0,0.0,10724,25840,68.89,49.83,64.6196,63.02945,PCX,FXD
2025-02-13 00:00:00-05:00,66.27119482974341,66.44025218085473,65.79385553399715,66.39053344726562,30100,0.0,0.0,0.0,10724,25840,68.89,49.83,64.6196,63.02945,PCX,FXD
2025-02-14 00:00:00-05:00,66.7385956334739,66.7385956334739,66.33086104302687,66.62920379638672,102400,0.0,0.0,0.0,10724,25840,68.89,49.83,64.6196,63.02945,PCX,FXD
2025-02-18 00:00:00-05:00,66.72865149339135,66.91760241714407,66.52976137472552,66.87782287597656,22100,0.0,0.0,0.0,10724,25840,68.89,49.83,64.6196,63.02945,PCX,FXD
2025-02-19 00:00:00-05:00,66.45020123845154,66.60931940059785,66.27119709962274,66.51981353759766,18800,0.0,0.0,0.0,10724,25840,68.89,49.83,64.6196,63.02945,PCX,FXD
2025-02-20 00:00:00-05:00,66.2513071504608,66.29108668861217,65.39606604813424,65.83362579345703,18800,0.0,0.0,0.0,10724,25840,68.89,49.83,64.6196,63.02945,PCX,FXD
2025-02-21 00:00:00-05:00,66.14191714050345,66.14191714050345,63.77508387186901,63.88447570800781,30100,0.0,0.0,0.0,10724,25840,68.89,49.83,64.6196,63.02945,PCX,FXD
2025-02-24 00:00:00-05:00,64.16292368880092,64.520931948127,63.48669050223404,64.11320495605469,37400,0.0,0.0,0.0,10724,25840,68.89,49.83,64.6196,63.02945,PCX,FXD
2025-02-25 00:00:00-05:00,64.15298570113808,64.15298570113808,63.29774457523726,63.88447570800781,30400,0.0,0.0,0.0,10724,25840,68.89,49.83,64.6196,63.02945,PCX,FXD
2025-02-26 00:00:00-05:00,64.30215336384624,64.73971309596631,63.85463926352482,63.92425155639648,37300,0.0,0.0,0.0,10724,25840,68.89,49.83,64.6196,63.02945,PCX,FXD
2025-02-27 00:00:00-05:00,63.84469439351941,63.84469439351941,62.61155905980892,62.66128158569336,29100,0.0,0.0,0.0,10724,25840,68.89,49.83,64.6196,63.02945,PCX,FXD
2025-02-28 00:00:00-05:00,62.65134183450994,63.12868493611401,62.38283562856032,63.108795166015625,25800,0.0,0.0,0.0,10724,25840,68.89,49.83,64.6196,63.02945,PCX,FXD
2025-03-03 00:00:00-05:00,63.46680132316737,63.76514407110381,61.46792691478981,61.76626586914063,24500,0.0,0.0,0.0,10724,25840,68.89,49.83,64.6196,63.02945,PCX,FXD
2025-03-04 00:00:00-05:00,60.86130210825019,61.32869841152505,59.508828137953536,60.45357131958008,112700,0.0,0.0,0.0,10724,25840,68.89,49.83,64.6196,63.02945,PCX,FXD
2025-03-05 00:00:00-05:00,60.652461764556165,61.26902940638792,60.09555963393,61.19941711425781,32300,0.0,0.0,0.0,10724,25840,68.89,49.83,64.6196,63.02945,PCX,FXD
2025-03-06 00:00:00-05:00,60.4834012219758,61.298862760825024,60.03589091563526,60.14528274536133,51500,0.0,0.0,0.0,10724,25840,68.89,49.83,64.6196,63.02945,PCX,FXD
2025-03-07 00:00:00-05:00,60.03589344032625,60.50329353478033,58.58397442410642,60.354122161865234,24300,0.0,0.0,0.0,10724,25840,68.89,49.83,64.6196,63.02945,PCX,FXD
2025-03-10 00:00:00-04:00,59.51877046339925,59.76738688771351,58.47458223999648,58.96187210083008,139000,0.0,0.0,0.0,10724,25840,68.89,49.83,64.6196,63.02945,PCX,FXD
2025-03-11 00:00:00-04:00,58.84253358331428,58.84253358331428,57.2513899824998,57.72873306274414,128300,0.0,0.0,0.0,10724,25840,68.89,49.83,64.6196,63.02945,PCX,FXD
2025-03-12 00:00:00-04:00,58.544198088181005,58.544198088181005,57.062446233753086,57.58951187133789,83200,0.0,0.0,0.0,10724,25840,68.89,49.83,64.6196,63.02945,PCX,FXD
2025-03-13 00:00:00-04:00,57.39061339854416,57.39061339854416,55.66024524227854,56.077919006347656,261900,0.0,0.0,0.0,10724,25840,68.89,49.83,64.6196,63.02945,PCX,FXD
2025-03-14 00:00:00-04:00,56.72432254065075,57.221555374014976,56.525428648587976,57.11216354370117,196800,0.0,0.0,0.0,10724,25840,68.89,49.83,64.6196,63.02945,PCX,FXD
2025-03-17 00:00:00-04:00,57.18177524357419,58.3950245583417,57.18177524357419,58.166297912597656,100700,0.0,0.0,0.0,10724,25840,68.89,49.83,64.6196,63.02945,PCX,FXD
2025-03-18 00:00:00-04:00,57.87790537436854,57.91768491343092,57.181778615119526,57.40056228637695,121500,0.0,0.0,0.0,10724,25840,68.89,49.83,64.6196,63.02945,PCX,FXD
2025-03-19 00:00:00-04:00,57.41050467167751,58.73314587972465,57.41050467167751,58.47458267211914,100900,0.0,0.0,0.0,10724,25840,68.89,49.83,64.6196,63.02945,PCX,FXD
2025-03-20 00:00:00-04:00,58.11657364615275,59.04142704274388,58.11657364615275,58.21602249145508,29800,0.0,0.0,0.0,10724,25840,68.89,49.83,64.6196,63.02945,PCX,FXD
2025-03-21 00:00:00-04:00,57.500007659946334,58.37513855625308,57.18177893285037,58.14641189575195,21000,0.0,0.0,0.0,10724,25840,68.89,49.83,64.6196,63.02945,PCX,FXD
2025-03-24 00:00:00-04:00,58.98176112199546,60.0358923198246,58.98176112199546,59.97622680664063,41100,0.0,0.0,0.0,10724,25840,68.89,49.83,64.6196,63.02945,PCX,FXD
2025-03-25 00:00:00-04:00,60.05578190045184,60.21489625775276,59.70772042935153,59.91655731201172,36500,0.0,0.0,0.0,10724,25840,68.89,49.83,64.6196,63.02945,PCX,FXD
2025-03-26 00:00:00-04:00,59.996118908206896,60.045841435655255,59.10109823979372,59.47899627685547,2222800,0.0,0.0,0.0,10724,25840,68.89,49.83,64.6196,63.02945,PCX,FXD
2025-03-27 00:00:00-04:00,59.15104345697009,59.58964099358192,58.50311173459912,59.01148986816406,1575100,0.141,0.0,0.0,10724,25840,68.89,49.83,64.6196,63.02945,PCX,FXD
2025-03-28 00:00:00-04:00,58.65263330994063,58.65263330994063,57.187313079833984,57.187313079833984,13724900,0.0,0.0,0.0,10724,25840,68.89,49.83,64.6196,63.02945,PCX,FXD
2025-03-31 00:00:00-04:00,56.5692887147956,57.97479864353697,56.15062796274709,57.705657958984375,1373700,0.0,0.0,0.0,10724,25840,68.89,49.83,64.6196,63.02945,PCX,FXD
2025-04-01 00:00:00-04:00,57.715628037300014,58.30374942678725,57.09759959238126,58.1342887878418,644000,0.0,0.0,0.0,10724,25840,68.89,49.83,64.6196,63.02945,PCX,FXD
2025-04-02 00:00:00-04:00,57.416580665304906,59.62951265388551,57.416580665304906,59.37034225463867,212900,0.0,0.0,0.0,10724,25840,68.89,49.83,64.6196,63.02945,PCX,FXD
2025-04-03 00:00:00-04:00,56.22040700360862,56.22040700360862,54.2168053170883,54.366329193115234,469400,0.0,0.0,0.0,10724,25840,68.89,49.83,64.6196,63.02945,PCX,FXD
2025-04-04 00:00:00-04:00,52.40260060223249,54.07725126829332,51.4855319912016,52.8711051940918,529400,0.0,0.0,0.0,10724,25840,68.89,49.83,64.6196,63.02945,PCX,FXD
2025-04-07 00:00:00-04:00,50.96718832221798,54.08721875700043,50.16973651464659,51.874290466308594,217900,0.0,0.0,0.0,10724,25840,68.89,49.83,64.6196,63.02945,PCX,FXD
2025-04-08 00:00:00-04:00,53.58880974221998,53.74830010028269,49.67132758464541,50.25944519042969,232000,0.0,0.0,0.0,10724,25840,68.89,49.83,64.6196,63.02945,PCX,FXD
2025-04-09 00:00:00-04:00,49.77100817516184,56.02104306669528,49.77100817516184,55.7718391418457,239400,0.0,0.0,0.0,10724,25840,68.89,49.83,64.6196,63.02945,PCX,FXD
2025-04-10 00:00:00-04:00,54.30651785927624,54.30651785927624,51.88425544958646,53.23992538452149,174800,0.0,0.0,0.0,10724,25840,68.89,49.83,64.6196,63.02945,PCX,FXD
2025-04-11 00:00:00-04:00,53.07046980117836,53.8778880885028,52.34279099036848,53.70843124389648,189700,0.0,0.0,0.0,10724,25840,68.89,49.83,64.6196,63.02945,PCX,FXD
2025-04-14 00:00:00-04:00,54.65540652188393,54.65540652188393,53.21998948378003,54.107154846191406,137700,0.0,0.0,0.0,10724,25840,68.89,49.83,64.6196,63.02945,PCX,FXD
2025-04-15 00:00:00-04:00,54.09718590414657,54.58562344432321,53.62868133077107,53.88785552978516,665700,0.0,0.0,0.0,10724,25840,68.89,49.83,64.6196,63.02945,PCX,FXD
2025-04-16 00:00:00-04:00,53.63865503349047,53.97757252894788,52.56209223525507,53.1103401184082,193600,0.0,0.0,0.0,10724,25840,68.89,49.83,64.6196,63.02945,PCX,FXD
2025-04-17 00:00:00-04:00,53.24989194747485,54.14702758297314,53.24989194747485,53.95763397216797,232400,0.0,0.0,0.0,10724,25840,68.89,49.83,64.6196,63.02945,PCX,FXD
2025-04-21 00:00:00-04:00,53.47916467107228,53.58881120566276,52.512252209977554,53.1103401184082,119800,0.0,0.0,0.0,10724,25840,68.89,49.83,64.6196,63.02945,PCX,FXD
2025-04-22 00:00:00-04:00,53.73833452561696,54.914577362184325,53.66855773044349,54.6554069519043,333600,0.0,0.0,0.0,10724,25840,68.89,49.83,64.6196,63.02945,PCX,FXD
2025-04-23 00:00:00-04:00,56.35995910710791,57.13747411582615,55.11393951490557,55.27342987060547,128200,0.0,0.0,0.0,10724,25840,68.89,49.83,64.6196,63.02945,PCX,FXD
2025-04-24 00:00:00-04:00,55.21362091411266,56.27024692310783,55.074067324774646,56.23037338256836,58400,0.0,0.0,0.0,10724,25840,68.89,49.83,64.6196,63.02945,PCX,FXD
2025-04-25 00:00:00-04:00,56.03100667982674,56.25030733927457,55.72199626247744,56.1805305480957,77200,0.0,0.0,0.0,10724,25840,68.89,49.83,64.6196,63.02945,PCX,FXD
2025-04-28 00:00:00-04:00,56.26027596065082,56.71881406624447,55.82167842763741,56.34002304077149,119400,0.0,0.0,0.0,10724,25840,68.89,49.83,64.6196,63.02945,PCX,FXD
2025-04-29 00:00:00-04:00,56.03100747037661,56.63906563284301,55.86155063299416,56.55932235717773,71700,0.0,0.0,0.0,10724,25840,68.89,49.83,64.6196,63.02945,PCX,FXD
2025-04-30 00:00:00-04:00,55.54256927618404,56.51944815760563,54.95444789014401,56.439701080322266,51400,0.0,0.0,0.0,10724,25840,68.89,49.83,64.6196,63.02945,PCX,FXD
2025-05-01 00:00:00-04:00,56.75868393104698,57.18731498128164,56.48954323886127,56.59919357299805,109900,0.0,0.0,0.0,10724,25840,68.89,49.83,64.6196,63.02945,PCX,FXD
2025-05-02 00:00:00-04:00,57.52623095524292,58.273842701922725,57.44648767958974,58.19409942626953,78800,0.0,0.0,0.0,10724,25840,68.89,49.83,64.6196,63.02945,PCX,FXD
2025-05-05 00:00:00-04:00,57.8153108762661,58.67257299077048,57.8153108762661,58.18413162231445,28500,0.0,0.0,0.0,10724,25840,68.89,49.83,64.6196,63.02945,PCX,FXD
2025-05-06 00:00:00-04:00,57.57607085844794,58.12432251358285,57.49632758296012,57.705657958984375,54700,0.0,0.0,0.0,10724,25840,68.89,49.83,64.6196,63.02945,PCX,FXD
2025-05-07 00:00:00-04:00,57.87511903411956,58.652634038089936,57.87511903411956,58.25390625,34600,0.0,0.0,0.0,10724,25840,68.89,49.83,64.6196,63.02945,PCX,FXD
2025-05-08 00:00:00-04:00,58.79218949086084,59.84881550108097,58.7323791799823,59.300567626953125,462600,0.0,0.0,0.0,10724,25840,68.89,49.83,64.6196,63.02945,PCX,FXD
2025-05-09 00:00:00-04:00,59.44012024071627,59.49992674806294,58.98158213660816,59.12113952636719,32200,0.0,0.0,0.0,10724,25840,68.89,49.83,64.6196,63.02945,PCX,FXD
2025-05-12 00:00:00-04:00,61.533431332077,62.0119024010978,61.07489703291749,61.64308166503906,62500,0.0,0.0,0.0,10724,25840,68.89,49.83,64.6196,63.02945,PCX,FXD
2025-05-13 00:00:00-04:00,61.84244400607805,62.48040541539763,61.84244400607805,62.291011810302734,32800,0.0,0.0,0.0,10724,25840,68.89,49.83,64.6196,63.02945,PCX,FXD
2025-05-14 00:00:00-04:00,62.221233051483445,62.5800873054476,62.04180972705142,62.16142654418945,29000,0.0,0.0,0.0,10724,25840,68.89,49.83,64.6196,63.02945,PCX,FXD
2025-05-15 00:00:00-04:00,62.00193451669384,62.32091522216797,61.66301704180885,62.32091522216797,51400,0.0,0.0,0.0,10724,25840,68.89,49.83,64.6196,63.02945,PCX,FXD
2025-05-16 00:00:00-04:00,62.39069309287144,62.9887809753418,62.27107627688738,62.9887809753418,28700,0.0,0.0,0.0,10724,25840,68.89,49.83,64.6196,63.02945,PCX,FXD
2025-05-19 00:00:00-04:00,62.02187385896982,62.90903922053154,62.02187385896982,62.79938888549805,24100,0.0,0.0,0.0,10724,25840,68.89,49.83,64.6196,63.02945,PCX,FXD
2025-05-20 00:00:00-04:00,62.71964034364272,63.0984313642399,62.29101310243673,62.53024673461914,43100,0.0,0.0,0.0,10724,25840,68.89,49.83,64.6196,63.02945,PCX,FXD
2025-05-21 00:00:00-04:00,61.702893067862966,61.972029959383775,60.76588388053086,60.90543746948242,60100,0.0,0.0,0.0,10724,25840,68.89,49.83,64.6196,63.02945,PCX,FXD
2025-05-22 00:00:00-04:00,60.76588417297165,61.42378238301672,60.72601063235072,61.19451522827149,35300,0.0,0.0,0.0,10724,25840,68.89,49.83,64.6196,63.02945,PCX,FXD
2025-05-23 00:00:00-04:00,60.39706349698732,60.8855048637716,60.38709701309587,60.73598098754883,69400,0.0,0.0,0.0,10724,25840,68.89,49.83,64.6196,63.02945,PCX,FXD
2025-05-27 00:00:00-04:00,61.59324306138192,62.1414909362793,61.26429205491341,62.1414909362793,18300,0.0,0.0,0.0,10724,25840,68.89,49.83,64.6196,63.02945,PCX,FXD
2025-05-28 00:00:00-04:00,62.01190206996512,62.031838839719946,61.53343100349926,61.58327102661133,14500,0.0,0.0,0.0,10724,25840,68.89,49.83,64.6196,63.02945,PCX,FXD
2025-05-29 00:00:00-04:00,62.04180915418038,62.04180915418038,60.955279918621535,61.35400390625,8100,0.0,0.0,0.0,10724,25840,68.89,49.83,64.6196,63.02945,PCX,FXD
2025-05-30 00:00:00-04:00,60.98518185936815,61.45368643236143,60.9253715513637,61.34403610229492,28100,0.0,0.0,0.0,10724,25840,68.89,49.83,64.6196,63.02945,PCX,FXD
2025-06-02 00:00:00-04:00,61.0350240679485,61.064927321747,60.30734907263429,61.04499435424805,17500,0.0,0.0,0.0,10724,25840,68.89,49.83,64.6196,63.02945,PCX,FXD
2025-06-03 00:00:00-04:00,61.084863998651855,61.85241253289374,61.06492722863322,61.73279571533203,23000,0.0,0.0,0.0,10724,25840,68.89,49.83,64.6196,63.02945,PCX,FXD
2025-06-04 00:00:00-04:00,61.82251060106682,61.96206419163117,61.55336990388552,61.74276351928711,89900,0.0,0.0,0.0,10724,25840,68.89,49.83,64.6196,63.02945,PCX,FXD
2025-06-05 00:00:00-04:00,61.70289065282872,62.04180812811028,61.39387643042349,61.633113861083984,14000,0.0,0.0,0.0,10724,25840,68.89,49.83,64.6196,63.02945,PCX,FXD
2025-06-06 00:00:00-04:00,62.24116865827594,62.24116865827594,61.88231821356799,62.18136215209961,12300,0.0,0.0,0.0,10724,25840,68.89,49.83,64.6196,63.02945,PCX,FXD
2025-06-09 00:00:00-04:00,62.33088503640335,62.46047214322388,62.101617879751736,62.231204986572266,11100,0.0,0.0,0.0,10724,25840,68.89,49.83,64.6196,63.02945,PCX,FXD
2025-06-10 00:00:00-04:00,62.42059621637008,62.79938723583994,62.40065944665587,62.729610443115234,10300,0.0,0.0,0.0,10724,25840,68.89,49.83,64.6196,63.02945,PCX,FXD
2025-06-11 00:00:00-04:00,63.028653263872265,63.028653263872265,62.12155117201788,62.291011810302734,16500,0.0,0.0,0.0,10724,25840,68.89,49.83,64.6196,63.02945,PCX,FXD
2025-06-12 00:00:00-04:00,61.86238263025106,62.14148980455933,61.78263555042009,61.932159423828125,23700,0.0,0.0,0.0,10724,25840,68.89,49.83,64.6196,63.02945,PCX,FXD
2025-06-13 00:00:00-04:00,60.99515026026929,61.43375159432366,60.26747526814734,60.526649475097656,21900,0.0,0.0,0.0,10724,25840,68.89,49.83,64.6196,63.02945,PCX,FXD
2025-06-16 00:00:00-04:00,61.11477220580077,61.81254015684201,61.11477220580077,61.71286010742188,23100,0.0,0.0,0.0,10724,25840,68.89,49.83,64.6196,63.02945,PCX,FXD
2025-06-17 00:00:00-04:00,61.37394190403786,61.46365546849559,60.8057572633223,60.87553405761719,14500,0.0,0.0,0.0,10724,25840,68.89,49.83,64.6196,63.02945,PCX,FXD
2025-06-18 00:00:00-04:00,60.89546930912798,61.49355718889724,60.89546930912798,61.06492614746094,11600,0.0,0.0,0.0,10724,25840,68.89,49.83,64.6196,63.02945,PCX,FXD
2025-06-20 00:00:00-04:00,61.60320681785696,61.613177103851015,61.13470604498522,61.40384292602539,36600,0.0,0.0,0.0,10724,25840,68.89,49.83,64.6196,63.02945,PCX,FXD
2025-06-23 00:00:00-04:00,61.09483457783586,62.02187347412109,60.74594680466234,62.02187347412109,18900,0.0,0.0,0.0,10724,25840,68.89,49.83,64.6196,63.02945,PCX,FXD
2025-06-24 00:00:00-04:00,62.4804061972227,62.77945013626448,62.410629404864615,62.6697998046875,8000,0.0,0.0,0.0,10724,25840,68.89,49.83,64.6196,63.02945,PCX,FXD
2025-06-25 00:00:00-04:00,62.64986311489604,62.64986311489604,61.92218813469896,61.98199844360352,11000,0.0,0.0,0.0,10724,25840,68.89,49.83,64.6196,63.02945,PCX,FXD
2025-06-26 00:00:00-04:00,62.18000030517578,62.59000015258789,62.0,62.56999969482422,74300,0.198,0.0,0.0,10724,25840,68.89,49.83,64.6196,63.02945,PCX,FXD
2025-06-27 00:00:00-04:00,62.93999862670898,63.5099983215332,62.790000915527344,63.33000183105469,41400,0.0,0.0,0.0,10724,25840,68.89,49.83,64.6196,63.02945,PCX,FXD
2025-06-30 00:00:00-04:00,63.630001068115234,63.630001068115234,63.08000183105469,63.43999862670898,94700,0.0,0.0,0.0,10724,25840,68.89,49.83,64.6196,63.02945,PCX,FXD
2025-07-01 00:00:00-04:00,63.209999084472656,65.04000091552734,63.209999084472656,64.7300033569336,46000,0.0,0.0,0.0,10724,25840,68.89,49.83,64.6196,63.02945,PCX,FXD
2025-07-02 00:00:00-04:00,64.81999969482422,65.3499984741211,64.62000274658203,65.3499984741211,28200,0.0,0.0,0.0,10724,25840,68.89,49.83,64.6196,63.02945,PCX,FXD
2025-07-03 00:00:00-04:00,65.52999877929688,65.68000030517578,65.4800033569336,65.56999969482422,20200,0.0,0.0,0.0,10724,25840,68.89,49.83,64.6196,63.02945,PCX,FXD
2025-07-07 00:00:00-04:00,65.16999816894531,65.51000213623047,64.7699966430664,65.11000061035156,23100,0.0,0.0,0.0,10724,25840,68.89,49.83,64.6196,63.02945,PCX,FXD
2025-07-08 00:00:00-04:00,65.20999908447266,65.29000091552734,64.83000183105469,65.11000061035156,92000,0.0,0.0,0.0,10724,25840,68.89,49.83,64.6196,63.02945,PCX,FXD
2025-07-09 00:00:00-04:00,65.41000366210938,65.48999786376953,65.05999755859375,65.44000244140625,282000,0.0,0.0,0.0,10724,25840,68.89,49.83,64.6196,63.02945,PCX,FXD
2025-07-10 00:00:00-04:00,65.75,66.5999984741211,65.75,66.31999969482422,51200,0.0,0.0,0.0,10724,25840,68.89,49.83,64.6196,63.02945,PCX,FXD
2025-07-11 00:00:00-04:00,65.75,65.75,65.4000015258789,65.44000244140625,35000,0.0,0.0,0.0,10724,25840,68.89,49.83,64.6196,63.02945,PCX,FXD
2025-07-14 00:00:00-04:00,65.30999755859375,65.70999908447266,65.20999908447266,65.69999694824219,48000,0.0,0.0,0.0,10724,25840,68.89,49.83,64.6196,63.02945,PCX,FXD
2025-07-15 00:00:00-04:00,65.80000305175781,65.80000305175781,64.45999908447266,64.51000213623047,115600,0.0,0.0,0.0,10724,25840,68.89,49.83,64.6196,63.02945,PCX,FXD
2025-07-16 00:00:00-04:00,64.87999725341797,64.87999725341797,64.29000091552734,64.73999786376953,58800,0.0,0.0,0.0,10724,25840,68.89,49.83,64.6196,63.02945,PCX,FXD
2025-07-17 00:00:00-04:00,65.2699966430664,65.33000183105469,64.73999786376953,65.26000213623047,59100,0.0,0.0,0.0,10724,25840,68.89,49.83,64.6196,63.02945,PCX,FXD
2025-07-18 00:00:00-04:00,65.44000244140625,65.44000244140625,64.87999725341797,65.16999816894531,48000,0.0,0.0,0.0,10724,25840,68.89,49.83,64.6196,63.02945,PCX,FXD
2025-07-21 00:00:00-04:00,65.38999938964844,65.58000183105469,65.1500015258789,65.18000030517578,66900,0.0,0.0,0.0,10724,25840,68.89,49.83,64.6196,63.02945,PCX,FXD
2025-07-22 00:00:00-04:00,65.61000061035156,66.38999938964844,65.55000305175781,66.23999786376953,42400,0.0,0.0,0.0,10724,25840,68.89,49.83,64.6196,63.02945,PCX,FXD
2025-07-23 00:00:00-04:00,66.56999969482422,66.9800033569336,66.54000091552734,66.86000061035156,27800,0.0,0.0,0.0,10724,25840,68.89,49.83,64.6196,63.02945,PCX,FXD
2025-07-24 00:00:00-04:00,66.5,66.55000305175781,65.58999633789062,65.63999938964844,21200,0.0,0.0,0.0,10724,25840,68.89,49.83,64.6196,63.02945,PCX,FXD
2025-07-25 00:00:00-04:00,66.04000091552734,66.33000183105469,65.63999938964844,66.30999755859375,23300,0.0,0.0,0.0,10724,25840,68.89,49.83,64.6196,63.02945,PCX,FXD
2025-07-28 00:00:00-04:00,66.4800033569336,66.4800033569336,66.05999755859375,66.2699966430664,16600,0.0,0.0,0.0,10724,25840,68.89,49.83,64.6196,63.02945,PCX,FXD
2025-07-29 00:00:00-04:00,65.66000366210938,65.83000183105469,65.19999694824219,65.36000061035156,19500,0.0,0.0,0.0,10724,25840,68.89,49.83,64.6196,63.02945,PCX,FXD
2025-07-30 00:00:00-04:00,65.4800033569336,65.58999633789062,64.62000274658203,64.93000030517578,16900,0.0,0.0,0.0,10724,25840,68.89,49.83,64.6196,63.02945,PCX,FXD
2025-07-31 00:00:00-04:00,65.38999938964844,65.38999938964844,64.51000213623047,64.5999984741211,24100,0.0,0.0,0.0,10724,25840,68.89,49.83,64.6196,63.02945,PCX,FXD
2025-08-01 00:00:00-04:00,63.83000183105469,63.900001525878906,63.34000015258789,63.720001220703125,14200,0.0,0.0,0.0,10724,25840,68.89,49.83,64.6196,63.02945,PCX,FXD
2025-08-04 00:00:00-04:00,64.22000122070312,64.72000122070312,64.22000122070312,64.72000122070312,84700,0.0,0.0,0.0,10724,25840,68.89,49.83,64.6196,63.02945,PCX,FXD
2025-08-05 00:00:00-04:00,64.79000091552734,64.87999725341797,64.23999786376953,64.66000366210938,26500,0.0,0.0,0.0,10724,25840,68.89,49.83,64.6196,63.02945,PCX,FXD
2025-08-06 00:00:00-04:00,64.72000122070312,65.01000213623047,64.47000122070312,64.94999694824219,15400,0.0,0.0,0.0,10724,25840,68.89,49.83,64.6196,63.02945,PCX,FXD
2025-08-07 00:00:00-04:00,65.44999694824219,65.44999694824219,64.16999816894531,64.48999786376953,16200,0.0,0.0,0.0,10724,25840,68.89,49.83,64.6196,63.02945,PCX,FXD
2025-08-08 00:00:00-04:00,64.66000366210938,64.69999694824219,64.1500015258789,64.19999694824219,10700,0.0,0.0,0.0,10724,25840,68.89,49.83,64.6196,63.02945,PCX,FXD
2025-08-11 00:00:00-04:00,64.62000274658203,64.62000274658203,64.13999938964844,64.25,15800,0.0,0.0,0.0,10724,25840,68.89,49.83,64.6196,63.02945,PCX,FXD
2025-08-12 00:00:00-04:00,64.8499984741211,65.97000122070312,64.8499984741211,65.97000122070312,28200,0.0,0.0,0.0,10724,25840,68.89,49.83,64.6196,63.02945,PCX,FXD
2025-08-13 00:00:00-04:00,66.19000244140625,67.62999725341797,66.06999969482422,67.62999725341797,7600,0.0,0.0,0.0,10724,25840,68.89,49.83,64.6196,63.02945,PCX,FXD
2025-08-14 00:00:00-04:00,66.66999816894531,66.98999786376953,66.48999786376953,66.91000366210938,46200,0.0,0.0,0.0,10724,25840,68.89,49.83,64.6196,63.02945,PCX,FXD
2025-08-15 00:00:00-04:00,67.0199966430664,67.13999938964844,66.8499984741211,67.05000305175781,87100,0.0,0.0,0.0,10724,25840,68.89,49.83,64.6196,63.02945,PCX,FXD
2025-08-18 00:00:00-04:00,66.97000122070312,67.56999969482422,66.97000122070312,67.48999786376953,18200,0.0,0.0,0.0,10724,25840,68.89,49.83,64.6196,63.02945,PCX,FXD
2025-08-19 00:00:00-04:00,67.55000305175781,68.05999755859375,67.31999969482422,67.48999786376953,17000,0.0,0.0,0.0,10724,25840,68.89,49.83,64.6196,63.02945,PCX,FXD
2025-08-20 00:00:00-04:00,67.0999984741211,67.12999725341797,66.68000030517578,66.88999938964844,11400,0.0,0.0,0.0,10724,25840,68.89,49.83,64.6196,63.02945,PCX,FXD
2025-08-21 00:00:00-04:00,66.37999725341797,66.5999984741211,66.0999984741211,66.55999755859375,17000,0.0,0.0,0.0,63407,32600,69.21,49.83,65.5548,63.20145,PCX,FXD
2025-08-22 00:00:00-04:00,66.80999755859375,68.81999969482422,66.80999755859375,68.70999908447266,17400,0.0,0.0,0.0,63407,32600,69.21,49.83,65.5548,63.20145,PCX,FXD
2025-08-25 00:00:00-04:00,68.41999816894531,68.68000030517578,68.41999816894531,68.47000122070312,19800,0.0,0.0,0.0,63407,32600,69.21,49.83,65.5548,63.20145,PCX,FXD
2025-08-26 00:00:00-04:00,68.52999877929688,68.83000183105469,68.4800033569336,68.69999694824219,99700,0.0,0.0,0.0,63407,32600,69.21,49.83,65.5548,63.20145,PCX,FXD
2025-08-27 00:00:00-04:00,68.6500015258789,69.12999725341797,68.6500015258789,69.08999633789062,39900,0.0,0.0,0.0,63407,32600,69.21,49.83,65.5548,63.20145,PCX,FXD
2025-08-28 00:00:00-04:00,69.20999908447266,69.20999908447266,68.58999633789062,69.01000213623047,22200,0.0,0.0,0.0,63407,32600,69.21,49.83,65.5548,63.20145,PCX,FXD
2025-08-29 00:00:00-04:00,68.9800033569336,69.08999633789062,68.43000030517578,68.7300033569336,63400,0.0,0.0,0.0,63407,32600,69.21,49.83,65.5548,63.20145,PCX,FXD
2025-09-02 00:00:00-04:00,67.69000244140625,68.69000244140625,67.69000244140625,68.66999816894531,21100,0.0,0.0,0.0,7189,34240,70.681,49.83,66.1328,63.28145,PCX,FXD
2025-09-03 00:00:00-04:00,68.87000274658203,69.52999877929688,68.87000274658203,69.02999877929688,12800,0.0,0.0,0.0,7189,34240,70.681,49.83,66.1328,63.28145,PCX,FXD
2025-09-04 00:00:00-04:00,69.16999816894531,70.05000305175781,69.16999816894531,70.05000305175781,38900,0.0,0.0,0.0,7189,34240,70.681,49.83,66.1328,63.28145,PCX,FXD
2025-09-05 00:00:00-04:00,70.38999938964844,70.68000030517578,69.75,70.0199966430664,7200,0.0,0.0,0.0,7189,34240,70.681,49.83,66.1328,63.28145,PCX,FXD
