Date,Open,High,Low,Close,Volume,Dividends,Stock Splits,Capital Gains,volume,averageDailyVolume10Day,fiftyTwoWeekHigh,fiftyTwoWeekLow,fiftyDayAverage,twoHundredDayAverage,marketCap,exchange,Symbol
2024-01-02 00:00:00-05:00,82.58926238245404,83.18252076149398,82.47256068165683,83.0463638305664,9962400,0.0,0.0,0.0,6674851.0,6707560.0,97.87,73.12,89.3646,87.8258,6481763840.0,PCX,XLB
2024-01-03 00:00:00-05:00,82.1808020158148,82.5698250478181,81.57781594520985,82.15162658691406,11679300,0.0,0.0,0.0,6674851.0,6707560.0,97.87,73.12,89.3646,87.8258,6481763840.0,PCX,XLB
2024-01-04 00:00:00-05:00,82.01546720469007,82.39476260913749,81.73342570035793,81.88903045654297,10212100,0.0,0.0,0.0,6674851.0,6707560.0,97.87,73.12,89.3646,87.8258,6481763840.0,PCX,XLB
2024-01-05 00:00:00-05:00,81.66535206699528,82.48229378036412,81.56809816111766,82.02519226074219,7346400,0.0,0.0,0.0,6674851.0,6707560.0,97.87,73.12,89.3646,87.8258,6481763840.0,PCX,XLB
2024-01-08 00:00:00-05:00,81.59727413298842,82.394768038479,81.30550499341975,82.37531280517578,5183100,0.0,0.0,0.0,6674851.0,6707560.0,97.87,73.12,89.3646,87.8258,6481763840.0,PCX,XLB
2024-01-09 00:00:00-05:00,81.85014429763457,81.85014429763457,81.16935207810707,81.43194580078125,6455200,0.0,0.0,0.0,6674851.0,6707560.0,97.87,73.12,89.3646,87.8258,6481763840.0,PCX,XLB
2024-01-10 00:00:00-05:00,81.14017880017407,81.40276510981951,80.93594335489472,81.32496643066406,4101400,0.0,0.0,0.0,6674851.0,6707560.0,97.87,73.12,89.3646,87.8258,6481763840.0,PCX,XLB
2024-01-11 00:00:00-05:00,81.42220233105033,81.42220233105033,80.48855160776026,81.0818099975586,4271100,0.0,0.0,0.0,6674851.0,6707560.0,97.87,73.12,89.3646,87.8258,6481763840.0,PCX,XLB
2024-01-12 00:00:00-05:00,81.54864524695337,81.73343286737385,80.80950218526907,81.15962219238281,4133900,0.0,0.0,0.0,6674851.0,6707560.0,97.87,73.12,89.3646,87.8258,6481763840.0,PCX,XLB
2024-01-16 00:00:00-05:00,80.66361343379339,80.80949056578397,80.03145198851357,80.22595977783203,5276400,0.0,0.0,0.0,6674851.0,6707560.0,97.87,73.12,89.3646,87.8258,6481763840.0,PCX,XLB
2024-01-17 00:00:00-05:00,79.40901471604707,79.92446701339128,79.2923055955178,79.64242553710938,4643800,0.0,0.0,0.0,6674851.0,6707560.0,97.87,73.12,89.3646,87.8258,6481763840.0,PCX,XLB
2024-01-18 00:00:00-05:00,79.79805553605887,80.012011174863,79.22424484018093,79.89530944824219,4660400,0.0,0.0,0.0,6674851.0,6707560.0,97.87,73.12,89.3646,87.8258,6481763840.0,PCX,XLB
2024-01-19 00:00:00-05:00,79.97309875488281,80.11897588253056,79.20478039595392,79.97309875488281,5826800,0.0,0.0,0.0,6674851.0,6707560.0,97.87,73.12,89.3646,87.8258,6481763840.0,PCX,XLB
2024-01-22 00:00:00-05:00,79.51600771263831,80.35240464731116,79.51600771263831,80.2065200805664,5392600,0.0,0.0,0.0,6674851.0,6707560.0,97.87,73.12,89.3646,87.8258,6481763840.0,PCX,XLB
2024-01-23 00:00:00-05:00,80.58580244123365,80.82894087306939,80.16760404167636,80.4690933227539,3945800,0.0,0.0,0.0,6674851.0,6707560.0,97.87,73.12,89.3646,87.8258,6481763840.0,PCX,XLB
2024-01-24 00:00:00-05:00,80.51772310398573,80.72195849411348,79.33120638229458,79.37983703613281,5158900,0.0,0.0,0.0,6674851.0,6707560.0,97.87,73.12,89.3646,87.8258,6481763840.0,PCX,XLB
2024-01-25 00:00:00-05:00,79.7591460462477,80.25514318432776,79.52572777185995,80.21624755859375,4867200,0.0,0.0,0.0,6674851.0,6707560.0,97.87,73.12,89.3646,87.8258,6481763840.0,PCX,XLB
2024-01-26 00:00:00-05:00,80.50800864492696,80.70252387206935,80.08008256521092,80.24542236328125,3899700,0.0,0.0,0.0,6674851.0,6707560.0,97.87,73.12,89.3646,87.8258,6481763840.0,PCX,XLB
2024-01-29 00:00:00-05:00,80.1870711195696,80.6733481000885,79.81750328557446,80.64417266845703,3562900,0.0,0.0,0.0,6674851.0,6707560.0,97.87,73.12,89.3646,87.8258,6481763840.0,PCX,XLB
2024-01-30 00:00:00-05:00,80.47883294172773,81.39303595618996,80.32322076054386,81.01374053955078,5425700,0.0,0.0,0.0,6674851.0,6707560.0,97.87,73.12,89.3646,87.8258,6481763840.0,PCX,XLB
2024-01-31 00:00:00-05:00,81.1401760596396,81.24715758736279,79.87585296109164,79.95365905761719,6739200,0.0,0.0,0.0,6674851.0,6707560.0,97.87,73.12,89.3646,87.8258,6481763840.0,PCX,XLB
2024-02-01 00:00:00-05:00,81.17905975754323,81.41247057148482,80.2065060427913,81.28604125976562,9896900,0.0,0.0,0.0,6674851.0,6707560.0,97.87,73.12,89.3646,87.8258,6481763840.0,PCX,XLB
2024-02-02 00:00:00-05:00,80.69279230797588,81.19851703381006,79.92447389334565,80.80949401855469,11460200,0.0,0.0,0.0,6674851.0,6707560.0,97.87,73.12,89.3646,87.8258,6481763840.0,PCX,XLB
2024-02-05 00:00:00-05:00,79.06863271353531,79.2534129035049,78.52399749994828,78.75741577148438,12443400,0.0,0.0,0.0,6674851.0,6707560.0,97.87,73.12,89.3646,87.8258,6481763840.0,PCX,XLB
2024-02-06 00:00:00-05:00,79.39930737100258,80.32323069607502,79.39930737100258,80.14817810058594,9526500,0.0,0.0,0.0,6674851.0,6707560.0,97.87,73.12,89.3646,87.8258,6481763840.0,PCX,XLB
2024-02-07 00:00:00-05:00,80.60525908903938,81.0137373385085,80.56635604528056,80.79004669189453,5410200,0.0,0.0,0.0,6674851.0,6707560.0,97.87,73.12,89.3646,87.8258,6481763840.0,PCX,XLB
2024-02-08 00:00:00-05:00,80.90675797433886,80.91647817053932,80.10926410607142,80.68306732177734,3399300,0.0,0.0,0.0,6674851.0,6707560.0,97.87,73.12,89.3646,87.8258,6481763840.0,PCX,XLB
2024-02-09 00:00:00-05:00,80.49827619568558,80.89702682238972,80.26486535712525,80.85812377929688,3818300,0.0,0.0,0.0,6674851.0,6707560.0,97.87,73.12,89.3646,87.8258,6481763840.0,PCX,XLB
2024-02-12 00:00:00-05:00,81.05263396005371,81.87931066511064,80.98455548763694,81.50001525878906,3398200,0.0,0.0,0.0,6674851.0,6707560.0,97.87,73.12,89.3646,87.8258,6481763840.0,PCX,XLB
2024-02-13 00:00:00-05:00,80.72196952508544,80.95538037141424,79.76886348758093,80.35240173339844,6432300,0.0,0.0,0.0,6674851.0,6707560.0,97.87,73.12,89.3646,87.8258,6481763840.0,PCX,XLB
2024-02-14 00:00:00-05:00,80.76087736330177,81.02346365350871,80.35240650298098,80.86785888671875,4381000,0.0,0.0,0.0,6674851.0,6707560.0,97.87,73.12,89.3646,87.8258,6481763840.0,PCX,XLB
2024-02-15 00:00:00-05:00,81.31522480702105,82.52118945618483,81.31522480702105,82.39476013183594,5992000,0.0,0.0,0.0,6674851.0,6707560.0,97.87,73.12,89.3646,87.8258,6481763840.0,PCX,XLB
2024-02-16 00:00:00-05:00,82.74487881022087,83.39648807325939,82.65734511011308,82.83240509033203,4656700,0.0,0.0,0.0,6674851.0,6707560.0,97.87,73.12,89.3646,87.8258,6481763840.0,PCX,XLB
2024-02-20 00:00:00-05:00,82.78379302164412,82.9199499779628,82.41421778020973,82.65735626220703,4509500,0.0,0.0,0.0,6674851.0,6707560.0,97.87,73.12,89.3646,87.8258,6481763840.0,PCX,XLB
2024-02-21 00:00:00-05:00,82.63790683892407,83.16308684020916,82.32668988482892,83.11445617675781,4061200,0.0,0.0,0.0,6674851.0,6707560.0,97.87,73.12,89.3646,87.8258,6481763840.0,PCX,XLB
2024-02-22 00:00:00-05:00,83.2700591182891,84.07727313397467,83.16307760657233,83.95084381103516,4724300,0.0,0.0,0.0,6674851.0,6707560.0,97.87,73.12,89.3646,87.8258,6481763840.0,PCX,XLB
2024-02-23 00:00:00-05:00,84.12590148196351,84.5732753277686,83.92166607974791,84.44684600830078,3539500,0.0,0.0,0.0,6674851.0,6707560.0,97.87,73.12,89.3646,87.8258,6481763840.0,PCX,XLB
2024-02-26 00:00:00-05:00,84.17454223865319,84.29124395678129,83.84387005729648,83.94112396240234,3326800,0.0,0.0,0.0,6674851.0,6707560.0,97.87,73.12,89.3646,87.8258,6481763840.0,PCX,XLB
2024-02-27 00:00:00-05:00,84.25233459472656,84.466297621918,84.00919614019024,84.25233459472656,4127300,0.0,0.0,0.0,6674851.0,6707560.0,97.87,73.12,89.3646,87.8258,6481763840.0,PCX,XLB
2024-02-28 00:00:00-05:00,84.00919856983754,84.82614765910505,83.78551534039313,84.51493072509766,4497000,0.0,0.0,0.0,6674851.0,6707560.0,97.87,73.12,89.3646,87.8258,6481763840.0,PCX,XLB
2024-02-29 00:00:00-05:00,85.03037762508968,85.39022519633953,84.73860852191451,85.15680694580078,6123800,0.0,0.0,0.0,6674851.0,6707560.0,97.87,73.12,89.3646,87.8258,6481763840.0,PCX,XLB
2024-03-01 00:00:00-05:00,85.15680677615616,85.75979279218524,85.08872830821711,85.54582977294922,5200800,0.0,0.0,0.0,6674851.0,6707560.0,97.87,73.12,89.3646,87.8258,6481763840.0,PCX,XLB
2024-03-04 00:00:00-05:00,85.64309393017523,86.31415849456026,85.54584002432168,86.16827392578125,4674600,0.0,0.0,0.0,6674851.0,6707560.0,97.87,73.12,89.3646,87.8258,6481763840.0,PCX,XLB
2024-03-05 00:00:00-05:00,85.87650617216275,86.43086155856076,85.41940468478253,85.71116638183594,4246900,0.0,0.0,0.0,6674851.0,6707560.0,97.87,73.12,89.3646,87.8258,6481763840.0,PCX,XLB
2024-03-06 00:00:00-05:00,86.17799039334487,86.64481204904719,86.05156107409141,86.34332275390625,5112000,0.0,0.0,0.0,6674851.0,6707560.0,97.87,73.12,89.3646,87.8258,6481763840.0,PCX,XLB
2024-03-07 00:00:00-05:00,87.0241164803577,87.81188267664055,87.01438886484901,87.40341186523438,3971100,0.0,0.0,0.0,6674851.0,6707560.0,97.87,73.12,89.3646,87.8258,6481763840.0,PCX,XLB
2024-03-08 00:00:00-05:00,87.67572821265922,87.7243514515811,86.87823437837201,86.8976821899414,5155600,0.0,0.0,0.0,6674851.0,6707560.0,97.87,73.12,89.3646,87.8258,6481763840.0,PCX,XLB
2024-03-11 00:00:00-04:00,87.30614852468975,88.24952686723954,86.9949316156008,87.87995910644531,11635300,0.0,0.0,0.0,6674851.0,6707560.0,97.87,73.12,89.3646,87.8258,6481763840.0,PCX,XLB
2024-03-12 00:00:00-04:00,87.8702392578125,87.98694839153515,87.44232060749022,87.8702392578125,5074700,0.0,0.0,0.0,6674851.0,6707560.0,97.87,73.12,89.3646,87.8258,6481763840.0,PCX,XLB
2024-03-13 00:00:00-04:00,88.14255847496275,89.14429523827536,88.14255847496275,88.7358169555664,7264600,0.0,0.0,0.0,6674851.0,6707560.0,97.87,73.12,89.3646,87.8258,6481763840.0,PCX,XLB
2024-03-14 00:00:00-04:00,88.49267279344045,88.69690821167822,87.87996653872713,88.26898956298828,9726000,0.0,0.0,0.0,6674851.0,6707560.0,97.87,73.12,89.3646,87.8258,6481763840.0,PCX,XLB
2024-03-15 00:00:00-04:00,87.69517817627782,88.69690744661173,87.63682732014092,88.30789184570312,9351300,0.0,0.0,0.0,6674851.0,6707560.0,97.87,73.12,89.3646,87.8258,6481763840.0,PCX,XLB
2024-03-18 00:00:00-04:00,88.58606147077465,89.17168840400326,88.42989031703344,88.46893310546875,7621200,0.325,0.0,0.0,6674851.0,6707560.0,97.87,73.12,89.3646,87.8258,6481763840.0,PCX,XLB
2024-03-19 00:00:00-04:00,88.36157036110376,88.63486244297134,88.09804083834594,88.47869873046875,5416400,0.0,0.0,0.0,6674851.0,6707560.0,97.87,73.12,89.3646,87.8258,6481763840.0,PCX,XLB
2024-03-20 00:00:00-04:00,88.41038284863211,89.68900266917555,88.23469400372413,89.36690521240234,6626200,0.0,0.0,0.0,6674851.0,6707560.0,97.87,73.12,89.3646,87.8258,6481763840.0,PCX,XLB
2024-03-21 00:00:00-04:00,89.60116217525893,89.8744542798192,89.2497844846382,89.73780822753906,4692100,0.0,0.0,0.0,6674851.0,6707560.0,97.87,73.12,89.3646,87.8258,6481763840.0,PCX,XLB
2024-03-22 00:00:00-04:00,89.5425903074705,89.75732193632683,89.13265216873626,89.18145751953125,2937300,0.0,0.0,0.0,6674851.0,6707560.0,97.87,73.12,89.3646,87.8258,6481763840.0,PCX,XLB
2024-03-25 00:00:00-04:00,89.13265355191885,89.57187192928559,89.05456796809553,89.21073913574219,2831300,0.0,0.0,0.0,6674851.0,6707560.0,97.87,73.12,89.3646,87.8258,6481763840.0,PCX,XLB
2024-03-26 00:00:00-04:00,89.35714954423013,89.52307582820964,89.08384999534168,89.14241790771484,2717200,0.0,0.0,0.0,6674851.0,6707560.0,97.87,73.12,89.3646,87.8258,6481763840.0,PCX,XLB
2024-03-27 00:00:00-04:00,89.36691026692719,90.45032363069494,89.28883212328087,90.4210433959961,4222200,0.0,0.0,0.0,6674851.0,6707560.0,97.87,73.12,89.3646,87.8258,6481763840.0,PCX,XLB
2024-03-28 00:00:00-04:00,90.43079738984272,90.9773815768473,90.25510855164109,90.66504669189452,4512600,0.0,0.0,0.0,6674851.0,6707560.0,97.87,73.12,89.3646,87.8258,6481763840.0,PCX,XLB
2024-04-01 00:00:00-04:00,91.09451228829612,91.09451228829612,90.28439109987929,90.4503173828125,3823500,0.0,0.0,0.0,6674851.0,6707560.0,97.87,73.12,89.3646,87.8258,6481763840.0,PCX,XLB
2024-04-02 00:00:00-04:00,90.36246581798537,90.44055139349923,89.72803354857305,90.1184539794922,4785400,0.0,0.0,0.0,6674851.0,6707560.0,97.87,73.12,89.3646,87.8258,6481763840.0,PCX,XLB
2024-04-03 00:00:00-04:00,90.21606270956798,90.7724094372853,90.13797712930746,90.65528106689452,5011400,0.0,0.0,0.0,6674851.0,6707560.0,97.87,73.12,89.3646,87.8258,6481763840.0,PCX,XLB
2024-04-04 00:00:00-04:00,91.15307410329105,91.47517156080193,89.53283914911887,89.73780822753906,6329300,0.0,0.0,0.0,6674851.0,6707560.0,97.87,73.12,89.3646,87.8258,6481763840.0,PCX,XLB
2024-04-05 00:00:00-04:00,89.72804392925403,90.66504860387226,89.64995834470636,90.54792022705078,4902100,0.0,0.0,0.0,6674851.0,6707560.0,97.87,73.12,89.3646,87.8258,6481763840.0,PCX,XLB
2024-04-08 00:00:00-04:00,90.84073564453844,90.93833889996208,90.37222959319352,90.61624145507812,3261000,0.0,0.0,0.0,6674851.0,6707560.0,97.87,73.12,89.3646,87.8258,6481763840.0,PCX,XLB
2024-04-09 00:00:00-04:00,91.3189944754598,91.34827470667364,89.90372869135119,90.83097076416016,5675300,0.0,0.0,0.0,6674851.0,6707560.0,97.87,73.12,89.3646,87.8258,6481763840.0,PCX,XLB
2024-04-10 00:00:00-04:00,89.43522812233816,89.95253954314418,89.09361299286348,89.41571044921875,7056500,0.0,0.0,0.0,6674851.0,6707560.0,97.87,73.12,89.3646,87.8258,6481763840.0,PCX,XLB
2024-04-11 00:00:00-04:00,89.50355294924306,89.72804715121592,88.88864570381534,89.3473892211914,4950300,0.0,0.0,0.0,6674851.0,6707560.0,97.87,73.12,89.3646,87.8258,6481763840.0,PCX,XLB
2024-04-12 00:00:00-04:00,89.08385221330306,89.25954106149419,87.37576908514264,87.76618957519531,6056500,0.0,0.0,0.0,6674851.0,6707560.0,97.87,73.12,89.3646,87.8258,6481763840.0,PCX,XLB
2024-04-15 00:00:00-04:00,88.70317889018945,89.03503885547279,87.04390140372328,87.34647369384766,5753100,0.0,0.0,0.0,6674851.0,6707560.0,97.87,73.12,89.3646,87.8258,6481763840.0,PCX,XLB
2024-04-16 00:00:00-04:00,86.8682182804067,87.14151035993713,86.3704320231759,86.67301177978516,6777800,0.0,0.0,0.0,6674851.0,6707560.0,97.87,73.12,89.3646,87.8258,6481763840.0,PCX,XLB
2024-04-17 00:00:00-04:00,87.25863791250538,87.64905835674904,86.61444306250576,86.86821746826172,4578400,0.0,0.0,0.0,6674851.0,6707560.0,97.87,73.12,89.3646,87.8258,6481763840.0,PCX,XLB
2024-04-18 00:00:00-04:00,87.57097417536895,87.63929719570257,86.4973235215616,86.89749908447266,3748900,0.0,0.0,0.0,6674851.0,6707560.0,97.87,73.12,89.3646,87.8258,6481763840.0,PCX,XLB
2024-04-19 00:00:00-04:00,87.12198740688211,87.49288271423829,86.50707281856634,86.82917022705078,5054500,0.0,0.0,0.0,6674851.0,6707560.0,97.87,73.12,89.3646,87.8258,6481763840.0,PCX,XLB
2024-04-22 00:00:00-04:00,86.35092101368431,87.3757663909895,86.01906100104412,86.91703033447266,4142300,0.0,0.0,0.0,6674851.0,6707560.0,97.87,73.12,89.3646,87.8258,6481763840.0,PCX,XLB
2024-04-23 00:00:00-04:00,85.833613755324,86.58516700320905,85.66768003203816,86.16546630859375,5735000,0.0,0.0,0.0,6674851.0,6707560.0,97.87,73.12,89.3646,87.8258,6481763840.0,PCX,XLB
2024-04-24 00:00:00-04:00,85.81407620639582,86.30209985285619,85.56030927182434,86.22401428222656,4776900,0.0,0.0,0.0,6674851.0,6707560.0,97.87,73.12,89.3646,87.8258,6481763840.0,PCX,XLB
2024-04-25 00:00:00-04:00,86.22402124202038,87.03414234773157,85.45295037142591,86.83893585205078,4610100,0.0,0.0,0.0,6674851.0,6707560.0,97.87,73.12,89.3646,87.8258,6481763840.0,PCX,XLB
2024-04-26 00:00:00-04:00,86.87798411013308,87.7466657299084,86.85845899134546,87.37576293945312,3137200,0.0,0.0,0.0,6674851.0,6707560.0,97.87,73.12,89.3646,87.8258,6481763840.0,PCX,XLB
2024-04-29 00:00:00-04:00,87.76618061391054,88.21516152530032,87.6783399221096,88.10779571533203,2838400,0.0,0.0,0.0,6674851.0,6707560.0,97.87,73.12,89.3646,87.8258,6481763840.0,PCX,XLB
2024-04-30 00:00:00-04:00,87.37576939143989,87.58074592059099,86.48757003394164,86.50708770751953,4935900,0.0,0.0,0.0,6674851.0,6707560.0,97.87,73.12,89.3646,87.8258,6481763840.0,PCX,XLB
2024-05-01 00:00:00-04:00,86.82917883127438,88.35181044532001,86.61444720433954,86.95606231689453,7728100,0.0,0.0,0.0,6674851.0,6707560.0,97.87,73.12,89.3646,87.8258,6481763840.0,PCX,XLB
2024-05-02 00:00:00-04:00,86.48757003394164,86.87799052536295,85.79457719882829,86.50708770751953,7783700,0.0,0.0,0.0,6674851.0,6707560.0,97.87,73.12,89.3646,87.8258,6481763840.0,PCX,XLB
2024-05-03 00:00:00-04:00,87.22937245768878,87.61978552141191,86.91703753871916,87.38553619384766,4499700,0.0,0.0,0.0,6674851.0,6707560.0,97.87,73.12,89.3646,87.8258,6481763840.0,PCX,XLB
2024-05-06 00:00:00-04:00,87.92235258602946,88.2542051314373,87.52216957305447,87.91259002685547,3307800,0.0,0.0,0.0,6674851.0,6707560.0,97.87,73.12,89.3646,87.8258,6481763840.0,PCX,XLB
2024-05-07 00:00:00-04:00,88.24444456009587,89.10336354800455,88.2346820015258,88.95695495605469,4431100,0.0,0.0,0.0,6674851.0,6707560.0,97.87,73.12,89.3646,87.8258,6481763840.0,PCX,XLB
2024-05-08 00:00:00-04:00,88.62510553649209,88.95695807299917,88.45917182158796,88.5470199584961,3261300,0.0,0.0,0.0,6674851.0,6707560.0,97.87,73.12,89.3646,87.8258,6481763840.0,PCX,XLB
2024-05-09 00:00:00-04:00,88.78126863328052,89.61090741547467,88.67390282593946,89.53282928466797,3535000,0.0,0.0,0.0,6674851.0,6707560.0,97.87,73.12,89.3646,87.8258,6481763840.0,PCX,XLB
2024-05-10 00:00:00-04:00,89.9134896531706,90.00133034525149,89.58162966312447,89.64019012451172,2736300,0.0,0.0,0.0,6674851.0,6707560.0,97.87,73.12,89.3646,87.8258,6481763840.0,PCX,XLB
2024-05-13 00:00:00-04:00,89.80612871339525,90.11846360215095,89.50354893763266,89.58163452148438,2515300,0.0,0.0,0.0,6674851.0,6707560.0,97.87,73.12,89.3646,87.8258,6481763840.0,PCX,XLB
2024-05-14 00:00:00-04:00,89.82564308543131,89.99156936003095,89.37666216475829,89.66947937011719,3740200,0.0,0.0,0.0,6674851.0,6707560.0,97.87,73.12,89.3646,87.8258,6481763840.0,PCX,XLB
2024-05-15 00:00:00-04:00,90.2843889387954,90.34294940274629,89.41570730581907,89.82564544677734,3961100,0.0,0.0,0.0,6674851.0,6707560.0,97.87,73.12,89.3646,87.8258,6481763840.0,PCX,XLB
2024-05-16 00:00:00-04:00,89.8549251912658,89.92324821438818,89.13265216873626,89.18145751953125,3622900,0.0,0.0,0.0,6674851.0,6707560.0,97.87,73.12,89.3646,87.8258,6481763840.0,PCX,XLB
2024-05-17 00:00:00-04:00,89.51330866069706,89.9427719116211,89.37666261661231,89.9427719116211,3628100,0.0,0.0,0.0,6674851.0,6707560.0,97.87,73.12,89.3646,87.8258,6481763840.0,PCX,XLB
2024-05-20 00:00:00-04:00,89.81587434527215,90.22581989389352,89.58162506509592,90.06964874267578,2272300,0.0,0.0,0.0,6674851.0,6707560.0,97.87,73.12,89.3646,87.8258,6481763840.0,PCX,XLB
2024-05-21 00:00:00-04:00,90.06964874267578,90.08917385990316,89.66947319931847,90.06964874267578,2712500,0.0,0.0,0.0,6674851.0,6707560.0,97.87,73.12,89.3646,87.8258,6481763840.0,PCX,XLB
2024-05-22 00:00:00-04:00,89.23025067497018,89.55234810111311,88.78126976882425,89.19120788574219,4351600,0.0,0.0,0.0,6674851.0,6707560.0,97.87,73.12,89.3646,87.8258,6481763840.0,PCX,XLB
2024-05-23 00:00:00-04:00,89.31810651620157,89.40594721455295,88.2249306634819,88.40061950683594,2844000,0.0,0.0,0.0,6674851.0,6707560.0,97.87,73.12,89.3646,87.8258,6481763840.0,PCX,XLB
2024-05-24 00:00:00-04:00,88.81055927085202,89.28882790383787,88.81055927085202,89.17169952392578,2299000,0.0,0.0,0.0,6674851.0,6707560.0,97.87,73.12,89.3646,87.8258,6481763840.0,PCX,XLB
2024-05-28 00:00:00-04:00,89.19121090594903,89.30833927759922,88.5177432472504,88.830078125,2111500,0.0,0.0,0.0,6674851.0,6707560.0,97.87,73.12,89.3646,87.8258,6481763840.0,PCX,XLB
2024-05-29 00:00:00-04:00,87.99067386768142,88.21516059769041,87.49288761275837,87.56121063232422,4072500,0.0,0.0,0.0,6674851.0,6707560.0,97.87,73.12,89.3646,87.8258,6481763840.0,PCX,XLB
2024-05-30 00:00:00-04:00,87.3855207269321,88.32252531799459,87.3855207269321,88.27372741699219,3299700,0.0,0.0,0.0,6674851.0,6707560.0,97.87,73.12,89.3646,87.8258,6481763840.0,PCX,XLB
2024-05-31 00:00:00-04:00,88.36157612773674,89.35714871568518,87.73690634365785,89.3376235961914,4101500,0.0,0.0,0.0,6674851.0,6707560.0,97.87,73.12,89.3646,87.8258,6481763840.0,PCX,XLB
2024-06-03 00:00:00-04:00,89.31811101645165,89.35715381101429,88.0492462564468,88.81056213378906,5950100,0.0,0.0,0.0,6674851.0,6707560.0,97.87,73.12,89.3646,87.8258,6481763840.0,PCX,XLB
2024-06-04 00:00:00-04:00,88.09803724895546,88.26396351380747,87.31719637830422,87.82474517822266,3389500,0.0,0.0,0.0,6674851.0,6707560.0,97.87,73.12,89.3646,87.8258,6481763840.0,PCX,XLB
2024-06-05 00:00:00-04:00,87.84427411825546,88.46894391625315,87.47337875277287,88.42990112304688,3410400,0.0,0.0,0.0,6674851.0,6707560.0,97.87,73.12,89.3646,87.8258,6481763840.0,PCX,XLB
2024-06-06 00:00:00-04:00,88.4299007080532,88.54702908712235,88.03948022447399,88.52750396728516,2119400,0.0,0.0,0.0,6674851.0,6707560.0,97.87,73.12,89.3646,87.8258,6481763840.0,PCX,XLB
2024-06-07 00:00:00-04:00,87.61001725463333,88.37133303991014,87.25863959271315,87.63929748535156,4179500,0.0,0.0,0.0,6674851.0,6707560.0,97.87,73.12,89.3646,87.8258,6481763840.0,PCX,XLB
2024-06-10 00:00:00-04:00,87.40505909426275,87.63930841587528,87.20984512070928,87.55146026611328,2611800,0.0,0.0,0.0,6674851.0,6707560.0,97.87,73.12,89.3646,87.8258,6481763840.0,PCX,XLB
2024-06-11 00:00:00-04:00,87.06342753820368,87.52217102050781,86.71204986863674,87.52217102050781,3228600,0.0,0.0,0.0,6674851.0,6707560.0,97.87,73.12,89.3646,87.8258,6481763840.0,PCX,XLB
2024-06-12 00:00:00-04:00,88.57630951038375,88.83983905554093,87.46361597011766,87.68810272216797,4087100,0.0,0.0,0.0,6674851.0,6707560.0,97.87,73.12,89.3646,87.8258,6481763840.0,PCX,XLB
2024-06-13 00:00:00-04:00,87.20007760250334,87.76618692364411,86.87798759609332,87.65882110595703,3968600,0.0,0.0,0.0,6674851.0,6707560.0,97.87,73.12,89.3646,87.8258,6481763840.0,PCX,XLB
2024-06-14 00:00:00-04:00,87.15128144600816,87.29769005912453,86.30211744725423,86.84870910644531,2847200,0.0,0.0,0.0,6674851.0,6707560.0,97.87,73.12,89.3646,87.8258,6481763840.0,PCX,XLB
2024-06-17 00:00:00-04:00,86.53637465677431,87.63930564756892,86.33139812935494,87.4928970336914,3815600,0.0,0.0,0.0,6674851.0,6707560.0,97.87,73.12,89.3646,87.8258,6481763840.0,PCX,XLB
2024-06-18 00:00:00-04:00,87.51241493082357,87.83450491878834,86.99510354493302,87.3952865600586,3436100,0.0,0.0,0.0,6674851.0,6707560.0,97.87,73.12,89.3646,87.8258,6481763840.0,PCX,XLB
2024-06-20 00:00:00-04:00,87.34647774215586,87.91258700839754,87.27815472358535,87.48312377929688,3220500,0.0,0.0,0.0,6674851.0,6707560.0,97.87,73.12,89.3646,87.8258,6481763840.0,PCX,XLB
2024-06-21 00:00:00-04:00,87.24888515944602,87.65882332098191,86.83894699791013,87.4928970336914,4104900,0.0,0.0,0.0,6674851.0,6707560.0,97.87,73.12,89.3646,87.8258,6481763840.0,PCX,XLB
2024-06-24 00:00:00-04:00,87.86064930427037,88.41965383224431,87.61547503008885,88.05679321289062,4032600,0.425,0.0,0.0,6674851.0,6707560.0,97.87,73.12,89.3646,87.8258,6481763840.0,PCX,XLB
2024-06-25 00:00:00-04:00,87.89007435479265,87.90968500411302,86.65439394811338,86.93879699707031,3646100,0.0,0.0,0.0,6674851.0,6707560.0,97.87,73.12,89.3646,87.8258,6481763840.0,PCX,XLB
2024-06-26 00:00:00-04:00,86.5072816803242,86.95840140355489,86.25229836471577,86.87994384765625,3237300,0.0,0.0,0.0,6674851.0,6707560.0,97.87,73.12,89.3646,87.8258,6481763840.0,PCX,XLB
2024-06-27 00:00:00-04:00,86.87014593202684,86.90937471163222,86.41902618975192,86.63477325439453,8139800,0.0,0.0,0.0,6674851.0,6707560.0,97.87,73.12,89.3646,87.8258,6481763840.0,PCX,XLB
2024-06-28 00:00:00-04:00,86.64459072188602,87.24281657516086,86.34057700311945,86.60536193847656,3875300,0.0,0.0,0.0,6674851.0,6707560.0,97.87,73.12,89.3646,87.8258,6481763840.0,PCX,XLB
2024-07-01 00:00:00-04:00,86.67400354156786,86.99763536734788,85.00682153102643,85.2716064453125,4323700,0.0,0.0,0.0,6674851.0,6707560.0,97.87,73.12,89.3646,87.8258,6481763840.0,PCX,XLB
2024-07-02 00:00:00-04:00,85.06565960236188,85.6638853984807,84.74203526387315,85.42852020263672,6558600,0.0,0.0,0.0,6674851.0,6707560.0,97.87,73.12,89.3646,87.8258,6481763840.0,PCX,XLB
2024-07-03 00:00:00-04:00,85.7129350498425,86.28174121009481,85.63447747971273,86.06598663330078,2295600,0.0,0.0,0.0,6674851.0,6707560.0,97.87,73.12,89.3646,87.8258,6481763840.0,PCX,XLB
2024-07-05 00:00:00-04:00,86.01694274244585,86.3111548687139,85.53640325285822,86.20327758789062,4423400,0.0,0.0,0.0,6674851.0,6707560.0,97.87,73.12,89.3646,87.8258,6481763840.0,PCX,XLB
2024-07-08 00:00:00-04:00,86.45825958251953,86.76227328802672,86.15423839488727,86.45825958251953,5248400,0.0,0.0,0.0,6674851.0,6707560.0,97.87,73.12,89.3646,87.8258,6481763840.0,PCX,XLB
2024-07-09 00:00:00-04:00,86.07578031687278,86.2523060923982,85.55601205619378,85.57563018798828,2975500,0.0,0.0,0.0,6674851.0,6707560.0,97.87,73.12,89.3646,87.8258,6481763840.0,PCX,XLB
2024-07-10 00:00:00-04:00,86.0071331698846,86.77208319725207,85.86983617366803,86.7230453491211,3957700,0.0,0.0,0.0,6674851.0,6707560.0,97.87,73.12,89.3646,87.8258,6481763840.0,PCX,XLB
2024-07-11 00:00:00-04:00,87.15455735276423,88.03717879131597,87.0957104366355,87.9096908569336,5957000,0.0,0.0,0.0,6674851.0,6707560.0,97.87,73.12,89.3646,87.8258,6481763840.0,PCX,XLB
2024-07-12 00:00:00-04:00,88.40984740710331,89.17478996825865,88.17448219185366,88.75308990478516,4898000,0.0,0.0,0.0,6674851.0,6707560.0,97.87,73.12,89.3646,87.8258,6481763840.0,PCX,XLB
2024-07-15 00:00:00-04:00,88.76289955439056,89.12575270484234,88.32158135550617,88.52752685546875,3242600,0.0,0.0,0.0,6674851.0,6707560.0,97.87,73.12,89.3646,87.8258,6481763840.0,PCX,XLB
2024-07-16 00:00:00-04:00,88.44906641130294,90.32219382420745,88.40983763274414,90.24373626708984,3732800,0.0,0.0,0.0,6674851.0,6707560.0,97.87,73.12,89.3646,87.8258,6481763840.0,PCX,XLB
2024-07-17 00:00:00-04:00,90.19470818120536,90.5967900778602,90.01818241429908,90.05741119384766,4395200,0.0,0.0,0.0,6674851.0,6707560.0,97.87,73.12,89.3646,87.8258,6481763840.0,PCX,XLB
2024-07-18 00:00:00-04:00,89.5278386458376,90.50853574023988,89.0571007483895,89.16497802734375,4455100,0.0,0.0,0.0,6674851.0,6707560.0,97.87,73.12,89.3646,87.8258,6481763840.0,PCX,XLB
2024-07-19 00:00:00-04:00,88.74328295073128,88.93942686987887,88.10582830722119,88.37062072753906,4682600,0.0,0.0,0.0,6674851.0,6707560.0,97.87,73.12,89.3646,87.8258,6481763840.0,PCX,XLB
2024-07-22 00:00:00-04:00,88.59616946190735,88.77269523329329,87.92930263903254,88.66482543945312,3763100,0.0,0.0,0.0,6674851.0,6707560.0,97.87,73.12,89.3646,87.8258,6481763840.0,PCX,XLB
2024-07-23 00:00:00-04:00,88.92961652063748,89.17479080444139,88.39023010341874,89.01787567138672,3246700,0.0,0.0,0.0,6674851.0,6707560.0,97.87,73.12,89.3646,87.8258,6481763840.0,PCX,XLB
2024-07-24 00:00:00-04:00,89.17478410416048,89.28266137949872,87.79199765598402,87.88026428222656,4274500,0.0,0.0,0.0,6674851.0,6707560.0,97.87,73.12,89.3646,87.8258,6481763840.0,PCX,XLB
2024-07-25 00:00:00-04:00,87.47818639714623,89.19440648047015,87.39973630832417,88.12545013427734,5026000,0.0,0.0,0.0,6674851.0,6707560.0,97.87,73.12,89.3646,87.8258,6481763840.0,PCX,XLB
2024-07-26 00:00:00-04:00,88.7040441949502,89.91030484519442,88.49809871459136,89.56706237792969,3534900,0.0,0.0,0.0,6674851.0,6707560.0,97.87,73.12,89.3646,87.8258,6481763840.0,PCX,XLB
2024-07-29 00:00:00-04:00,89.6259079210764,89.96915041176021,89.23362758224128,89.7239761352539,3524800,0.0,0.0,0.0,6674851.0,6707560.0,97.87,73.12,89.3646,87.8258,6481763840.0,PCX,XLB
2024-07-30 00:00:00-04:00,89.41015329124448,90.08683668815696,89.24343657905956,89.42977142333984,4251100,0.0,0.0,0.0,6674851.0,6707560.0,97.87,73.12,89.3646,87.8258,6481763840.0,PCX,XLB
2024-07-31 00:00:00-04:00,90.19471821648617,91.19502601883536,89.90050607819936,90.36143493652344,5233400,0.0,0.0,0.0,6674851.0,6707560.0,97.87,73.12,89.3646,87.8258,6481763840.0,PCX,XLB
2024-08-01 00:00:00-04:00,90.7635233578972,91.58730536460386,89.42977464807419,89.99857330322266,8567200,0.0,0.0,0.0,6674851.0,6707560.0,97.87,73.12,89.3646,87.8258,6481763840.0,PCX,XLB
2024-08-02 00:00:00-04:00,88.98844875239405,89.19439423626656,87.1349319154167,88.30196380615234,10472600,0.0,0.0,0.0,6674851.0,6707560.0,97.87,73.12,89.3646,87.8258,6481763840.0,PCX,XLB
2024-08-05 00:00:00-04:00,86.71323604206597,87.0368678817306,85.59524194333825,86.33076477050781,9741400,0.0,0.0,0.0,6674851.0,6707560.0,97.87,73.12,89.3646,87.8258,6481763840.0,PCX,XLB
2024-08-06 00:00:00-04:00,86.21307486063677,87.88025672909605,86.06596881762584,86.7720718383789,5906100,0.0,0.0,0.0,6674851.0,6707560.0,97.87,73.12,89.3646,87.8258,6481763840.0,PCX,XLB
2024-08-07 00:00:00-04:00,87.50760147775856,87.87045459941591,85.53639830293504,85.5952377319336,5548700,0.0,0.0,0.0,6674851.0,6707560.0,97.87,73.12,89.3646,87.8258,6481763840.0,PCX,XLB
2024-08-08 00:00:00-04:00,86.03656041390349,87.10551666817734,85.97771349968993,86.91918182373047,5379500,0.0,0.0,0.0,6674851.0,6707560.0,97.87,73.12,89.3646,87.8258,6481763840.0,PCX,XLB
2024-08-09 00:00:00-04:00,86.96821887696458,87.1349355877747,86.05617027730473,86.85053253173828,2861000,0.0,0.0,0.0,6674851.0,6707560.0,97.87,73.12,89.3646,87.8258,6481763840.0,PCX,XLB
2024-08-12 00:00:00-04:00,86.94860265907091,87.06628151463613,86.27191931107258,86.46805572509766,2780900,0.0,0.0,0.0,6674851.0,6707560.0,97.87,73.12,89.3646,87.8258,6481763840.0,PCX,XLB
2024-08-13 00:00:00-04:00,86.77208054187241,87.51740493220406,86.56612757172495,87.3310775756836,3118000,0.0,0.0,0.0,6674851.0,6707560.0,97.87,73.12,89.3646,87.8258,6481763840.0,PCX,XLB
2024-08-14 00:00:00-04:00,87.54682464733229,87.59586249396263,86.88975940238535,87.3310775756836,3620500,0.0,0.0,0.0,6674851.0,6707560.0,97.87,73.12,89.3646,87.8258,6481763840.0,PCX,XLB
2024-08-15 00:00:00-04:00,88.1646715714952,88.90019440304472,87.97833672655594,88.71385955810547,3864300,0.0,0.0,0.0,6674851.0,6707560.0,97.87,73.12,89.3646,87.8258,6481763840.0,PCX,XLB
2024-08-16 00:00:00-04:00,88.5569466558741,88.88057099613481,88.16466633923642,88.82173156738281,2901600,0.0,0.0,0.0,6674851.0,6707560.0,97.87,73.12,89.3646,87.8258,6481763840.0,PCX,XLB
2024-08-19 00:00:00-04:00,88.83154012813556,89.32188865061526,88.83154012813556,89.2434310913086,2293200,0.0,0.0,0.0,6674851.0,6707560.0,97.87,73.12,89.3646,87.8258,6481763840.0,PCX,XLB
2024-08-20 00:00:00-04:00,89.29247713393951,89.52784235134267,88.83154828335286,88.91980743408203,2417300,0.0,0.0,0.0,6674851.0,6707560.0,97.87,73.12,89.3646,87.8258,6481763840.0,PCX,XLB
2024-08-21 00:00:00-04:00,89.21401404324027,90.01818534485449,89.17478526241459,89.93972778320312,2305500,0.0,0.0,0.0,6674851.0,6707560.0,97.87,73.12,89.3646,87.8258,6481763840.0,PCX,XLB
2024-08-22 00:00:00-04:00,89.93972992339116,90.0966450504278,89.43957230861818,89.7533950805664,2842200,0.0,0.0,0.0,6674851.0,6707560.0,97.87,73.12,89.3646,87.8258,6481763840.0,PCX,XLB
2024-08-23 00:00:00-04:00,90.12606024251389,91.1655967195164,90.0672133317663,90.9400405883789,2898900,0.0,0.0,0.0,6674851.0,6707560.0,97.87,73.12,89.3646,87.8258,6481763840.0,PCX,XLB
2024-08-26 00:00:00-04:00,91.34212493896484,92.01880831478763,91.1950188813349,91.34212493896484,3831500,0.0,0.0,0.0,6674851.0,6707560.0,97.87,73.12,89.3646,87.8258,6481763840.0,PCX,XLB
2024-08-27 00:00:00-04:00,91.27347877664012,91.37154699019246,90.76351957689292,91.35193634033205,4422700,0.0,0.0,0.0,6674851.0,6707560.0,97.87,73.12,89.3646,87.8258,6481763840.0,PCX,XLB
2024-08-28 00:00:00-04:00,91.04792254584066,91.4500119808228,90.62622994153116,90.95966339111328,3262000,0.0,0.0,0.0,6674851.0,6707560.0,97.87,73.12,89.3646,87.8258,6481763840.0,PCX,XLB
2024-08-29 00:00:00-04:00,91.28329019720633,92.02861462512917,90.70467500271,91.4598159790039,3025600,0.0,0.0,0.0,6674851.0,6707560.0,97.87,73.12,89.3646,87.8258,6481763840.0,PCX,XLB
2024-08-30 00:00:00-04:00,91.71478926569316,92.5974181498646,91.27347856466996,92.46012115478516,4323700,0.0,0.0,0.0,6674851.0,6707560.0,97.87,73.12,89.3646,87.8258,6481763840.0,PCX,XLB
2024-09-03 00:00:00-04:00,91.11657593313431,91.55788665843902,90.07703186474636,90.36143493652344,4751700,0.0,0.0,0.0,6674851.0,6707560.0,97.87,73.12,89.3646,87.8258,6481763840.0,PCX,XLB
2024-09-04 00:00:00-04:00,90.58699537105927,90.96946664803568,89.89070131599648,89.98876953125,3156700,0.0,0.0,0.0,6674851.0,6707560.0,97.87,73.12,89.3646,87.8258,6481763840.0,PCX,XLB
2024-09-05 00:00:00-04:00,90.17509957951448,90.2829768641417,89.07672356458319,89.28266906738281,3793500,0.0,0.0,0.0,6674851.0,6707560.0,97.87,73.12,89.3646,87.8258,6481763840.0,PCX,XLB
2024-09-06 00:00:00-04:00,89.15518439508612,89.68475428902448,87.97834328756848,88.15486907958984,5308200,0.0,0.0,0.0,6674851.0,6707560.0,97.87,73.12,89.3646,87.8258,6481763840.0,PCX,XLB
2024-09-09 00:00:00-04:00,88.6648294069503,89.46900073877619,88.6648294069503,89.00807189941406,3206200,0.0,0.0,0.0,6674851.0,6707560.0,97.87,73.12,89.3646,87.8258,6481763840.0,PCX,XLB
2024-09-10 00:00:00-04:00,88.96883705744406,89.06690526545067,88.33138248221404,89.04729461669922,3149900,0.0,0.0,0.0,6674851.0,6707560.0,97.87,73.12,89.3646,87.8258,6481763840.0,PCX,XLB
2024-09-11 00:00:00-04:00,89.04729918880626,89.36112195981539,87.17416414656822,89.26304626464844,3696400,0.0,0.0,0.0,6674851.0,6707560.0,97.87,73.12,89.3646,87.8258,6481763840.0,PCX,XLB
2024-09-12 00:00:00-04:00,89.54744377762619,90.10644078770476,89.03748461209601,90.08683013916016,2981400,0.0,0.0,0.0,6674851.0,6707560.0,97.87,73.12,89.3646,87.8258,6481763840.0,PCX,XLB
2024-09-13 00:00:00-04:00,90.35162239952852,91.39116642798668,90.28297390084852,90.90081787109376,3229500,0.0,0.0,0.0,6674851.0,6707560.0,97.87,73.12,89.3646,87.8258,6481763840.0,PCX,XLB
2024-09-16 00:00:00-04:00,91.30289873360672,91.91093363063706,91.03811380810366,91.74421691894533,2919300,0.0,0.0,0.0,6674851.0,6707560.0,97.87,73.12,89.3646,87.8258,6481763840.0,PCX,XLB
2024-09-17 00:00:00-04:00,91.78343374901544,92.59741410004712,91.69517460552092,91.92073822021484,2940700,0.0,0.0,0.0,6674851.0,6707560.0,97.87,73.12,89.3646,87.8258,6481763840.0,PCX,XLB
2024-09-18 00:00:00-04:00,92.1168743762656,92.60722290217308,91.30289402754924,91.52845764160156,5577700,0.0,0.0,0.0,6674851.0,6707560.0,97.87,73.12,89.3646,87.8258,6481763840.0,PCX,XLB
2024-09-19 00:00:00-04:00,93.0485442578538,93.28391696442289,92.40128802010278,92.91124725341795,4175900,0.0,0.0,0.0,6674851.0,6707560.0,97.87,73.12,89.3646,87.8258,6481763840.0,PCX,XLB
2024-09-20 00:00:00-04:00,92.80336124493824,92.80336124493824,91.89131266854444,92.2541732788086,4808700,0.0,0.0,0.0,6674851.0,6707560.0,97.87,73.12,89.3646,87.8258,6481763840.0,PCX,XLB
2024-09-23 00:00:00-04:00,92.61668670539144,93.13878242181626,92.419674842397,93.05997467041016,2579900,0.418,0.0,0.0,6674851.0,6707560.0,97.87,73.12,89.3646,87.8258,6481763840.0,PCX,XLB
2024-09-24 00:00:00-04:00,93.89728388834372,94.48832697728092,93.71011736256403,94.33071899414062,3959400,0.0,0.0,0.0,6674851.0,6707560.0,97.87,73.12,89.3646,87.8258,6481763840.0,PCX,XLB
2024-09-25 00:00:00-04:00,94.58682477649684,94.66563251905382,93.48354644277909,93.70026397705078,2907700,0.0,0.0,0.0,6674851.0,6707560.0,97.87,73.12,89.3646,87.8258,6481763840.0,PCX,XLB
2024-09-26 00:00:00-04:00,94.71490432242062,95.77878646982602,94.71490432242062,95.640869140625,5121700,0.0,0.0,0.0,6674851.0,6707560.0,97.87,73.12,89.3646,87.8258,6481763840.0,PCX,XLB
2024-09-27 00:00:00-04:00,95.63101943367228,96.32056847053114,95.27639206742462,95.47340393066406,4249300,0.0,0.0,0.0,6674851.0,6707560.0,97.87,73.12,89.3646,87.8258,6481763840.0,PCX,XLB
2024-09-30 00:00:00-04:00,95.31579270492828,95.42415148068484,94.22235961539964,94.94145965576172,3686800,0.0,0.0,0.0,6674851.0,6707560.0,97.87,73.12,89.3646,87.8258,6481763840.0,PCX,XLB
2024-10-01 00:00:00-04:00,95.03996913882256,95.09907119021926,94.2716048930642,94.70503997802734,5773400,0.0,0.0,0.0,6674851.0,6707560.0,97.87,73.12,89.3646,87.8258,6481763840.0,PCX,XLB
2024-10-02 00:00:00-04:00,94.46862537999492,95.08921947359886,94.09429234197827,94.34056091308594,5285700,0.0,0.0,0.0,6674851.0,6707560.0,97.87,73.12,89.3646,87.8258,6481763840.0,PCX,XLB
2024-10-03 00:00:00-04:00,93.77907102485828,93.79877671969076,93.04026529457153,93.29638671875,6771300,0.0,0.0,0.0,6674851.0,6707560.0,97.87,73.12,89.3646,87.8258,6481763840.0,PCX,XLB
2024-10-04 00:00:00-04:00,93.87758381710614,94.14355057133636,93.16832911846498,93.74951934814452,5690100,0.0,0.0,0.0,6674851.0,6707560.0,97.87,73.12,89.3646,87.8258,6481763840.0,PCX,XLB
2024-10-07 00:00:00-04:00,93.32593882617826,93.70027187712476,92.9516132907524,93.47370147705078,3900300,0.0,0.0,0.0,6674851.0,6707560.0,97.87,73.12,89.3646,87.8258,6481763840.0,PCX,XLB
2024-10-08 00:00:00-04:00,92.93190154572386,93.15847193104784,92.43936441856056,93.0402603149414,4466900,0.0,0.0,0.0,6674851.0,6707560.0,97.87,73.12,89.3646,87.8258,6481763840.0,PCX,XLB
2024-10-09 00:00:00-04:00,92.97131163236016,93.89728389828956,92.82355649675068,93.63131713867188,4281000,0.0,0.0,0.0,6674851.0,6707560.0,97.87,73.12,89.3646,87.8258,6481763840.0,PCX,XLB
2024-10-10 00:00:00-04:00,93.59191617030876,93.9957927460506,93.1978849268995,93.84803009033205,3382300,0.0,0.0,0.0,6674851.0,6707560.0,97.87,73.12,89.3646,87.8258,6481763840.0,PCX,XLB
2024-10-11 00:00:00-04:00,94.03519611219504,94.72475266330346,93.89728630507751,94.45877838134766,3315600,0.0,0.0,0.0,6674851.0,6707560.0,97.87,73.12,89.3646,87.8258,6481763840.0,PCX,XLB
2024-10-14 00:00:00-04:00,94.03518848812143,95.0596666261622,93.887425845184,95.00056457519533,3108500,0.0,0.0,0.0,6674851.0,6707560.0,97.87,73.12,89.3646,87.8258,6481763840.0,PCX,XLB
2024-10-15 00:00:00-04:00,94.7838573476069,95.68027111873012,94.7838573476069,94.90206146240234,3858800,0.0,0.0,0.0,6674851.0,6707560.0,97.87,73.12,89.3646,87.8258,6481763840.0,PCX,XLB
2024-10-16 00:00:00-04:00,95.01042213079688,95.82803568012812,94.97102576876364,95.640869140625,3732900,0.0,0.0,0.0,6674851.0,6707560.0,97.87,73.12,89.3646,87.8258,6481763840.0,PCX,XLB
2024-10-17 00:00:00-04:00,95.8477371960257,96.00534518384768,95.48325698118607,95.78862762451172,2521800,0.0,0.0,0.0,6674851.0,6707560.0,97.87,73.12,89.3646,87.8258,6481763840.0,PCX,XLB
2024-10-18 00:00:00-04:00,96.074299854543,96.40922904057334,95.6901214604782,96.1728057861328,3017800,0.0,0.0,0.0,6674851.0,6707560.0,97.87,73.12,89.3646,87.8258,6481763840.0,PCX,XLB
2024-10-21 00:00:00-04:00,96.06444507603923,96.21220772821466,95.10892929174908,95.43399810791016,2171600,0.0,0.0,0.0,6674851.0,6707560.0,97.87,73.12,89.3646,87.8258,6481763840.0,PCX,XLB
2024-10-22 00:00:00-04:00,95.365034438119,95.51279707670965,94.03518572184312,94.5572738647461,3477000,0.0,0.0,0.0,6674851.0,6707560.0,97.87,73.12,89.3646,87.8258,6481763840.0,PCX,XLB
2024-10-23 00:00:00-04:00,94.31100805120457,94.82325087782868,93.85787479104953,94.30116271972656,3391300,0.0,0.0,0.0,6674851.0,6707560.0,97.87,73.12,89.3646,87.8258,6481763840.0,PCX,XLB
2024-10-24 00:00:00-04:00,94.11399669730427,94.3011632136496,92.76444224124856,93.14862060546876,2546000,0.0,0.0,0.0,6674851.0,6707560.0,97.87,73.12,89.3646,87.8258,6481763840.0,PCX,XLB
2024-10-25 00:00:00-04:00,93.1092182358986,93.48355127463228,92.5083298355237,92.55757904052734,3703300,0.0,0.0,0.0,6674851.0,6707560.0,97.87,73.12,89.3646,87.8258,6481763840.0,PCX,XLB
2024-10-28 00:00:00-04:00,93.01071949780427,93.4540074702146,92.91221356466454,93.32594299316406,3850800,0.0,0.0,0.0,6674851.0,6707560.0,97.87,73.12,89.3646,87.8258,6481763840.0,PCX,XLB
2024-10-29 00:00:00-04:00,92.86295405585292,93.27669098746756,92.61668547262738,92.72504425048828,3657800,0.0,0.0,0.0,6674851.0,6707560.0,97.87,73.12,89.3646,87.8258,6481763840.0,PCX,XLB
2024-10-30 00:00:00-04:00,92.72503465942114,93.8480186815314,92.72503465942114,93.22742462158205,5321800,0.0,0.0,0.0,6674851.0,6707560.0,97.87,73.12,89.3646,87.8258,6481763840.0,PCX,XLB
2024-10-31 00:00:00-04:00,92.59698970999804,92.981168108617,91.9566898737928,91.99609375,4053400,0.0,0.0,0.0,6674851.0,6707560.0,97.87,73.12,89.3646,87.8258,6481763840.0,PCX,XLB
2024-11-01 00:00:00-04:00,92.06504367066246,92.39011999513352,91.71041631951594,91.7399673461914,3464000,0.0,0.0,0.0,6674851.0,6707560.0,97.87,73.12,89.3646,87.8258,6481763840.0,PCX,XLB
2024-11-04 00:00:00-05:00,92.24235816218312,92.76444634612244,91.73012282572958,92.14385223388672,7654300,0.0,0.0,0.0,6674851.0,6707560.0,97.87,73.12,89.3646,87.8258,6481763840.0,PCX,XLB
2024-11-05 00:00:00-05:00,91.9271338184826,92.65608669965052,91.63160852084992,92.2817611694336,3986400,0.0,0.0,0.0,6674851.0,6707560.0,97.87,73.12,89.3646,87.8258,6481763840.0,PCX,XLB
2024-11-06 00:00:00-05:00,94.31100938127904,94.49817589928364,92.86294898844832,93.55250549316406,6351400,0.0,0.0,0.0,6674851.0,6707560.0,97.87,73.12,89.3646,87.8258,6481763840.0,PCX,XLB
2024-11-07 00:00:00-05:00,93.7987728267041,94.25190608727752,93.601753464159,93.91697692871094,9974900,0.0,0.0,0.0,6674851.0,6707560.0,97.87,73.12,89.3646,87.8258,6481763840.0,PCX,XLB
2024-11-08 00:00:00-05:00,93.5722100235082,93.66087062272028,92.8925138353128,93.05997467041016,4402800,0.0,0.0,0.0,6674851.0,6707560.0,97.87,73.12,89.3646,87.8258,6481763840.0,PCX,XLB
2024-11-11 00:00:00-05:00,92.96146793790196,93.3456463282954,92.5575838520664,92.65608978271484,3846800,0.0,0.0,0.0,6674851.0,6707560.0,97.87,73.12,89.3646,87.8258,6481763840.0,PCX,XLB
2024-11-12 00:00:00-05:00,92.20294772082416,92.3310121824569,90.85340081668882,91.07996368408205,3539200,0.0,0.0,0.0,6674851.0,6707560.0,97.87,73.12,89.3646,87.8258,6481763840.0,PCX,XLB
2024-11-13 00:00:00-05:00,91.14892162052772,91.48385078267611,90.85340384683003,91.29668426513672,3155000,0.0,0.0,0.0,6674851.0,6707560.0,97.87,73.12,89.3646,87.8258,6481763840.0,PCX,XLB
2024-11-14 00:00:00-05:00,91.16862865193036,91.26713457794104,90.44952111256352,90.54802703857422,2955700,0.0,0.0,0.0,6674851.0,6707560.0,97.87,73.12,89.3646,87.8258,6481763840.0,PCX,XLB
2024-11-15 00:00:00-05:00,90.50862271955415,90.69578923891748,89.76981700483,89.9175796508789,3197800,0.0,0.0,0.0,6674851.0,6707560.0,97.87,73.12,89.3646,87.8258,6481763840.0,PCX,XLB
2024-11-18 00:00:00-05:00,90.08504807440964,90.6169891357422,89.91758723533856,90.6169891357422,3937600,0.0,0.0,0.0,6674851.0,6707560.0,97.87,73.12,89.3646,87.8258,6481763840.0,PCX,XLB
2024-11-19 00:00:00-05:00,89.9372937616025,90.46922731232416,89.46445475310195,90.32147216796876,3270300,0.0,0.0,0.0,6674851.0,6707560.0,97.87,73.12,89.3646,87.8258,6481763840.0,PCX,XLB
2024-11-20 00:00:00-05:00,90.37072325759635,91.16863863132032,90.01609587272374,91.0602798461914,4172900,0.0,0.0,0.0,6674851.0,6707560.0,97.87,73.12,89.3646,87.8258,6481763840.0,PCX,XLB
2024-11-21 00:00:00-05:00,91.07996781737526,92.20295190507946,90.81400106629602,92.17340087890624,4201200,0.0,0.0,0.0,6674851.0,6707560.0,97.87,73.12,89.3646,87.8258,6481763840.0,PCX,XLB
2024-11-22 00:00:00-05:00,92.09460292425965,92.7940048416324,92.03550086562906,92.6856460571289,2928600,0.0,0.0,0.0,6674851.0,6707560.0,97.87,73.12,89.3646,87.8258,6481763840.0,PCX,XLB
2024-11-25 00:00:00-05:00,93.05996883734842,93.77906885617318,92.95161006483724,93.6411590576172,3762300,0.0,0.0,0.0,6674851.0,6707560.0,97.87,73.12,89.3646,87.8258,6481763840.0,PCX,XLB
2024-11-26 00:00:00-05:00,93.40475098556088,93.40475098556088,92.58713745891312,92.94176483154295,3052300,0.0,0.0,0.0,6674851.0,6707560.0,97.87,73.12,89.3646,87.8258,6481763840.0,PCX,XLB
2024-11-27 00:00:00-05:00,93.07966846682324,93.73967395936474,92.77429783890734,92.89250946044922,7023700,0.0,0.0,0.0,6674851.0,6707560.0,97.87,73.12,89.3646,87.8258,6481763840.0,PCX,XLB
2024-11-29 00:00:00-05:00,92.9023550618748,93.44414893444672,92.7644452607693,93.36534118652344,2132600,0.0,0.0,0.0,6674851.0,6707560.0,97.87,73.12,89.3646,87.8258,6481763840.0,PCX,XLB
2024-12-02 00:00:00-05:00,93.4638442425744,93.52295380946131,92.64623830842784,93.30623626708984,6392800,0.0,0.0,0.0,6674851.0,6707560.0,97.87,73.12,89.3646,87.8258,6481763840.0,PCX,XLB
2024-12-03 00:00:00-05:00,93.68056248062616,93.75937022671378,92.83339799898486,93.01071166992188,5549600,0.0,0.0,0.0,6674851.0,6707560.0,97.87,73.12,89.3646,87.8258,6481763840.0,PCX,XLB
2024-12-04 00:00:00-05:00,92.64624795285653,92.70535001037568,91.81878156998296,92.10445404052734,5432900,0.0,0.0,0.0,6674851.0,6707560.0,97.87,73.12,89.3646,87.8258,6481763840.0,PCX,XLB
2024-12-05 00:00:00-05:00,91.61191458947498,91.74982439729273,90.4692247355326,90.89280700683594,6381400,0.0,0.0,0.0,6674851.0,6707560.0,97.87,73.12,89.3646,87.8258,6481763840.0,PCX,XLB
2024-12-06 00:00:00-05:00,91.11937536586396,91.24743232295285,90.49878124463524,90.5381851196289,3565500,0.0,0.0,0.0,6674851.0,6707560.0,97.87,73.12,89.3646,87.8258,6481763840.0,PCX,XLB
2024-12-09 00:00:00-05:00,91.25728413135094,91.75967413739816,90.49878021404253,90.51847839355467,4708800,0.0,0.0,0.0,6674851.0,6707560.0,97.87,73.12,89.3646,87.8258,6481763840.0,PCX,XLB
2024-12-10 00:00:00-05:00,90.4101121990961,90.4790670950117,89.0408596119721,89.59249877929688,3859300,0.0,0.0,0.0,6674851.0,6707560.0,97.87,73.12,89.3646,87.8258,6481763840.0,PCX,XLB
2024-12-11 00:00:00-05:00,89.88802381586751,89.88802381586751,89.2181730363997,89.27727508544922,6144100,0.0,0.0,0.0,6674851.0,6707560.0,97.87,73.12,89.3646,87.8258,6481763840.0,PCX,XLB
2024-12-12 00:00:00-05:00,88.96206315187737,89.20833174216872,88.61728862857369,88.65669250488281,3647000,0.0,0.0,0.0,6674851.0,6707560.0,97.87,73.12,89.3646,87.8258,6481763840.0,PCX,XLB
2024-12-13 00:00:00-05:00,88.34145850418616,88.46951545032134,87.60265282117241,87.89817810058594,4049400,0.0,0.0,0.0,6674851.0,6707560.0,97.87,73.12,89.3646,87.8258,6481763840.0,PCX,XLB
2024-12-16 00:00:00-05:00,87.72086814449999,88.026238768089,87.08056835571495,87.1199722290039,5243300,0.0,0.0,0.0,6674851.0,6707560.0,97.87,73.12,89.3646,87.8258,6481763840.0,PCX,XLB
2024-12-17 00:00:00-05:00,86.73578913141402,87.36623603863504,86.6175775179901,86.63727569580078,4144900,0.0,0.0,0.0,6674851.0,6707560.0,97.87,73.12,89.3646,87.8258,6481763840.0,PCX,XLB
2024-12-18 00:00:00-05:00,86.58802746929611,86.88354523290623,84.13519470838781,84.17459106445312,7398700,0.0,0.0,0.0,6674851.0,6707560.0,97.87,73.12,89.3646,87.8258,6481763840.0,PCX,XLB
2024-12-19 00:00:00-05:00,84.25340006342046,84.8345977835672,83.24862762733781,83.26832580566406,6247800,0.0,0.0,0.0,6674851.0,6707560.0,97.87,73.12,89.3646,87.8258,6481763840.0,PCX,XLB
2024-12-20 00:00:00-05:00,83.1205719666418,84.79520289148874,83.07132275785042,84.30266571044922,7342300,0.0,0.0,0.0,6674851.0,6707560.0,97.87,73.12,89.3646,87.8258,6481763840.0,PCX,XLB
2024-12-23 00:00:00-05:00,84.1976953149698,84.33632434146782,83.43523566923075,84.2373046875,5669200,0.444,0.0,0.0,6674851.0,6707560.0,97.87,73.12,89.3646,87.8258,6481763840.0,PCX,XLB
2024-12-24 00:00:00-05:00,84.25710687944779,84.76211694350373,83.85112402558296,84.69280242919922,2751200,0.0,0.0,0.0,6674851.0,6707560.0,97.87,73.12,89.3646,87.8258,6481763840.0,PCX,XLB
2024-12-26 00:00:00-05:00,84.34622389579596,84.88093906322753,84.1382803675806,84.56407165527344,3258800,0.0,0.0,0.0,6674851.0,6707560.0,97.87,73.12,89.3646,87.8258,6481763840.0,PCX,XLB
2024-12-27 00:00:00-05:00,84.13828668427035,84.87104120366676,83.7818098792201,84.10858154296875,4284000,0.0,0.0,0.0,6674851.0,6707560.0,97.87,73.12,89.3646,87.8258,6481763840.0,PCX,XLB
2024-12-30 00:00:00-05:00,83.56395755449519,83.56395755449519,82.58365017132881,82.979736328125,3764100,0.0,0.0,0.0,6674851.0,6707560.0,97.87,73.12,89.3646,87.8258,6481763840.0,PCX,XLB
2024-12-31 00:00:00-05:00,83.25699596949055,83.59366429866446,82.88071071369002,83.31640625,4441600,0.0,0.0,0.0,6674851.0,6707560.0,97.87,73.12,89.3646,87.8258,6481763840.0,PCX,XLB
2025-01-02 00:00:00-05:00,83.71249107733644,83.9897491215725,82.27667969866378,82.3955078125,10002100,0.0,0.0,0.0,6674851.0,6707560.0,97.87,73.12,89.3646,87.8258,6481763840.0,PCX,XLB
2025-01-03 00:00:00-05:00,82.66286416260165,82.77178048361345,82.22716865969583,82.37570190429688,9674200,0.0,0.0,0.0,6674851.0,6707560.0,97.87,73.12,89.3646,87.8258,6481763840.0,PCX,XLB
2025-01-06 00:00:00-05:00,83.18767868911625,83.72239386005354,82.81139344583724,82.93022155761719,8301000,0.0,0.0,0.0,6674851.0,6707560.0,97.87,73.12,89.3646,87.8258,6481763840.0,PCX,XLB
2025-01-07 00:00:00-05:00,82.97974162806416,83.82142004331736,82.46482732492687,82.8807144165039,11534500,0.0,0.0,0.0,6674851.0,6707560.0,97.87,73.12,89.3646,87.8258,6481763840.0,PCX,XLB
2025-01-08 00:00:00-05:00,82.94012600594863,83.34610883484112,82.34600055492437,83.33621215820312,7871500,0.0,0.0,0.0,6674851.0,6707560.0,97.87,73.12,89.3646,87.8258,6481763840.0,PCX,XLB
2025-01-10 00:00:00-05:00,82.75198056973852,83.08865643185604,82.26677901595198,82.48462677001953,9276800,0.0,0.0,0.0,6674851.0,6707560.0,97.87,73.12,89.3646,87.8258,6481763840.0,PCX,XLB
2025-01-13 00:00:00-05:00,82.40541817539481,84.37593732615967,82.33610365917842,84.32643127441406,10007400,0.0,0.0,0.0,6674851.0,6707560.0,97.87,73.12,89.3646,87.8258,6481763840.0,PCX,XLB
2025-01-14 00:00:00-05:00,84.80172826489022,85.44536737234226,84.58388048500963,85.37605285644531,6542300,0.0,0.0,0.0,6674851.0,6707560.0,97.87,73.12,89.3646,87.8258,6481763840.0,PCX,XLB
2025-01-15 00:00:00-05:00,86.6138100901444,86.84155452810718,85.6235984875219,86.18801879882812,6282100,0.0,0.0,0.0,6674851.0,6707560.0,97.87,73.12,89.3646,87.8258,6481763840.0,PCX,XLB
2025-01-16 00:00:00-05:00,86.25733899331448,86.91087476566254,86.01969030834385,86.9009780883789,5775200,0.0,0.0,0.0,6674851.0,6707560.0,97.87,73.12,89.3646,87.8258,6481763840.0,PCX,XLB
2025-01-17 00:00:00-05:00,87.47528974308223,88.02981338025259,87.13862142293863,87.46539306640625,5794500,0.0,0.0,0.0,6674851.0,6707560.0,97.87,73.12,89.3646,87.8258,6481763840.0,PCX,XLB
2025-01-21 00:00:00-05:00,88.28726875437786,88.83188059459137,88.16844064419853,88.5843276977539,5174000,0.0,0.0,0.0,6674851.0,6707560.0,97.87,73.12,89.3646,87.8258,6481763840.0,PCX,XLB
2025-01-22 00:00:00-05:00,88.68335695440798,88.71306209649265,87.8515827571743,87.87138366699219,5947100,0.0,0.0,0.0,6674851.0,6707560.0,97.87,73.12,89.3646,87.8258,6481763840.0,PCX,XLB
2025-01-23 00:00:00-05:00,87.87137352781949,88.35658264160156,87.40597287628536,88.35658264160156,4284200,0.0,0.0,0.0,6674851.0,6707560.0,97.87,73.12,89.3646,87.8258,6481763840.0,PCX,XLB
2025-01-24 00:00:00-05:00,88.75266821045766,88.78238090616651,88.0397221624689,88.12883758544922,3150000,0.0,0.0,0.0,6674851.0,6707560.0,97.87,73.12,89.3646,87.8258,6481763840.0,PCX,XLB
2025-01-27 00:00:00-05:00,87.9506003474708,88.25756354808156,87.44559027975993,88.17835235595703,6469400,0.0,0.0,0.0,6674851.0,6707560.0,97.87,73.12,89.3646,87.8258,6481763840.0,PCX,XLB
2025-01-28 00:00:00-05:00,88.38628773574266,88.39618441214682,87.69313509699515,87.89118194580078,4643800,0.0,0.0,0.0,6674851.0,6707560.0,97.87,73.12,89.3646,87.8258,6481763840.0,PCX,XLB
2025-01-29 00:00:00-05:00,87.55451154127981,88.14863701532484,87.5149021690481,87.73274993896484,4510100,0.0,0.0,0.0,6674851.0,6707560.0,97.87,73.12,89.3646,87.8258,6481763840.0,PCX,XLB
2025-01-30 00:00:00-05:00,87.55451688161396,88.62394733295345,87.39608693773908,88.56453704833984,6199100,0.0,0.0,0.0,6674851.0,6707560.0,97.87,73.12,89.3646,87.8258,6481763840.0,PCX,XLB
2025-01-31 00:00:00-05:00,88.45560599045494,88.72295980427212,87.56441401987249,87.92089080810547,6951400,0.0,0.0,0.0,6674851.0,6707560.0,97.87,73.12,89.3646,87.8258,6481763840.0,PCX,XLB
2025-02-03 00:00:00-05:00,87.02970233593554,88.26746691296809,86.07910004734039,88.010009765625,10624800,0.0,0.0,0.0,6674851.0,6707560.0,97.87,73.12,89.3646,87.8258,6481763840.0,PCX,XLB
2025-02-04 00:00:00-05:00,88.29716882408971,88.63384470517875,88.01991077773118,88.26746368408203,9859200,0.0,0.0,0.0,6674851.0,6707560.0,97.87,73.12,89.3646,87.8258,6481763840.0,PCX,XLB
2025-02-05 00:00:00-05:00,87.89117984046882,88.62393427671036,87.6040175826154,88.1981430053711,7097100,0.0,0.0,0.0,6674851.0,6707560.0,97.87,73.12,89.3646,87.8258,6481763840.0,PCX,XLB
2025-02-06 00:00:00-05:00,88.25755878984378,88.73286369054335,87.81196658364395,88.50511169433594,7651500,0.0,0.0,0.0,6674851.0,6707560.0,97.87,73.12,89.3646,87.8258,6481763840.0,PCX,XLB
2025-02-07 00:00:00-05:00,88.2773715163534,88.41600054518713,87.33666590102115,87.42578887939453,6772800,0.0,0.0,0.0,6674851.0,6707560.0,97.87,73.12,89.3646,87.8258,6481763840.0,PCX,XLB
2025-02-10 00:00:00-05:00,88.05952630648272,88.15854596500354,87.40598296175709,87.87138366699219,4475200,0.0,0.0,0.0,6674851.0,6707560.0,97.87,73.12,89.3646,87.8258,6481763840.0,PCX,XLB
2025-02-11 00:00:00-05:00,88.14863527520751,88.95071182631426,88.01991048403204,88.38629150390625,4720900,0.0,0.0,0.0,6674851.0,6707560.0,97.87,73.12,89.3646,87.8258,6481763840.0,PCX,XLB
2025-02-12 00:00:00-05:00,87.19803220678655,88.1981480510477,86.90097325577175,87.75255584716797,5513600,0.0,0.0,0.0,6674851.0,6707560.0,97.87,73.12,89.3646,87.8258,6481763840.0,PCX,XLB
2025-02-13 00:00:00-05:00,88.23775588191079,89.38639740427195,88.11892777075,89.27748107910156,5215300,0.0,0.0,0.0,6674851.0,6707560.0,97.87,73.12,89.3646,87.8258,6481763840.0,PCX,XLB
2025-02-14 00:00:00-05:00,89.53493271035897,89.98053247140713,88.95071148184607,88.97051239013672,4815700,0.0,0.0,0.0,6674851.0,6707560.0,97.87,73.12,89.3646,87.8258,6481763840.0,PCX,XLB
2025-02-18 00:00:00-05:00,89.21806982435861,90.09935760498048,88.67345793949184,90.09935760498048,3557900,0.0,0.0,0.0,6674851.0,6707560.0,97.87,73.12,89.3646,87.8258,6481763840.0,PCX,XLB
2025-02-19 00:00:00-05:00,89.01012792699652,89.31709113241249,88.73286986343169,89.03983306884766,3804000,0.0,0.0,0.0,6674851.0,6707560.0,97.87,73.12,89.3646,87.8258,6481763840.0,PCX,XLB
2025-02-20 00:00:00-05:00,88.80218115073276,89.14875371758842,88.25756172087718,88.8318862915039,4934300,0.0,0.0,0.0,6674851.0,6707560.0,97.87,73.12,89.3646,87.8258,6481763840.0,PCX,XLB
2025-02-21 00:00:00-05:00,89.01012403707718,89.02002826883327,87.10891949453422,87.20793914794922,4977000,0.0,0.0,0.0,6674851.0,6707560.0,97.87,73.12,89.3646,87.8258,6481763840.0,PCX,XLB
2025-02-24 00:00:00-05:00,87.42578465187084,87.61392727678263,86.86136433185054,87.10891723632812,4727100,0.0,0.0,0.0,6674851.0,6707560.0,97.87,73.12,89.3646,87.8258,6481763840.0,PCX,XLB
2025-02-25 00:00:00-05:00,87.1683231877597,88.05951511057202,87.08910444912866,87.78225708007812,4640600,0.0,0.0,0.0,6674851.0,6707560.0,97.87,73.12,89.3646,87.8258,6481763840.0,PCX,XLB
2025-02-26 00:00:00-05:00,88.09912968324576,88.56453035679743,87.65352991816397,87.7426528930664,3982500,0.0,0.0,0.0,6674851.0,6707560.0,97.87,73.12,89.3646,87.8258,6481763840.0,PCX,XLB
2025-02-27 00:00:00-05:00,87.78226390160047,88.33678000567949,87.0891112167864,87.14852905273438,3544500,0.0,0.0,0.0,6674851.0,6707560.0,97.87,73.12,89.3646,87.8258,6481763840.0,PCX,XLB
2025-02-28 00:00:00-05:00,87.48519157178534,87.96049645420405,86.8118473952758,87.89118194580078,4658300,0.0,0.0,0.0,6674851.0,6707560.0,97.87,73.12,89.3646,87.8258,6481763840.0,PCX,XLB
2025-03-03 00:00:00-05:00,88.71306189995285,89.02993689406254,85.92066522944441,86.12861633300781,8441600,0.0,0.0,0.0,6674851.0,6707560.0,97.87,73.12,89.3646,87.8258,6481763840.0,PCX,XLB
2025-03-04 00:00:00-05:00,86.32665635824706,86.32665635824706,84.84133880738578,84.96016693115234,11259300,0.0,0.0,0.0,6674851.0,6707560.0,97.87,73.12,89.3646,87.8258,6481763840.0,PCX,XLB
2025-03-05 00:00:00-05:00,85.75233066685989,87.40598237263035,85.62360586712202,87.17823791503906,8684300,0.0,0.0,0.0,6674851.0,6707560.0,97.87,73.12,89.3646,87.8258,6481763840.0,PCX,XLB
2025-03-06 00:00:00-05:00,86.74253345159738,87.55450665019968,86.25733188961566,86.72273254394531,9246800,0.0,0.0,0.0,6674851.0,6707560.0,97.87,73.12,89.3646,87.8258,6481763840.0,PCX,XLB
2025-03-07 00:00:00-05:00,86.33655755387156,87.3267692196172,85.93056714465243,86.96038818359375,7827300,0.0,0.0,0.0,6674851.0,6707560.0,97.87,73.12,89.3646,87.8258,6481763840.0,PCX,XLB
2025-03-10 00:00:00-04:00,86.18801773328944,86.68312352847973,84.55416709821854,85.1482925415039,8336400,0.0,0.0,0.0,6674851.0,6707560.0,97.87,73.12,89.3646,87.8258,6481763840.0,PCX,XLB
2025-03-11 00:00:00-04:00,85.29682759360688,85.36614210420976,84.01945370845505,84.49475860595703,7713100,0.0,0.0,0.0,6674851.0,6707560.0,97.87,73.12,89.3646,87.8258,6481763840.0,PCX,XLB
2025-03-12 00:00:00-04:00,84.72250922982667,84.84133735155422,83.72240086880338,84.09867858886719,6303600,0.0,0.0,0.0,6674851.0,6707560.0,97.87,73.12,89.3646,87.8258,6481763840.0,PCX,XLB
2025-03-13 00:00:00-04:00,84.158081420749,85.01956822888478,83.51444237246697,84.03926086425781,5141500,0.0,0.0,0.0,6674851.0,6707560.0,97.87,73.12,89.3646,87.8258,6481763840.0,PCX,XLB
2025-03-14 00:00:00-04:00,84.7324068320315,85.26712200589284,84.38583428083851,85.13839721679688,4753700,0.0,0.0,0.0,6674851.0,6707560.0,97.87,73.12,89.3646,87.8258,6481763840.0,PCX,XLB
2025-03-17 00:00:00-04:00,84.96016345475486,86.47518608588722,84.96016345475486,86.20782470703125,4307500,0.0,0.0,0.0,6674851.0,6707560.0,97.87,73.12,89.3646,87.8258,6481763840.0,PCX,XLB
2025-03-18 00:00:00-04:00,86.56429814188733,86.56429814188733,85.72261977452143,86.05929565429688,5011900,0.0,0.0,0.0,6674851.0,6707560.0,97.87,73.12,89.3646,87.8258,6481763840.0,PCX,XLB
2025-03-19 00:00:00-04:00,86.128610593803,86.6732224555284,85.53447757415323,86.34645080566406,5126800,0.0,0.0,0.0,6674851.0,6707560.0,97.87,73.12,89.3646,87.8258,6481763840.0,PCX,XLB
2025-03-20 00:00:00-04:00,86.08900402342381,86.53459624794507,85.68301361710031,85.80184173583984,3803100,0.0,0.0,0.0,6674851.0,6707560.0,97.87,73.12,89.3646,87.8258,6481763840.0,PCX,XLB
2025-03-21 00:00:00-04:00,85.088885370995,85.088885370995,83.90063444102994,84.95025634765625,8404400,0.0,0.0,0.0,6674851.0,6707560.0,97.87,73.12,89.3646,87.8258,6481763840.0,PCX,XLB
2025-03-24 00:00:00-04:00,85.81286353460659,86.27053122923726,85.50443712079017,86.10139465332031,4602200,0.407,0.0,0.0,6674851.0,6707560.0,97.87,73.12,89.3646,87.8258,6481763840.0,PCX,XLB
2025-03-25 00:00:00-04:00,86.37002067431288,86.54910868855826,85.71336968256426,86.08148956298828,3811100,0.0,0.0,0.0,6674851.0,6707560.0,97.87,73.12,89.3646,87.8258,6481763840.0,PCX,XLB
2025-03-26 00:00:00-04:00,86.17103959031303,86.75804568005131,85.82281499549143,86.24068450927734,4080400,0.0,0.0,0.0,6674851.0,6707560.0,97.87,73.12,89.3646,87.8258,6481763840.0,PCX,XLB
2025-03-27 00:00:00-04:00,85.99195482261003,86.49937216037831,85.39499726738522,86.20088958740234,3024600,0.0,0.0,0.0,6674851.0,6707560.0,97.87,73.12,89.3646,87.8258,6481763840.0,PCX,XLB
2025-03-28 00:00:00-04:00,86.4098225177925,86.43966925631105,84.50950678841738,84.61894989013672,4573600,0.0,0.0,0.0,6674851.0,6707560.0,97.87,73.12,89.3646,87.8258,6481763840.0,PCX,XLB
2025-03-31 00:00:00-04:00,84.32046583672084,85.9521532999314,83.64391194289743,85.54423522949219,4440900,0.0,0.0,0.0,6674851.0,6707560.0,97.87,73.12,89.3646,87.8258,6481763840.0,PCX,XLB
2025-04-01 00:00:00-04:00,85.32535340906027,85.90240808488976,84.55925167121458,85.86261749267578,6098800,0.0,0.0,0.0,6674851.0,6707560.0,97.87,73.12,89.3646,87.8258,6481763840.0,PCX,XLB
2025-04-02 00:00:00-04:00,85.06666640361435,86.68840245736071,85.06666640361435,86.56901550292969,5931900,0.0,0.0,0.0,6674851.0,6707560.0,97.87,73.12,89.3646,87.8258,6481763840.0,PCX,XLB
2025-04-03 00:00:00-04:00,83.79315718861314,84.35031656610494,82.4400493369383,82.658935546875,9479300,0.0,0.0,0.0,6674851.0,6707560.0,97.87,73.12,89.3646,87.8258,6481763840.0,PCX,XLB
2025-04-04 00:00:00-04:00,80.67901294333139,80.86805240715877,77.29625102484877,77.48528289794922,14694800,0.0,0.0,0.0,6674851.0,6707560.0,97.87,73.12,89.3646,87.8258,6481763840.0,PCX,XLB
2025-04-07 00:00:00-04:00,75.76405231858463,79.46519954725237,73.86372908174839,76.24161529541016,25121900,0.0,0.0,0.0,6674851.0,6707560.0,97.87,73.12,89.3646,87.8258,6481763840.0,PCX,XLB
2025-04-08 00:00:00-04:00,78.02254584756201,78.26133493237833,72.74941213819446,73.8935775756836,13748700,0.0,0.0,0.0,6674851.0,6707560.0,97.87,73.12,89.3646,87.8258,6481763840.0,PCX,XLB
2025-04-09 00:00:00-04:00,73.48566194282729,80.75861083200489,73.37621883967266,80.35069274902344,20220100,0.0,0.0,0.0,6674851.0,6707560.0,97.87,73.12,89.3646,87.8258,6481763840.0,PCX,XLB
2025-04-10 00:00:00-04:00,79.06723062107964,79.09707736028416,75.95308925813765,77.78376770019531,14083800,0.0,0.0,0.0,6674851.0,6707560.0,97.87,73.12,89.3646,87.8258,6481763840.0,PCX,XLB
2025-04-11 00:00:00-04:00,77.95289816830079,80.6790089355695,77.56487540762383,80.09200286865234,8603500,0.0,0.0,0.0,6674851.0,6707560.0,97.87,73.12,89.3646,87.8258,6481763840.0,PCX,XLB
2025-04-14 00:00:00-04:00,81.03718787350168,81.41526679597104,80.0721104537331,81.05709075927734,5213200,0.0,0.0,0.0,6674851.0,6707560.0,97.87,73.12,89.3646,87.8258,6481763840.0,PCX,XLB
2025-04-15 00:00:00-04:00,80.71880882799928,81.47495907106703,80.35068894456994,80.42033386230469,4014400,0.0,0.0,0.0,6674851.0,6707560.0,97.87,73.12,89.3646,87.8258,6481763840.0,PCX,XLB
2025-04-16 00:00:00-04:00,80.48998249602835,81.03719042042815,79.24631777140098,79.79352569580078,5363200,0.0,0.0,0.0,6674851.0,6707560.0,97.87,73.12,89.3646,87.8258,6481763840.0,PCX,XLB
2025-04-17 00:00:00-04:00,80.02235854239255,80.96754064009203,79.92286688853892,80.34073638916016,4767900,0.0,0.0,0.0,6674851.0,6707560.0,97.87,73.12,89.3646,87.8258,6481763840.0,PCX,XLB
2025-04-21 00:00:00-04:00,80.28104211733258,80.28104211733258,78.38071890748499,79.1169662475586,3942900,0.0,0.0,0.0,6674851.0,6707560.0,97.87,73.12,89.3646,87.8258,6481763840.0,PCX,XLB
2025-04-22 00:00:00-04:00,79.92287075359077,81.19638220224792,79.92287075359077,80.96754455566406,3646900,0.0,0.0,0.0,6674851.0,6707560.0,97.87,73.12,89.3646,87.8258,6481763840.0,PCX,XLB
2025-04-23 00:00:00-04:00,81.87293174997916,83.0469514774766,80.80835511840554,81.0670394897461,6668500,0.0,0.0,0.0,6674851.0,6707560.0,97.87,73.12,89.3646,87.8258,6481763840.0,PCX,XLB
2025-04-24 00:00:00-04:00,81.19637924410968,82.9673565122989,80.89789668826188,82.818115234375,4997700,0.0,0.0,0.0,6674851.0,6707560.0,97.87,73.12,89.3646,87.8258,6481763840.0,PCX,XLB
2025-04-25 00:00:00-04:00,82.17140909920175,82.43009347806348,81.53465339025503,82.20126342773438,4700200,0.0,0.0,0.0,6674851.0,6707560.0,97.87,73.12,89.3646,87.8258,6481763840.0,PCX,XLB
2025-04-28 00:00:00-04:00,82.3107114218706,82.92756428181323,81.5446096825694,82.35050201416016,3889800,0.0,0.0,0.0,6674851.0,6707560.0,97.87,73.12,89.3646,87.8258,6481763840.0,PCX,XLB
2025-04-29 00:00:00-04:00,82.51964139576793,83.38522715623495,82.12166717944685,83.03700256347656,4763400,0.0,0.0,0.0,6674851.0,6707560.0,97.87,73.12,89.3646,87.8258,6481763840.0,PCX,XLB
2025-04-30 00:00:00-04:00,82.06197109256324,83.73345667534412,81.62419870946717,83.4648208618164,4933700,0.0,0.0,0.0,6674851.0,6707560.0,97.87,73.12,89.3646,87.8258,6481763840.0,PCX,XLB
2025-05-01 00:00:00-04:00,82.51964031047602,83.71355535301018,82.47984213029466,83.09669494628906,5604200,0.0,0.0,0.0,6674851.0,6707560.0,97.87,73.12,89.3646,87.8258,6481763840.0,PCX,XLB
2025-05-02 00:00:00-04:00,84.09163181638021,84.85773354790622,83.79315683287415,84.49955749511719,4286200,0.0,0.0,0.0,6674851.0,6707560.0,97.87,73.12,89.3646,87.8258,6481763840.0,PCX,XLB
2025-05-05 00:00:00-04:00,84.12148226542325,84.47965830168776,83.75335478628283,83.87274932861328,2839600,0.0,0.0,0.0,6674851.0,6707560.0,97.87,73.12,89.3646,87.8258,6481763840.0,PCX,XLB
2025-05-06 00:00:00-04:00,83.59416032385234,83.97223923800208,83.04695242869212,83.26583862304688,3055600,0.0,0.0,0.0,6674851.0,6707560.0,97.87,73.12,89.3646,87.8258,6481763840.0,PCX,XLB
2025-05-07 00:00:00-04:00,83.35538204956458,83.53447007087729,82.48979627215896,82.80817413330078,4373200,0.0,0.0,0.0,6674851.0,6707560.0,97.87,73.12,89.3646,87.8258,6481763840.0,PCX,XLB
2025-05-08 00:00:00-04:00,83.38523161174592,84.73833946510193,83.17629684492691,83.91254425048828,4031600,0.0,0.0,0.0,6674851.0,6707560.0,97.87,73.12,89.3646,87.8258,6481763840.0,PCX,XLB
2025-05-09 00:00:00-04:00,83.92248919954469,84.25081848944994,83.65386097463008,84.13142395019531,3180000,0.0,0.0,0.0,6674851.0,6707560.0,97.87,73.12,89.3646,87.8258,6481763840.0,PCX,XLB
2025-05-12 00:00:00-04:00,86.42972173954578,87.03663069944808,85.64372476539809,86.08148956298828,4399400,0.0,0.0,0.0,6674851.0,6707560.0,97.87,73.12,89.3646,87.8258,6481763840.0,PCX,XLB
2025-05-13 00:00:00-04:00,86.12129040467121,86.30037842445171,85.62382452647283,85.65367126464844,3419500,0.0,0.0,0.0,6674851.0,6707560.0,97.87,73.12,89.3646,87.8258,6481763840.0,PCX,XLB
2025-05-14 00:00:00-04:00,85.16615838859173,85.27560149105715,84.41000811448347,84.86768341064453,3945600,0.0,0.0,0.0,6674851.0,6707560.0,97.87,73.12,89.3646,87.8258,6481763840.0,PCX,XLB
2025-05-15 00:00:00-04:00,84.6388453097213,85.78301836254818,84.57915183259665,85.73326873779297,3557300,0.0,0.0,0.0,6674851.0,6707560.0,97.87,73.12,89.3646,87.8258,6481763840.0,PCX,XLB
2025-05-16 00:00:00-04:00,85.74321708412461,86.618754276815,85.24575121744734,86.60881042480469,3213400,0.0,0.0,0.0,6674851.0,6707560.0,97.87,73.12,89.3646,87.8258,6481763840.0,PCX,XLB
2025-05-19 00:00:00-04:00,86.12128949581206,86.92718937168287,85.74321816503286,86.82769012451172,5083300,0.0,0.0,0.0,6674851.0,6707560.0,97.87,73.12,89.3646,87.8258,6481763840.0,PCX,XLB
2025-05-20 00:00:00-04:00,86.69835446310574,86.83764430466387,86.31033167723284,86.67845916748047,2564300,0.0,0.0,0.0,6674851.0,6707560.0,97.87,73.12,89.3646,87.8258,6481763840.0,PCX,XLB
2025-05-21 00:00:00-04:00,85.99194926425719,86.45956838935422,85.39499174761856,85.52433013916016,4806200,0.0,0.0,0.0,6674851.0,6707560.0,97.87,73.12,89.3646,87.8258,6481763840.0,PCX,XLB
2025-05-22 00:00:00-04:00,85.41488867926022,85.80291145204853,84.80797970833967,85.4347915649414,3825500,0.0,0.0,0.0,6674851.0,6707560.0,97.87,73.12,89.3646,87.8258,6481763840.0,PCX,XLB
2025-05-23 00:00:00-04:00,84.78808489927361,85.57408189219508,84.62889217581906,85.2656478881836,3671600,0.0,0.0,0.0,6674851.0,6707560.0,97.87,73.12,89.3646,87.8258,6481763840.0,PCX,XLB
2025-05-27 00:00:00-04:00,86.12129327318573,86.77795189782839,85.85266502993102,86.75804901123047,3449300,0.0,0.0,0.0,6674851.0,6707560.0,97.87,73.12,89.3646,87.8258,6481763840.0,PCX,XLB
2025-05-28 00:00:00-04:00,86.65855337823423,86.66850482107705,85.49448505960953,85.57408142089844,5298500,0.0,0.0,0.0,6674851.0,6707560.0,97.87,73.12,89.3646,87.8258,6481763840.0,PCX,XLB
2025-05-29 00:00:00-04:00,86.01185064141657,86.0417049714774,85.03682173312428,85.89246368408203,4934800,0.0,0.0,0.0,6674851.0,6707560.0,97.87,73.12,89.3646,87.8258,6481763840.0,PCX,XLB
2025-05-30 00:00:00-04:00,85.66362328740843,86.02179932939364,84.78808606851511,85.90240478515625,6057100,0.0,0.0,0.0,6674851.0,6707560.0,97.87,73.12,89.3646,87.8258,6481763840.0,PCX,XLB
2025-06-02 00:00:00-04:00,86.43966729448178,86.44961873733777,85.75316955195491,86.40982055664062,7905500,0.0,0.0,0.0,6674851.0,6707560.0,97.87,73.12,89.3646,87.8258,6481763840.0,PCX,XLB
2025-06-03 00:00:00-04:00,86.0814930057705,87.32515771256791,85.67357492911897,87.2953109741211,6609100,0.0,0.0,0.0,6674851.0,6707560.0,97.87,73.12,89.3646,87.8258,6481763840.0,PCX,XLB
2025-06-04 00:00:00-04:00,87.40475576064091,87.86242347067842,87.25551447480262,87.62364196777344,6634000,0.0,0.0,0.0,6674851.0,6707560.0,97.87,73.12,89.3646,87.8258,6481763840.0,PCX,XLB
2025-06-05 00:00:00-04:00,87.96191937529885,88.00170996532997,86.90728656203063,87.10627746582031,7117400,0.0,0.0,0.0,6674851.0,6707560.0,97.87,73.12,89.3646,87.8258,6481763840.0,PCX,XLB
2025-06-06 00:00:00-04:00,87.7529754001093,88.00170833218527,87.136122586626,87.3351058959961,4674200,0.0,0.0,0.0,6674851.0,6707560.0,97.87,73.12,89.3646,87.8258,6481763840.0,PCX,XLB
2025-06-09 00:00:00-04:00,87.54404022762019,88.49917377131763,87.44454857341294,87.922119140625,5833500,0.0,0.0,0.0,6674851.0,6707560.0,97.87,73.12,89.3646,87.8258,6481763840.0,PCX,XLB
2025-06-10 00:00:00-04:00,87.91217048020968,88.5389747532062,87.91217048020968,88.46932983398438,3937600,0.0,0.0,0.0,6674851.0,6707560.0,97.87,73.12,89.3646,87.8258,6481763840.0,PCX,XLB
2025-06-11 00:00:00-04:00,88.24050295855807,88.33004317618456,87.29531320282457,87.59379577636719,5153900,0.0,0.0,0.0,6674851.0,6707560.0,97.87,73.12,89.3646,87.8258,6481763840.0,PCX,XLB
2025-06-12 00:00:00-04:00,87.27541633951205,88.02161516924012,86.87744211217834,87.96192169189453,4330000,0.0,0.0,0.0,6674851.0,6707560.0,97.87,73.12,89.3646,87.8258,6481763840.0,PCX,XLB
2025-06-13 00:00:00-04:00,87.11622180811743,88.05146008437389,86.69835229389824,86.9371337890625,7144700,0.0,0.0,0.0,6674851.0,6707560.0,97.87,73.12,89.3646,87.8258,6481763840.0,PCX,XLB
2025-06-16 00:00:00-04:00,87.32515344664384,88.13105329897387,87.32515344664384,87.67338562011719,5252000,0.0,0.0,0.0,6674851.0,6707560.0,97.87,73.12,89.3646,87.8258,6481763840.0,PCX,XLB
2025-06-17 00:00:00-04:00,87.43460186737516,87.53410111769924,86.68840303430703,86.8177490234375,4579000,0.0,0.0,0.0,6674851.0,6707560.0,97.87,73.12,89.3646,87.8258,6481763840.0,PCX,XLB
2025-06-18 00:00:00-04:00,86.90728866145358,87.24556941070448,86.45957240088326,86.56901550292969,4277000,0.0,0.0,0.0,6674851.0,6707560.0,97.87,73.12,89.3646,87.8258,6481763840.0,PCX,XLB
2025-06-20 00:00:00-04:00,87.06648184129558,87.19582023951106,85.86261530324865,85.98200225830078,6704900,0.0,0.0,0.0,6674851.0,6707560.0,97.87,73.12,89.3646,87.8258,6481763840.0,PCX,XLB
2025-06-23 00:00:00-04:00,85.98999786376953,87.0199966430664,85.54000091552734,86.94000244140625,5060300,0.438,0.0,0.0,6674851.0,6707560.0,97.87,73.12,89.3646,87.8258,6481763840.0,PCX,XLB
2025-06-24 00:00:00-04:00,87.12999725341797,87.79000091552734,87.01000213623047,87.66000366210938,4384100,0.0,0.0,0.0,6674851.0,6707560.0,97.87,73.12,89.3646,87.8258,6481763840.0,PCX,XLB
2025-06-25 00:00:00-04:00,87.48999786376953,87.48999786376953,86.72000122070312,86.81999969482422,4372000,0.0,0.0,0.0,6674851.0,6707560.0,97.87,73.12,89.3646,87.8258,6481763840.0,PCX,XLB
2025-06-26 00:00:00-04:00,87.25,88.05999755859375,87.25,87.77999877929688,5254300,0.0,0.0,0.0,6674851.0,6707560.0,97.87,73.12,89.3646,87.8258,6481763840.0,PCX,XLB
2025-06-27 00:00:00-04:00,87.80999755859375,88.27999877929688,87.4000015258789,87.88999938964844,4687800,0.0,0.0,0.0,6674851.0,6707560.0,97.87,73.12,89.3646,87.8258,6481763840.0,PCX,XLB
2025-06-30 00:00:00-04:00,87.9800033569336,88.0199966430664,87.37000274658203,87.80999755859375,4266900,0.0,0.0,0.0,6674851.0,6707560.0,97.87,73.12,89.3646,87.8258,6481763840.0,PCX,XLB
2025-07-01 00:00:00-04:00,88.05000305175781,90.58999633789062,87.88999938964844,90.08000183105467,7922100,0.0,0.0,0.0,6674851.0,6707560.0,97.87,73.12,89.3646,87.8258,6481763840.0,PCX,XLB
2025-07-02 00:00:00-04:00,90.51000213623048,91.45999908447266,90.3499984741211,91.43000030517578,7322100,0.0,0.0,0.0,6674851.0,6707560.0,97.87,73.12,89.3646,87.8258,6481763840.0,PCX,XLB
2025-07-03 00:00:00-04:00,91.36000061035156,91.69000244140624,91.1999969482422,91.37000274658205,3383000,0.0,0.0,0.0,6674851.0,6707560.0,97.87,73.12,89.3646,87.8258,6481763840.0,PCX,XLB
2025-07-07 00:00:00-04:00,90.9000015258789,91.22000122070312,90.01000213623047,90.48999786376952,5880800,0.0,0.0,0.0,6674851.0,6707560.0,97.87,73.12,89.3646,87.8258,6481763840.0,PCX,XLB
2025-07-08 00:00:00-04:00,90.68000030517578,91.5199966430664,90.56999969482422,91.2300033569336,8173800,0.0,0.0,0.0,6674851.0,6707560.0,97.87,73.12,89.3646,87.8258,6481763840.0,PCX,XLB
2025-07-09 00:00:00-04:00,91.47000122070312,91.87999725341795,90.91999816894533,91.77999877929688,6717800,0.0,0.0,0.0,6674851.0,6707560.0,97.87,73.12,89.3646,87.8258,6481763840.0,PCX,XLB
2025-07-10 00:00:00-04:00,92.0,92.86000061035156,91.80999755859376,92.2699966430664,6432800,0.0,0.0,0.0,6674851.0,6707560.0,97.87,73.12,89.3646,87.8258,6481763840.0,PCX,XLB
2025-07-11 00:00:00-04:00,91.27999877929688,91.68000030517578,90.80999755859376,91.5199966430664,5781600,0.0,0.0,0.0,6674851.0,6707560.0,97.87,73.12,89.3646,87.8258,6481763840.0,PCX,XLB
2025-07-14 00:00:00-04:00,91.1500015258789,91.3499984741211,90.68000030517578,91.01000213623048,6474700,0.0,0.0,0.0,6674851.0,6707560.0,97.87,73.12,89.3646,87.8258,6481763840.0,PCX,XLB
2025-07-15 00:00:00-04:00,91.16000366210938,91.20999908447266,89.11000061035156,89.13999938964844,7326800,0.0,0.0,0.0,6674851.0,6707560.0,97.87,73.12,89.3646,87.8258,6481763840.0,PCX,XLB
2025-07-16 00:00:00-04:00,89.25,89.4800033569336,88.33999633789062,89.37999725341797,6807600,0.0,0.0,0.0,6674851.0,6707560.0,97.87,73.12,89.3646,87.8258,6481763840.0,PCX,XLB
2025-07-17 00:00:00-04:00,89.19000244140625,90.08000183105467,89.06999969482422,90.01000213623047,5920400,0.0,0.0,0.0,6674851.0,6707560.0,97.87,73.12,89.3646,87.8258,6481763840.0,PCX,XLB
2025-07-18 00:00:00-04:00,90.16000366210938,90.29000091552734,89.68000030517578,90.22000122070312,6811600,0.0,0.0,0.0,6674851.0,6707560.0,97.87,73.12,89.3646,87.8258,6481763840.0,PCX,XLB
2025-07-21 00:00:00-04:00,90.7699966430664,91.4800033569336,90.58000183105467,90.68000030517578,5315500,0.0,0.0,0.0,6674851.0,6707560.0,97.87,73.12,89.3646,87.8258,6481763840.0,PCX,XLB
2025-07-22 00:00:00-04:00,90.58999633789062,92.01000213623048,90.54000091552734,91.93000030517578,6825500,0.0,0.0,0.0,6674851.0,6707560.0,97.87,73.12,89.3646,87.8258,6481763840.0,PCX,XLB
2025-07-23 00:00:00-04:00,92.29000091552734,92.73999786376952,92.08000183105467,92.23999786376952,6747200,0.0,0.0,0.0,6674851.0,6707560.0,97.87,73.12,89.3646,87.8258,6481763840.0,PCX,XLB
2025-07-24 00:00:00-04:00,91.4000015258789,92.0,91.0199966430664,91.29000091552734,8671700,0.0,0.0,0.0,6674851.0,6707560.0,97.87,73.12,89.3646,87.8258,6481763840.0,PCX,XLB
2025-07-25 00:00:00-04:00,91.52999877929688,92.41999816894533,91.27999877929688,92.37000274658205,7876400,0.0,0.0,0.0,6674851.0,6707560.0,97.87,73.12,89.3646,87.8258,6481763840.0,PCX,XLB
2025-07-28 00:00:00-04:00,91.83999633789062,91.97000122070312,90.7699966430664,91.02999877929688,7507500,0.0,0.0,0.0,6674851.0,6707560.0,97.87,73.12,89.3646,87.8258,6481763840.0,PCX,XLB
2025-07-29 00:00:00-04:00,90.87000274658205,90.87999725341795,90.1500015258789,90.68000030517578,7102900,0.0,0.0,0.0,6674851.0,6707560.0,97.87,73.12,89.3646,87.8258,6481763840.0,PCX,XLB
2025-07-30 00:00:00-04:00,90.2699966430664,90.36000061035156,88.47000122070312,88.8499984741211,11814700,0.0,0.0,0.0,6674851.0,6707560.0,97.87,73.12,89.3646,87.8258,6481763840.0,PCX,XLB
2025-07-31 00:00:00-04:00,87.80000305175781,88.81999969482422,87.62999725341797,87.7300033569336,11615300,0.0,0.0,0.0,6674851.0,6707560.0,97.87,73.12,89.3646,87.8258,6481763840.0,PCX,XLB
2025-08-01 00:00:00-04:00,87.12999725341797,87.16999816894531,86.0199966430664,86.72000122070312,14290900,0.0,0.0,0.0,6674851.0,6707560.0,97.87,73.12,89.3646,87.8258,6481763840.0,PCX,XLB
2025-08-04 00:00:00-04:00,87.22000122070312,87.95999908447266,87.19000244140625,87.87000274658203,7748500,0.0,0.0,0.0,6674851.0,6707560.0,97.87,73.12,89.3646,87.8258,6481763840.0,PCX,XLB
2025-08-05 00:00:00-04:00,88.33000183105469,88.66999816894531,87.66999816894531,88.48999786376953,8023500,0.0,0.0,0.0,6674851.0,6707560.0,97.87,73.12,89.3646,87.8258,6481763840.0,PCX,XLB
2025-08-06 00:00:00-04:00,88.4000015258789,88.62000274658203,87.51000213623047,87.52999877929688,6570500,0.0,0.0,0.0,6674851.0,6707560.0,97.87,73.12,89.3646,87.8258,6481763840.0,PCX,XLB
2025-08-07 00:00:00-04:00,88.38999938964844,88.52999877929688,87.37000274658203,87.91000366210938,7636300,0.0,0.0,0.0,6674851.0,6707560.0,97.87,73.12,89.3646,87.8258,6481763840.0,PCX,XLB
2025-08-08 00:00:00-04:00,88.2300033569336,88.63999938964844,87.95999908447266,88.3499984741211,5201300,0.0,0.0,0.0,6674851.0,6707560.0,97.87,73.12,89.3646,87.8258,6481763840.0,PCX,XLB
2025-08-11 00:00:00-04:00,88.41999816894531,88.80000305175781,87.6500015258789,88.1500015258789,6017800,0.0,0.0,0.0,6674851.0,6707560.0,97.87,73.12,89.3646,87.8258,6481763840.0,PCX,XLB
2025-08-12 00:00:00-04:00,88.30000305175781,89.37999725341797,88.20999908447266,89.30000305175781,6250600,0.0,0.0,0.0,6674851.0,6707560.0,97.87,73.12,89.3646,87.8258,6481763840.0,PCX,XLB
2025-08-13 00:00:00-04:00,89.76000213623047,91.0199966430664,89.5199966430664,90.9800033569336,8441100,0.0,0.0,0.0,6674851.0,6707560.0,97.87,73.12,89.3646,87.8258,6481763840.0,PCX,XLB
2025-08-14 00:00:00-04:00,90.1500015258789,90.18000030517578,89.33999633789062,90.02999877929688,8049300,0.0,0.0,0.0,6674851.0,6707560.0,97.87,73.12,89.3646,87.8258,6481763840.0,PCX,XLB
2025-08-15 00:00:00-04:00,90.62000274658205,90.62000274658205,89.83000183105469,90.02999877929688,8066100,0.0,0.0,0.0,6674851.0,6707560.0,97.87,73.12,89.3646,87.8258,6481763840.0,PCX,XLB
2025-08-18 00:00:00-04:00,89.9000015258789,90.0999984741211,89.38999938964844,89.51000213623047,4711500,0.0,0.0,0.0,6674851.0,6707560.0,97.87,73.12,89.3646,87.8258,6481763840.0,PCX,XLB
2025-08-19 00:00:00-04:00,89.58000183105469,90.48999786376952,89.58000183105469,90.05000305175781,5990100,0.0,0.0,0.0,6674851.0,6707560.0,97.87,73.12,89.3646,87.8258,6481763840.0,PCX,XLB
2025-08-20 00:00:00-04:00,90.06999969482422,90.68000030517578,89.80000305175781,90.12000274658205,6711500,0.0,0.0,0.0,6674851.0,6707560.0,97.87,73.12,89.3646,87.8258,6481763840.0,PCX,XLB
2025-08-21 00:00:00-04:00,89.7699966430664,90.5999984741211,89.6500015258789,90.38999938964844,6508800,0.0,0.0,0.0,4142252.0,5304140.0,97.87,73.12,89.9166,87.7469,6637118464.0,PCX,XLB
2025-08-22 00:00:00-04:00,90.7699966430664,92.63999938964844,90.6500015258789,92.18000030517578,5717100,0.0,0.0,0.0,4142252.0,5304140.0,97.87,73.12,89.9166,87.7469,6637118464.0,PCX,XLB
2025-08-25 00:00:00-04:00,92.08999633789062,92.1999969482422,91.5199966430664,91.66999816894533,6281900,0.0,0.0,0.0,4142252.0,5304140.0,97.87,73.12,89.9166,87.7469,6637118464.0,PCX,XLB
2025-08-26 00:00:00-04:00,91.43000030517578,92.0,91.36000061035156,91.91999816894533,4207100,0.0,0.0,0.0,4142252.0,5304140.0,97.87,73.12,89.9166,87.7469,6637118464.0,PCX,XLB
2025-08-27 00:00:00-04:00,91.5199966430664,92.26000213623048,91.43000030517578,92.1500015258789,4483900,0.0,0.0,0.0,4142252.0,5304140.0,97.87,73.12,89.9166,87.7469,6637118464.0,PCX,XLB
2025-08-28 00:00:00-04:00,92.41000366210938,92.44000244140624,91.5,92.1500015258789,4278600,0.0,0.0,0.0,4142252.0,5304140.0,97.87,73.12,89.9166,87.7469,6637118464.0,PCX,XLB
2025-08-29 00:00:00-04:00,92.16999816894533,92.72000122070312,92.0500030517578,92.27999877929688,4144400,0.0,0.0,0.0,4142252.0,5304140.0,97.87,73.12,89.9166,87.7469,6637118464.0,PCX,XLB
2025-09-02 00:00:00-04:00,91.5,91.69000244140624,91.04000091552734,91.58999633789062,6514300,0.0,0.0,0.0,7526162.0,5449830.0,97.87,73.12,90.2766,87.7205,6614103040.0,PCX,XLB
2025-09-03 00:00:00-04:00,91.54000091552734,91.63999938964844,90.73999786376952,90.97000122070312,5078800,0.0,0.0,0.0,7526162.0,5449830.0,97.87,73.12,90.2766,87.7205,6614103040.0,PCX,XLB
2025-09-04 00:00:00-04:00,90.95999908447266,91.37000274658205,90.22000122070312,91.31999969482422,6265000,0.0,0.0,0.0,7526162.0,5449830.0,97.87,73.12,90.2766,87.7205,6614103040.0,PCX,XLB
2025-09-05 00:00:00-04:00,91.66000366210938,92.6999969482422,91.30999755859376,91.95999908447266,7527200,0.0,0.0,0.0,7526162.0,5449830.0,97.87,73.12,90.2766,87.7205,6614103040.0,PCX,XLB
2025-09-30 00:00:00-04:00,88.98,89.685,88.81,89.62,4704232,,,,,,,,,,,,
