Date,Open,High,Low,Close,Volume,Dividends,Stock Splits,Capital Gains,volume,averageDailyVolume10Day,fiftyTwoWeekHigh,fiftyTwoWeekLow,fiftyDayAverage,twoHundredDayAverage,marketCap,exchange,Symbol,Close_original,gap
2024-01-02 00:00:00-05:00,110.89004974952036,111.58537635435232,110.16533683316368,,8558700,0.0,0.0,0.0,9318081,9640760,155.15,112.75,149.1192,139.0917,20660584448,PCX,XLI,110.5081024169922,
2024-01-03 00:00:00-05:00,109.90091563562214,110.0967795413168,108.79426290043304,108.25563670495806,18631200,0.0,0.0,0.0,9318081,9640760,155.15,112.75,149.1192,139.0917,20660584448,PCX,XLI,108.86282348632812,-0.6071867813700607
2024-01-04 00:00:00-05:00,109.05869664719276,109.92050836580684,108.93138584486002,109.1958121257084,10715900,0.0,0.0,0.0,9318081,9640760,155.15,112.75,149.1192,139.0917,20660584448,PCX,XLI,108.99993896484376,0.19587316086463602
2024-01-05 00:00:00-05:00,108.92159130973144,109.62671339068082,108.7355153517782,109.0489030162744,7888100,0.0,0.0,0.0,9318081,9640760,155.15,112.75,149.1192,139.0917,20660584448,PCX,XLI,109.12725067138672,-0.07834765511232433
2024-01-08 00:00:00-05:00,108.83344225650636,109.8421630859375,108.3535704349426,109.54835467105714,10855900,0.0,0.0,0.0,9318081,9640760,155.15,112.75,149.1192,139.0917,20660584448,PCX,XLI,109.8421630859375,-0.2938084148803597
2024-01-09 00:00:00-05:00,109.09786638289026,109.62670791719808,108.69633564561364,108.75509294539026,8452000,0.0,0.0,0.0,9318081,9640760,155.15,112.75,149.1192,139.0917,20660584448,PCX,XLI,109.4993896484375,-0.7442967030472403
2024-01-10 00:00:00-05:00,109.51898006057394,110.19471579178472,109.42104810390722,110.07719997024192,9109100,0.0,0.0,0.0,9318081,9640760,155.15,112.75,149.1192,139.0917,20660584448,PCX,XLI,110.05760955810548,0.019590412136437863
2024-01-11 00:00:00-05:00,110.08700169398392,110.24369133859469,108.90200029891564,109.8323859102925,9081700,0.0,0.0,0.0,9318081,9640760,155.15,112.75,149.1192,139.0917,20660584448,PCX,XLI,109.80299377441406,0.029392135878438808
2024-01-12 00:00:00-05:00,110.17513751080168,110.41997114971456,109.36228803639574,110.16534136822355,6631000,0.0,0.0,0.0,9318081,9640760,155.15,112.75,149.1192,139.0917,20660584448,PCX,XLI,109.79319763183594,0.37214373638761344
2024-01-16 00:00:00-05:00,109.24476669298608,109.332903211741,108.3241898701005,108.13811538683373,10834200,0.0,0.0,0.0,9318081,9640760,155.15,112.75,149.1192,139.0917,20660584448,PCX,XLI,108.6865463256836,-0.5484309388498616
2024-01-17 00:00:00-05:00,107.9128673506742,108.6473682012032,107.67782169886,107.17836265096717,7604700,0.0,0.0,0.0,9318081,9640760,155.15,112.75,149.1192,139.0917,20660584448,PCX,XLI,107.95204162597656,-0.7736789750093891
2024-01-18 00:00:00-05:00,108.35356424159778,109.587527755388,108.21645801470208,109.81276986903917,9060600,0.0,0.0,0.0,9318081,9640760,155.15,112.75,149.1192,139.0917,20660584448,PCX,XLI,109.41124725341795,0.40152261562121794
2024-01-19 00:00:00-05:00,109.66588633453708,110.41017521382815,108.80406714754582,110.3808063784824,10355700,0.0,0.0,0.0,9318081,9640760,155.15,112.75,149.1192,139.0917,20660584448,PCX,XLI,110.12616729736328,0.25463908111912303
2024-01-22 00:00:00-05:00,110.50810370364758,111.26219546857962,110.50810370364758,111.36012396731945,9912900,0.0,0.0,0.0,9318081,9640760,155.15,112.75,149.1192,139.0917,20660584448,PCX,XLI,110.97818756103516,0.3819364062842965
2024-01-23 00:00:00-05:00,111.0075681578196,111.36992462595104,110.41017349313972,110.9194333921946,10275200,0.0,0.0,0.0,9318081,9640760,155.15,112.75,149.1192,139.0917,20660584448,PCX,XLI,110.89005279541016,0.029380596784449153
2024-01-24 00:00:00-05:00,111.34053748386336,111.3601208855616,110.14574824358635,110.65499060886336,9638600,0.0,0.0,0.0,9318081,9640760,155.15,112.75,149.1192,139.0917,20660584448,PCX,XLI,110.20450592041016,0.45048468845320144
2024-01-25 00:00:00-05:00,110.75294124903849,111.28178280539626,110.46894080318364,111.81063473048381,9898900,0.0,0.0,0.0,9318081,9640760,155.15,112.75,149.1192,139.0917,20660584448,PCX,XLI,111.26219940185548,0.5484353286283294
2024-01-26 00:00:00-05:00,111.37972560531244,111.75187005767503,110.77253547297664,111.2034484446679,7031100,0.0,0.0,0.0,9318081,9640760,155.15,112.75,149.1192,139.0917,20660584448,PCX,XLI,111.08592224121094,0.1175262034569613
2024-01-29 00:00:00-05:00,110.97819030034267,111.82041860647604,110.83128862429996,111.70289122807706,5849900,0.0,0.0,0.0,9318081,9640760,155.15,112.75,149.1192,139.0917,20660584448,PCX,XLI,111.81062316894533,-0.10773194086826265
2024-01-30 00:00:00-05:00,111.01736722144504,112.00649722716685,111.01736722144504,111.056544162363,8300000,0.0,0.0,0.0,9318081,9640760,155.15,112.75,149.1192,139.0917,20660584448,PCX,XLI,111.84980010986328,-0.7932559475002847
2024-01-31 00:00:00-05:00,111.77144052346308,111.9770998658356,110.53748446922786,110.47870828469357,14462300,0.0,0.0,0.0,9318081,9640760,155.15,112.75,149.1192,139.0917,20660584448,PCX,XLI,110.55706787109376,-0.07835958640019669
2024-02-01 00:00:00-05:00,111.25239932285858,112.46677202842692,110.64521670593908,113.13272464024138,13946100,0.0,0.0,0.0,9318081,9640760,155.15,112.75,149.1192,139.0917,20660584448,PCX,XLI,112.43739318847656,0.6953314517648153
2024-02-02 00:00:00-05:00,112.2023601762207,113.68115745306004,111.77145057911338,112.95645716108397,12830200,0.0,0.0,0.0,9318081,9640760,155.15,112.75,149.1192,139.0917,20660584448,PCX,XLI,113.19149017333984,-0.2350330122558688
2024-02-05 00:00:00-05:00,112.7409935859204,112.9760317806244,111.9379395715964,112.12400445017822,9536700,0.0,0.0,0.0,9318081,9640760,155.15,112.75,149.1192,139.0917,20660584448,PCX,XLI,112.57450103759766,-0.4504965874194369
2024-02-06 00:00:00-05:00,112.7116068347778,113.64197911606162,112.44718980073198,113.72032723272702,8722800,0.0,0.0,0.0,9318081,9640760,155.15,112.75,149.1192,139.0917,20660584448,PCX,XLI,113.58322143554688,0.1371057971801406
2024-02-07 00:00:00-05:00,113.96515874051074,114.68006874313448,113.91618902669629,114.71924046658496,7557100,0.0,0.0,0.0,9318081,9640760,155.15,112.75,149.1192,139.0917,20660584448,PCX,XLI,114.3373031616211,0.3819373049638699
2024-02-08 00:00:00-05:00,114.61152452927814,114.68007765090567,113.88681903325416,114.63111681443439,8532300,0.0,0.0,0.0,9318081,9640760,155.15,112.75,149.1192,139.0917,20660584448,PCX,XLI,114.35689544677734,0.27422136765704863
2024-02-09 00:00:00-05:00,114.5135739478074,114.54295278490986,113.8965959534697,114.68983584966286,10106000,0.0,0.0,0.0,9318081,9640760,155.15,112.75,149.1192,139.0917,20660584448,PCX,XLI,114.5331573486328,0.15667850103005776
2024-02-12 00:00:00-05:00,114.46461559129284,115.01304800127336,114.35688819674648,114.63111949754284,8383200,0.0,0.0,0.0,9318081,9640760,155.15,112.75,149.1192,139.0917,20660584448,PCX,XLI,114.6996612548828,-0.0685417573399576
2024-02-13 00:00:00-05:00,113.71052815339796,113.73990699260108,112.71160279011694,112.53531910798782,14054200,0.0,0.0,0.0,9318081,9640760,155.15,112.75,149.1192,139.0917,20660584448,PCX,XLI,113.52445220947266,-0.989133101484839
2024-02-14 00:00:00-05:00,114.39607311480609,115.47334716047487,114.26876230564984,116.29599834673967,11889500,0.0,0.0,0.0,9318081,9640760,155.15,112.75,149.1192,139.0917,20660584448,PCX,XLI,115.42437744140624,0.8716209053334296
2024-02-15 00:00:00-05:00,115.561465555699,116.35472407237384,115.3949804917574,116.42325907376542,11644100,0.0,0.0,0.0,9318081,9640760,155.15,112.75,149.1192,139.0917,20660584448,PCX,XLI,116.28617095947266,0.1370881142927658
2024-02-16 00:00:00-05:00,116.02176040472416,116.40370026525883,115.46354003380966,115.32644027532963,8740900,0.0,0.0,0.0,9318081,9640760,155.15,112.75,149.1192,139.0917,20660584448,PCX,XLI,115.59085083007812,-0.26441055474849406
2024-02-20 00:00:00-05:00,115.1893413433716,115.60066009287434,114.95429565360126,114.82700613829347,7392100,0.0,0.0,0.0,9318081,9640760,155.15,112.75,149.1192,139.0917,20660584448,PCX,XLI,115.228515625,-0.4015094867065301
2024-02-21 00:00:00-05:00,115.2480918025213,115.73775908457284,114.92490960315212,115.70836554519708,8873000,0.0,0.0,0.0,9318081,9640760,155.15,112.75,149.1192,139.0917,20660584448,PCX,XLI,115.68878936767578,0.019576177521301474
2024-02-22 00:00:00-05:00,116.36452988760728,117.3340689913201,116.28618133109543,117.79435471670884,10604300,0.0,0.0,0.0,9318081,9640760,155.15,112.75,149.1192,139.0917,20660584448,PCX,XLI,117.11861419677734,0.6757405199314945
2024-02-23 00:00:00-05:00,117.38302707609056,117.99021712129904,117.2850951260192,118.0000009530437,8757400,0.0,0.0,0.0,9318081,9640760,155.15,112.75,149.1192,139.0917,20660584448,PCX,XLI,117.73558807373048,0.26441287931321256
2024-02-26 00:00:00-05:00,117.72579598010756,117.99022047171044,117.432000121551,117.54951881946302,7951300,0.0,0.0,0.0,9318081,9640760,155.15,112.75,149.1192,139.0917,20660584448,PCX,XLI,117.55931091308594,-0.009792093622920106
2024-02-27 00:00:00-05:00,117.81393662247908,117.85310342512454,117.2459208516449,117.99021378312362,6275500,0.0,0.0,0.0,9318081,9640760,155.15,112.75,149.1192,139.0917,20660584448,PCX,XLI,117.73558807373048,0.2546257093931388
2024-02-28 00:00:00-05:00,117.61806940026918,118.44071424769552,117.52013744674272,118.01959680505432,8324000,0.0,0.0,0.0,9318081,9640760,155.15,112.75,149.1192,139.0917,20660584448,PCX,XLI,118.13711547851562,-0.11751867346130496
2024-02-29 00:00:00-05:00,118.49947357177734,118.76389059714523,117.9216698077334,118.86183166503906,9662100,0.0,0.0,0.0,9318081,9640760,155.15,112.75,149.1192,139.0917,20660584448,PCX,XLI,118.49947357177734,0.36235809326171875
2024-03-01 00:00:00-05:00,118.46029549081258,119.0772735113413,118.1175299238522,118.96954231698446,10782400,0.0,0.0,0.0,9318081,9640760,155.15,112.75,149.1192,139.0917,20660584448,PCX,XLI,119.00872039794922,-0.03917808096475994
2024-03-04 00:00:00-05:00,119.00872665407822,119.78240181544788,119.00872665407822,119.43964248659776,11886600,0.0,0.0,0.0,9318081,9640760,155.15,112.75,149.1192,139.0917,20660584448,PCX,XLI,119.43963623046876,6.256128997961241e-06
2024-03-05 00:00:00-05:00,119.17521408173904,119.49838877842387,117.96083395892232,118.19587448212965,11999000,0.0,0.0,0.0,9318081,9640760,155.15,112.75,149.1192,139.0917,20660584448,PCX,XLI,118.46029663085938,-0.2644221487297216
2024-03-06 00:00:00-05:00,118.9303839397525,119.74322589534157,118.80306567298622,119.54736544610017,8644800,0.0,0.0,0.0,9318081,9640760,155.15,112.75,149.1192,139.0917,20660584448,PCX,XLI,119.07727813720705,0.47008730889312744
2024-03-07 00:00:00-05:00,119.84116916368478,120.19373019233424,119.5473658159004,120.80092410753241,7936800,0.0,0.0,0.0,9318081,9640760,155.15,112.75,149.1192,139.0917,20660584448,PCX,XLI,120.03703308105467,0.7638910264777365
2024-03-08 00:00:00-05:00,120.32104612419968,120.9478196525962,119.43964351497648,120.05663419793017,10157100,0.0,0.0,0.0,9318081,9640760,155.15,112.75,149.1192,139.0917,20660584448,PCX,XLI,119.77262115478516,0.2840130431450092
2024-03-11 00:00:00-04:00,119.40046565472198,119.65509472791244,118.32319915208028,118.78347651897978,9179300,0.0,0.0,0.0,9318081,9640760,155.15,112.75,149.1192,139.0917,20660584448,PCX,XLI,119.15563201904295,-0.37215550006317244
2024-03-12 00:00:00-04:00,119.14584922094772,119.8020015998115,118.59741677246356,119.6746959616704,9125300,0.0,0.0,0.0,9318081,9640760,155.15,112.75,149.1192,139.0917,20660584448,PCX,XLI,119.68447875976562,-0.009782798095230305
2024-03-13 00:00:00-04:00,119.498409345132,120.28188004490556,119.498409345132,119.82159812687028,8009300,0.0,0.0,0.0,9318081,9640760,155.15,112.75,149.1192,139.0917,20660584448,PCX,XLI,120.0076675415039,-0.18606941463362148
2024-03-14 00:00:00-04:00,120.1937396026236,120.3210504117086,118.71494225399438,119.68447751766264,9684800,0.0,0.0,0.0,9318081,9640760,155.15,112.75,149.1192,139.0917,20660584448,PCX,XLI,119.49840545654295,0.18607206111968821
2024-03-15 00:00:00-04:00,119.01852739665428,119.99786195266624,118.95976971424707,119.038112052416,10739900,0.0,0.0,0.0,9318081,9640760,155.15,112.75,149.1192,139.0917,20660584448,PCX,XLI,119.51799011230467,-0.4798780598886765
2024-03-18 00:00:00-04:00,119.94629185026066,120.22135176605892,119.59264124571416,120.15847294156927,7178800,0.376,0.0,0.0,9318081,9640760,155.15,112.75,149.1192,139.0917,20660584448,PCX,XLI,119.73017120361328,0.4283017379559908
2024-03-19 00:00:00-04:00,119.77929655471156,120.77148342499493,119.71053157329514,120.81078306594205,8842400,0.0,0.0,0.0,9318081,9640760,155.15,112.75,149.1192,139.0917,20660584448,PCX,XLI,120.76165771484376,0.04912535109828298
2024-03-20 00:00:00-04:00,120.60447411544509,122.39237109423792,120.47676986511011,122.05836968429273,10400900,0.0,0.0,0.0,9318081,9640760,155.15,112.75,149.1192,139.0917,20660584448,PCX,XLI,122.2155532836914,-0.1571835993986781
2024-03-21 00:00:00-04:00,122.78532237357724,123.71856999590808,122.58885313457132,123.99362773246396,9965100,0.0,0.0,0.0,9318081,9640760,155.15,112.75,149.1192,139.0917,20660584448,PCX,XLI,123.42385864257812,0.5697690898858383
2024-03-22 00:00:00-04:00,123.77750818403533,123.8757428026775,122.97197231945586,123.35509149702361,6771100,0.0,0.0,0.0,9318081,9640760,155.15,112.75,149.1192,139.0917,20660584448,PCX,XLI,123.0014419555664,0.3536495414572016
2024-03-25 00:00:00-04:00,122.97197478646002,123.06038369656532,122.12714355851092,122.17626708382329,7658200,0.0,0.0,0.0,9318081,9640760,155.15,112.75,149.1192,139.0917,20660584448,PCX,XLI,122.20573425292967,-0.029467169106382585
2024-03-26 00:00:00-04:00,122.20572361271084,122.52990457784664,121.71454305759129,121.7636459759921,7292700,0.0,0.0,0.0,9318081,9640760,155.15,112.75,149.1192,139.0917,20660584448,PCX,XLI,121.76365661621094,-1.0640218832236314e-05
2024-03-27 00:00:00-04:00,122.5495471584292,123.72837747986068,122.4807821812594,124.50444980735499,7162900,0.0,0.0,0.0,9318081,9640760,155.15,112.75,149.1192,139.0917,20660584448,PCX,XLI,123.71855926513672,0.7858905422182687
2024-03-28 00:00:00-04:00,123.87572727448362,124.0623782728812,123.50243277250851,123.89536533600706,7287000,0.0,0.0,0.0,9318081,9640760,155.15,112.75,149.1192,139.0917,20660584448,PCX,XLI,123.73819732666016,0.15716800934690411
2024-04-01 00:00:00-04:00,123.86591991601894,123.93469239493928,122.70674089686716,122.91304668603846,6905300,0.0,0.0,0.0,9318081,9640760,155.15,112.75,149.1192,139.0917,20660584448,PCX,XLI,122.78532409667967,0.12772258935878256
2024-04-02 00:00:00-04:00,122.29413647899406,122.69690814476084,121.9601372882008,121.7243656660058,11049400,0.0,0.0,0.0,9318081,9640760,155.15,112.75,149.1192,139.0917,20660584448,PCX,XLI,122.2155532836914,-0.49118761768561114
2024-04-03 00:00:00-04:00,122.12714183829472,123.18809371354097,122.12714183829472,122.75585735343144,7589900,0.0,0.0,0.0,9318081,9640760,155.15,112.75,149.1192,139.0917,20660584448,PCX,XLI,122.84426879882812,-0.08841144539668733
2024-04-04 00:00:00-04:00,123.6497956439336,124.16062012353694,121.40018780210757,122.56918346131641,10659800,0.0,0.0,0.0,9318081,9640760,155.15,112.75,149.1192,139.0917,20660584448,PCX,XLI,121.76365661621094,0.8055268451054758
2024-04-05 00:00:00-04:00,122.156614501164,123.77751199047974,122.09767522713037,123.8462888786054,10718600,0.0,0.0,0.0,9318081,9640760,155.15,112.75,149.1192,139.0917,20660584448,PCX,XLI,123.45333099365234,0.39295788495306283
2024-04-08 00:00:00-04:00,123.63015147146416,123.83644641732832,123.14879659778114,123.41402598318291,6096100,0.0,0.0,0.0,9318081,9640760,155.15,112.75,149.1192,139.0917,20660584448,PCX,XLI,123.2372055053711,0.1768204778118161
2024-04-09 00:00:00-04:00,123.40419382384994,123.73819297257702,121.54753209874517,123.119296973264,9042200,0.0,0.0,0.0,9318081,9640760,155.15,112.75,149.1192,139.0917,20660584448,PCX,XLI,122.95230865478516,0.1669883184788432
2024-04-10 00:00:00-04:00,121.42967015561382,122.27450139849849,121.0072545341715,120.37856084164899,14119500,0.0,0.0,0.0,9318081,9640760,155.15,112.75,149.1192,139.0917,20660584448,PCX,XLI,121.90119934082033,-1.522638499171336
2024-04-11 00:00:00-04:00,121.96014374175314,122.53973324873554,121.02689611050162,122.09767883696797,8228700,0.0,0.0,0.0,9318081,9640760,155.15,112.75,149.1192,139.0917,20660584448,PCX,XLI,122.03873443603516,0.058944400932816166
2024-04-12 00:00:00-04:00,121.27248715633492,121.70472848272853,120.22136097200412,119.96594571346382,11604300,0.0,0.0,0.0,9318081,9640760,155.15,112.75,149.1192,139.0917,20660584448,PCX,XLI,120.73219299316406,-0.766247279700238
2024-04-15 00:00:00-04:00,122.38255598280976,122.55938129266144,119.50423746372591,121.51806928847382,10374500,0.0,0.0,0.0,9318081,9640760,155.15,112.75,149.1192,139.0917,20660584448,PCX,XLI,119.86770629882812,1.6503629896457
2024-04-16 00:00:00-04:00,119.82841580895074,120.16241500085978,118.98358462435397,119.55335324791557,11046200,0.0,0.0,0.0,9318081,9640760,155.15,112.75,149.1192,139.0917,20660584448,PCX,XLI,119.59264373779295,-0.03929048987738781
2024-04-17 00:00:00-04:00,120.26065325320486,120.29012288928558,118.2369916309052,119.64177202761896,11084200,0.0,0.0,0.0,9318081,9640760,155.15,112.75,149.1192,139.0917,20660584448,PCX,XLI,118.97376251220705,0.6680095154119101
2024-04-18 00:00:00-04:00,119.54352596671694,120.0347065220969,118.38433955622742,119.13092831046694,9195800,0.0,0.0,0.0,9318081,9640760,155.15,112.75,149.1192,139.0917,20660584448,PCX,XLI,118.56116485595705,0.5697634545098964
2024-04-19 00:00:00-04:00,118.81657614423064,119.47476379999048,118.0503356589796,118.60045828534392,10832100,0.0,0.0,0.0,9318081,9640760,155.15,112.75,149.1192,139.0917,20660584448,PCX,XLI,118.34504699707033,0.25541128827359216
2024-04-22 00:00:00-04:00,119.06217309928734,120.03471607259024,118.50222752139526,119.95612451530295,10484900,0.0,0.0,0.0,9318081,9640760,155.15,112.75,149.1192,139.0917,20660584448,PCX,XLI,119.23899841308594,0.7171261022170086
2024-04-23 00:00:00-04:00,120.08382363583756,121.06618477568036,119.906998330873,121.74401040341569,9870000,0.0,0.0,0.0,9318081,9640760,155.15,112.75,149.1192,139.0917,20660584448,PCX,XLI,120.89918518066406,0.8448252227516235
2024-04-24 00:00:00-04:00,120.791126936258,121.0072475899173,118.9344649495607,119.82841178733221,11063800,0.0,0.0,0.0,9318081,9640760,155.15,112.75,149.1192,139.0917,20660584448,PCX,XLI,119.93647003173828,-0.1080582444060667
2024-04-25 00:00:00-04:00,119.26847490009398,120.58483528862268,118.47275724488831,119.63195451435179,10321200,0.0,0.0,0.0,9318081,9640760,155.15,112.75,149.1192,139.0917,20660584448,PCX,XLI,120.2999496459961,-0.6679951316443038
2024-04-26 00:00:00-04:00,119.99540793308245,120.85988298903656,119.97575651429922,120.19187247165668,6958100,0.0,0.0,0.0,9318081,9640760,155.15,112.75,149.1192,139.0917,20660584448,PCX,XLI,120.49641418457033,-0.30454171291364673
2024-04-29 00:00:00-04:00,120.7420106299273,121.41000900630976,120.70271528517172,121.54755262211476,6339800,0.0,0.0,0.0,9318081,9640760,155.15,112.75,149.1192,139.0917,20660584448,PCX,XLI,121.3019561767578,0.24559644535696634
2024-04-30 00:00:00-04:00,121.12513505420031,121.30196036429427,119.32741231738184,119.19970475634875,15475900,0.0,0.0,0.0,9318081,9640760,155.15,112.75,149.1192,139.0917,20660584448,PCX,XLI,119.37652587890624,-0.1768211225574845
2024-05-01 00:00:00-04:00,119.18987795106489,120.68306357406834,118.78710628940816,118.89516969911178,15569500,0.0,0.0,0.0,9318081,9640760,155.15,112.75,149.1192,139.0917,20660584448,PCX,XLI,119.08181762695312,-0.18664792784134931
2024-05-02 00:00:00-04:00,119.65159167293302,120.00524228830687,118.4334584445027,120.33924426082366,11999600,0.0,0.0,0.0,9318081,9640760,155.15,112.75,149.1192,139.0917,20660584448,PCX,XLI,119.76947021484376,0.5697740459798979
2024-05-03 00:00:00-04:00,120.8991882761378,121.0367182396514,120.04453136445665,121.73419499000498,9068500,0.0,0.0,0.0,9318081,9640760,155.15,112.75,149.1192,139.0917,20660584448,PCX,XLI,120.60447692871094,1.1297180612940423
2024-05-06 00:00:00-04:00,121.40020095418974,121.92085119985066,121.29214062077092,122.61834060262724,7157300,0.0,0.0,0.0,9318081,9640760,155.15,112.75,149.1192,139.0917,20660584448,PCX,XLI,121.82261657714844,0.7957240254788047
2024-05-07 00:00:00-04:00,122.04854063185816,122.51025154676744,121.84224570080048,122.38252500685816,5244200,0.0,0.0,0.0,9318081,9640760,155.15,112.75,149.1192,139.0917,20660584448,PCX,XLI,122.15660095214844,0.2259240547097221
2024-05-08 00:00:00-04:00,121.4296558386851,122.32360053993509,121.41000441963938,121.4296558386851,5062500,0.0,0.0,0.0,9318081,9640760,155.15,112.75,149.1192,139.0917,20660584448,PCX,XLI,122.15660095214844,-0.7269451134633442
2024-05-09 00:00:00-04:00,122.39237182326,123.3747329711914,122.25484186213528,123.61050384230298,6682000,0.0,0.0,0.0,9318081,9640760,155.15,112.75,149.1192,139.0917,20660584448,PCX,XLI,123.3747329711914,0.23577087111156914
2024-05-10 00:00:00-04:00,123.91504291279134,123.99363360865476,123.22739306103962,124.00346759540852,6038500,0.0,0.0,0.0,9318081,9640760,155.15,112.75,149.1192,139.0917,20660584448,PCX,XLI,123.4631576538086,0.5403099415999293
2024-05-13 00:00:00-04:00,123.73820737254326,123.8757373315323,122.87373227392344,123.21754697215262,5946900,0.0,0.0,0.0,9318081,9640760,155.15,112.75,149.1192,139.0917,20660584448,PCX,XLI,122.94249725341795,0.2750497187346639
2024-05-14 00:00:00-04:00,123.17825145872584,123.39437208889495,122.64777559235256,123.1487714782571,5105700,0.0,0.0,0.0,9318081,9640760,155.15,112.75,149.1192,139.0917,20660584448,PCX,XLI,122.91301727294922,0.2357542053078845
2024-05-15 00:00:00-04:00,123.5613778917083,123.80696816657488,123.34525725065444,124.3669198838958,8404100,0.0,0.0,0.0,9318081,9640760,155.15,112.75,149.1192,139.0917,20660584448,PCX,XLI,123.71855926513672,0.6483606187590851
2024-05-16 00:00:00-04:00,123.50244648131816,123.73821106163972,122.93267520862187,122.76568348082988,7135900,0.0,0.0,0.0,9318081,9640760,155.15,112.75,149.1192,139.0917,20660584448,PCX,XLI,122.98179626464844,-0.21611278381855925
2024-05-17 00:00:00-04:00,123.08002838540872,123.26667940073872,122.51025712426927,123.21755585122905,5714100,0.0,0.0,0.0,9318081,9640760,155.15,112.75,149.1192,139.0917,20660584448,PCX,XLI,123.11932373046876,0.09823212076028653
2024-05-20 00:00:00-04:00,123.1487923415392,123.8069725024752,123.03090630733936,123.38455589134388,4337600,0.0,0.0,0.0,9318081,9640760,155.15,112.75,149.1192,139.0917,20660584448,PCX,XLI,123.35508728027344,0.029468611070441852
2024-05-21 00:00:00-04:00,123.129126443062,123.14877786052816,122.63794593388468,122.72634781757372,6010000,0.0,0.0,0.0,9318081,9640760,155.15,112.75,149.1192,139.0917,20660584448,PCX,XLI,122.95230865478516,-0.22596083721143145
2024-05-22 00:00:00-04:00,122.7656712245332,123.4140256709629,122.43166454408956,122.91303297990427,7910500,0.0,0.0,0.0,9318081,9640760,155.15,112.75,149.1192,139.0917,20660584448,PCX,XLI,123.09967041015624,-0.1866374302519631
2024-05-23 00:00:00-04:00,123.3943841108766,123.46314909128272,121.41983610947116,121.94049617142349,9078200,0.0,0.0,0.0,9318081,9640760,155.15,112.75,149.1192,139.0917,20660584448,PCX,XLI,121.64578247070312,0.29471370072036507
2024-05-24 00:00:00-04:00,122.10749743449614,122.5299130408676,121.60649113512044,122.72638628947661,7556800,0.0,0.0,0.0,9318081,9640760,155.15,112.75,149.1192,139.0917,20660584448,PCX,XLI,122.2646713256836,0.461714963793014
2024-05-28 00:00:00-04:00,122.21556421154462,122.21556421154462,120.36872030261412,120.72238489025554,8525400,0.0,0.0,0.0,9318081,9640760,155.15,112.75,149.1192,139.0917,20660584448,PCX,XLI,120.77149200439452,-0.049107114138976726
2024-05-29 00:00:00-04:00,119.74982158499498,119.8382304879548,118.9639296939673,118.04049388724108,16725400,0.0,0.0,0.0,9318081,9640760,155.15,112.75,149.1192,139.0917,20660584448,PCX,XLI,119.06216430664062,-1.0216704193995412
2024-05-30 00:00:00-04:00,119.21935277064016,119.9659493620213,119.1898831345682,120.0347214229839,7816300,0.0,0.0,0.0,9318081,9640760,155.15,112.75,149.1192,139.0917,20660584448,PCX,XLI,119.87753295898438,0.1571884639995318
2024-05-31 00:00:00-04:00,120.16241635335103,121.38054208876046,119.18988090704627,121.6163119221987,9703500,0.0,0.0,0.0,9318081,9640760,155.15,112.75,149.1192,139.0917,20660584448,PCX,XLI,121.33142852783205,0.2848833943666591
2024-06-03 00:00:00-04:00,121.7243740067447,121.7734875674784,118.73799520369369,120.24100608682281,15241000,0.0,0.0,0.0,9318081,9640760,155.15,112.75,149.1192,139.0917,20660584448,PCX,XLI,119.84806060791016,0.39294547891265097
2024-06-04 00:00:00-04:00,119.60246578025264,120.074002413288,118.8755206535261,119.30774989890499,10061500,0.0,0.0,0.0,9318081,9640760,155.15,112.75,149.1192,139.0917,20660584448,PCX,XLI,119.5533447265625,-0.24559482765751284
2024-06-05 00:00:00-04:00,120.00524291926314,120.78130164032522,119.29794168479664,121.2135559075444,8666000,0.0,0.0,0.0,9318081,9640760,155.15,112.75,149.1192,139.0917,20660584448,PCX,XLI,120.76165771484376,0.45189819270063936
2024-06-06 00:00:00-04:00,120.6241297673474,120.91883362341834,119.57300360823704,119.90700482838254,6523900,0.0,0.0,0.0,9318081,9640760,155.15,112.75,149.1192,139.0917,20660584448,PCX,XLI,120.0445327758789,-0.1375279474963662
2024-06-07 00:00:00-04:00,119.739999906837,120.96795134364908,119.43547034885025,119.8677083418956,7036200,0.0,0.0,0.0,9318081,9640760,155.15,112.75,149.1192,139.0917,20660584448,PCX,XLI,120.1722412109375,-0.3045328690419069
2024-06-10 00:00:00-04:00,119.99541239729098,120.71253181833129,119.93646563356862,120.36870341291598,6642600,0.0,0.0,0.0,9318081,9640760,155.15,112.75,149.1192,139.0917,20660584448,PCX,XLI,120.5455322265625,-0.17682881364652303
2024-06-11 00:00:00-04:00,119.89718261385734,120.01506115640927,119.0621696317365,119.20953765536125,11217000,0.0,0.0,0.0,9318081,9640760,155.15,112.75,149.1192,139.0917,20660584448,PCX,XLI,119.8578872680664,-0.6483496127051609
2024-06-12 00:00:00-04:00,120.9679516292667,121.70472249309356,120.4669453433146,122.10748562584872,11106700,0.0,0.0,0.0,9318081,9640760,155.15,112.75,149.1192,139.0917,20660584448,PCX,XLI,120.99742126464844,1.110064361200287
2024-06-13 00:00:00-04:00,120.83042588642776,120.8991908696597,119.1997027200399,120.054363874709,8056100,0.0,0.0,0.0,9318081,9640760,155.15,112.75,149.1192,139.0917,20660584448,PCX,XLI,120.22135925292967,-0.16699537822067612
2024-06-14 00:00:00-04:00,119.18988684018788,119.18988684018788,117.54934542606118,117.98158911069571,15315800,0.0,0.0,0.0,9318081,9640760,155.15,112.75,149.1192,139.0917,20660584448,PCX,XLI,119.0130615234375,-1.0314724127417918
2024-06-17 00:00:00-04:00,118.60046415140236,120.52589109326644,118.41381313579642,119.91681699564064,12522100,0.0,0.0,0.0,9318081,9640760,155.15,112.75,149.1192,139.0917,20660584448,PCX,XLI,120.32941436767578,-0.4125973720351368
2024-06-18 00:00:00-04:00,120.29994399055968,120.98760128365458,120.07400512604988,120.94830519661438,8176500,0.0,0.0,0.0,9318081,9640760,155.15,112.75,149.1192,139.0917,20660584448,PCX,XLI,120.97777557373048,-0.029470377116098234
2024-06-20 00:00:00-04:00,120.84024531792016,121.38053944529126,120.57500361436396,120.91883571098656,6350700,0.0,0.0,0.0,9318081,9640760,155.15,112.75,149.1192,139.0917,20660584448,PCX,XLI,121.05636596679688,-0.13753025581031864
2024-06-21 00:00:00-04:00,121.03671366882524,121.1054786479852,119.76946691445949,120.78129679870804,8231000,0.0,0.0,0.0,9318081,9640760,155.15,112.75,149.1192,139.0917,20660584448,PCX,XLI,120.80094909667967,-0.019652297971632038
2024-06-24 00:00:00-04:00,121.1272219368232,122.43825245901878,120.86107655891064,121.64078700029977,8650600,0.421,0.0,0.0,9318081,9640760,155.15,112.75,149.1192,139.0917,20660584448,PCX,XLI,121.31451416015624,0.3262728401435311
2024-06-25 00:00:00-04:00,121.21594119918292,121.21594119918292,119.71761846449864,120.18091464888997,11365300,0.0,0.0,0.0,9318081,9640760,155.15,112.75,149.1192,139.0917,20660584448,PCX,XLI,120.27948760986328,-0.09857296097331414
2024-06-26 00:00:00-04:00,120.12178167808912,120.14149308774518,119.48105181602628,119.79650244224928,7350500,0.0,0.0,0.0,9318081,9640760,155.15,112.75,149.1192,139.0917,20660584448,PCX,XLI,119.95420837402344,-0.15770593177416004
2024-06-27 00:00:00-04:00,120.07248459066156,120.30906661559554,119.6486178633647,120.2006202718139,4804100,0.0,0.0,0.0,9318081,9640760,155.15,112.75,149.1192,139.0917,20660584448,PCX,XLI,120.08234405517578,0.11827621663812238
2024-06-28 00:00:00-04:00,120.4175018884542,121.20608610092395,119.55004947799893,120.46679540652062,9796400,0.0,0.0,0.0,9318081,9640760,155.15,112.75,149.1192,139.0917,20660584448,PCX,XLI,120.1316375732422,0.33515783327841575
2024-07-01 00:00:00-04:00,120.6935050632008,120.93993903628274,118.57417139058236,119.40218426241954,10008500,0.0,0.0,0.0,9318081,9640760,155.15,112.75,149.1192,139.0917,20660584448,PCX,XLI,118.84031677246094,0.5618674899586011
2024-07-02 00:00:00-04:00,118.66288370361306,119.53033609977788,118.57417108340604,119.31347269287089,6789000,0.0,0.0,0.0,9318081,9640760,155.15,112.75,149.1192,139.0917,20660584448,PCX,XLI,119.49090576171876,-0.17743306884787557
2024-07-03 00:00:00-04:00,119.62890544304358,120.35834787900042,119.42190181340315,120.0626288927506,5467700,0.0,0.0,0.0,9318081,9640760,155.15,112.75,149.1192,139.0917,20660584448,PCX,XLI,119.92462921142578,0.1379996813248141
2024-07-05 00:00:00-04:00,119.8950535658308,119.8950535658308,118.5347407453469,119.46133011612379,6367100,0.0,0.0,0.0,9318081,9640760,155.15,112.75,149.1192,139.0917,20660584448,PCX,XLI,119.49090576171876,-0.029575645594974276
2024-07-08 00:00:00-04:00,119.82604812619672,120.4667779360548,119.2740384539831,119.97390579221234,7405600,0.0,0.0,0.0,9318081,9640760,155.15,112.75,149.1192,139.0917,20660584448,PCX,XLI,119.63876342773438,0.3351423644779601
2024-07-09 00:00:00-04:00,119.6979134839421,119.88520571597724,119.08675450400575,119.17547543462568,4617900,0.0,0.0,0.0,9318081,9640760,155.15,112.75,149.1192,139.0917,20660584448,PCX,XLI,119.11632537841795,0.059150056207727175
2024-07-10 00:00:00-04:00,119.28390009877516,120.2203461699081,119.0374661305225,120.34849055287673,6930900,0.0,0.0,0.0,9318081,9640760,155.15,112.75,149.1192,139.0917,20660584448,PCX,XLI,120.18091583251952,0.16757472035720866
2024-07-11 00:00:00-04:00,120.4963655782836,122.14255040085592,120.3189327988685,122.02427390347893,11113900,0.0,0.0,0.0,9318081,9640760,155.15,112.75,149.1192,139.0917,20660584448,PCX,XLI,121.70882415771484,0.31544974576408435
2024-07-12 00:00:00-04:00,122.40867614746094,123.12826661521616,122.1031004455512,123.10852813720703,10565200,0.0,0.0,0.0,9318081,9640760,155.15,112.75,149.1192,139.0917,20660584448,PCX,XLI,122.40867614746094,0.6998519897460938
2024-07-15 00:00:00-04:00,122.77340090094762,123.86756827626562,122.50724801475268,123.65070497809606,9680800,0.0,0.0,0.0,9318081,9640760,155.15,112.75,149.1192,139.0917,20660584448,PCX,XLI,123.28598022460938,0.36472475348668354
2024-07-16 00:00:00-04:00,123.65070713193776,126.47976420144164,123.6408476677026,126.72620762021901,15501400,0.0,0.0,0.0,9318081,9640760,155.15,112.75,149.1192,139.0917,20660584448,PCX,XLI,126.36148071289062,0.3647269073283894
2024-07-17 00:00:00-04:00,125.80946972856736,126.07562263206786,124.71530228210544,124.19286969194626,14511200,0.0,0.0,0.0,9318081,9640760,155.15,112.75,149.1192,139.0917,20660584448,PCX,XLI,124.74488067626952,-0.5520109843232603
2024-07-18 00:00:00-04:00,124.73502168339346,125.98690296729258,123.5915644295673,123.75913819950674,9267900,0.0,0.0,0.0,9318081,9640760,155.15,112.75,149.1192,139.0917,20660584448,PCX,XLI,123.7689971923828,-0.009858992876061734
2024-07-19 00:00:00-04:00,124.04500180316644,124.30129524242352,122.81283193057985,123.36484891010005,9955300,0.0,0.0,0.0,9318081,9640760,155.15,112.75,149.1192,139.0917,20660584448,PCX,XLI,123.0888442993164,0.27600461078364447
2024-07-22 00:00:00-04:00,123.67042803111858,124.42944890355552,122.70441103783116,124.9223124915678,8334900,0.0,0.0,0.0,9318081,9640760,155.15,112.75,149.1192,139.0917,20660584448,PCX,XLI,124.34072875976562,0.5815837318021693
2024-07-23 00:00:00-04:00,123.71971247297893,124.78430150833604,123.65071126216348,123.4831325779594,9432900,0.0,0.0,0.0,9318081,9640760,155.15,112.75,149.1192,139.0917,20660584448,PCX,XLI,124.1041488647461,-0.6210162867866984
2024-07-24 00:00:00-04:00,123.49299234340208,123.73942631839148,121.31451690696386,120.82165140101927,11370800,0.0,0.0,0.0,9318081,9640760,155.15,112.75,149.1192,139.0917,20660584448,PCX,XLI,121.43280792236328,-0.6111565213440144
2024-07-25 00:00:00-04:00,121.59051360043492,124.3012871435035,121.27507843442784,122.56638182553257,14738900,0.0,0.0,0.0,9318081,9640760,155.15,112.75,149.1192,139.0917,20660584448,PCX,XLI,122.40867614746094,0.15770567807163616
2024-07-26 00:00:00-04:00,123.80843156809664,125.37575561083688,123.6014279248231,125.89820665354586,10620800,0.0,0.0,0.0,9318081,9640760,155.15,112.75,149.1192,139.0917,20660584448,PCX,XLI,124.49845123291016,1.3997554206356995
2024-07-29 00:00:00-04:00,124.89273714614453,124.89273714614453,123.8872898241175,124.67587160659374,8946500,0.0,0.0,0.0,9318081,9640760,155.15,112.75,149.1192,139.0917,20660584448,PCX,XLI,124.28158569335938,0.3942859132343699
2024-07-30 00:00:00-04:00,124.81387444813838,125.5235979338416,124.14357377783456,125.17858239491572,7811200,0.0,0.0,0.0,9318081,9640760,155.15,112.75,149.1192,139.0917,20660584448,PCX,XLI,124.64629364013672,0.5322887547790032
2024-07-31 00:00:00-04:00,126.0953355955775,127.22894091490116,125.47432468069997,127.48523580309701,10947600,0.0,0.0,0.0,9318081,9640760,155.15,112.75,149.1192,139.0917,20660584448,PCX,XLI,126.03619384765624,1.4490419554407765
2024-08-01 00:00:00-04:00,125.720758567201,126.72620588397842,122.95084307321908,123.38456166778697,17283200,0.0,0.0,0.0,9318081,9640760,155.15,112.75,149.1192,139.0917,20660584448,PCX,XLI,123.6999969482422,-0.31543528045523317
2024-08-02 00:00:00-04:00,122.35939435846458,122.576257459399,119.8359128651944,119.63876752740988,16916300,0.0,0.0,0.0,9318081,9640760,155.15,112.75,149.1192,139.0917,20660584448,PCX,XLI,120.9793701171875,-1.3406025897776175
2024-08-05 00:00:00-04:00,118.66288238676384,120.10205586739494,117.47014287584156,116.56325775297478,20012000,0.0,0.0,0.0,9318081,9640760,155.15,112.75,149.1192,139.0917,20660584448,PCX,XLI,118.87974548339844,-2.3164877304236597
2024-08-06 00:00:00-04:00,119.57962439195173,122.01439336535542,119.0571855474047,121.00895331040877,13732600,0.0,0.0,0.0,9318081,9640760,155.15,112.75,149.1192,139.0917,20660584448,PCX,XLI,120.30907440185548,0.6998789085532877
2024-08-07 00:00:00-04:00,121.44264859898044,122.45796279901212,119.65846919217692,120.86104459507418,8307700,0.0,0.0,0.0,9318081,9640760,155.15,112.75,149.1192,139.0917,20660584448,PCX,XLI,119.72747039794922,1.1335741971249575
2024-08-08 00:00:00-04:00,120.6146340306112,122.57624618215571,120.59491510293968,123.37469720199792,7976800,0.0,0.0,0.0,9318081,9640760,155.15,112.75,149.1192,139.0917,20660584448,PCX,XLI,122.48753356933594,0.8871636326619807
2024-08-09 00:00:00-04:00,122.32981517432752,122.75368188265811,121.24550726388595,122.34952952979626,5891400,0.0,0.0,0.0,9318081,9640760,155.15,112.75,149.1192,139.0917,20660584448,PCX,XLI,122.50724792480467,-0.15771839500841622
2024-08-12 00:00:00-04:00,122.51711610286888,122.7044083307402,121.4919498628159,121.89611390560327,5733400,0.0,0.0,0.0,9318081,9640760,155.15,112.75,149.1192,139.0917,20660584448,PCX,XLI,121.88624572753906,0.009868178064209587
2024-08-13 00:00:00-04:00,122.45797058184684,123.26627369536602,121.5806587376021,123.73941894610465,7808300,0.0,0.0,0.0,9318081,9640760,155.15,112.75,149.1192,139.0917,20660584448,PCX,XLI,123.16769409179688,0.5717248543077744
2024-08-14 00:00:00-04:00,123.1282751810494,123.88728851686218,123.05926644813468,123.63100650429159,5506400,0.0,0.0,0.0,9318081,9640760,155.15,112.75,149.1192,139.0917,20660584448,PCX,XLI,123.67042541503906,-0.039418910747471614
2024-08-15 00:00:00-04:00,124.84345862784696,125.69119214008391,124.49845255206876,126.50935981192899,5717400,0.0,0.0,0.0,9318081,9640760,155.15,112.75,149.1192,139.0917,20660584448,PCX,XLI,125.3363265991211,1.1730332128078942
2024-08-16 00:00:00-04:00,125.17860117966956,125.51375529996454,124.60688006716096,125.00116435105626,5448600,0.0,0.0,0.0,9318081,9640760,155.15,112.75,149.1192,139.0917,20660584448,PCX,XLI,125.1588897705078,-0.15772541945153762
2024-08-19 00:00:00-04:00,125.2673183107978,125.95733042339296,125.12931588827875,126.02632862573923,3482900,0.0,0.0,0.0,9318081,9640760,155.15,112.75,149.1192,139.0917,20660584448,PCX,XLI,125.91790008544922,0.10842854029000648
2024-08-20 00:00:00-04:00,125.85876318542022,126.026336487708,125.19832192070842,125.51376196471709,6443300,0.0,0.0,0.0,9318081,9640760,155.15,112.75,149.1192,139.0917,20660584448,PCX,XLI,125.5728988647461,-0.05913690002900296
2024-08-21 00:00:00-04:00,125.86861973185522,126.54877991081102,125.7207578424429,126.62763767619117,4989200,0.0,0.0,0.0,9318081,9640760,155.15,112.75,149.1192,139.0917,20660584448,PCX,XLI,126.33191680908205,0.29572086710912515
2024-08-22 00:00:00-04:00,126.54878644058044,126.83464324880788,125.77990608007669,126.39107159683044,6355600,0.0,0.0,0.0,9318081,9640760,155.15,112.75,149.1192,139.0917,20660584448,PCX,XLI,126.17420196533205,0.21686963149839755
2024-08-23 00:00:00-04:00,126.60792900765122,127.73166739950636,126.36149501784844,127.8696706458348,5888000,0.0,0.0,0.0,9318081,9640760,155.15,112.75,149.1192,139.0917,20660584448,PCX,XLI,127.43594360351562,0.4337270423191768
2024-08-26 00:00:00-04:00,127.7119351110754,128.14566129434564,127.03177496377758,127.5739193640051,6226600,0.0,0.0,0.0,9318081,9640760,155.15,112.75,149.1192,139.0917,20660584448,PCX,XLI,127.29792785644533,0.2759915075597803
2024-08-27 00:00:00-04:00,127.11065523280556,127.44580186567735,126.67692898267131,127.18953554286414,4000900,0.0,0.0,0.0,9318081,9640760,155.15,112.75,149.1192,139.0917,20660584448,PCX,XLI,127.3768081665039,-0.18727262363977104
2024-08-28 00:00:00-04:00,127.43591806075273,128.0963592161114,126.676897312777,127.37674447676834,4336300,0.0,0.0,0.0,9318081,9640760,155.15,112.75,149.1192,139.0917,20660584448,PCX,XLI,127.31763458251952,0.05910989424882018
2024-08-29 00:00:00-04:00,127.90906991693858,129.32853185247905,127.2584957307612,128.8060959789503,8226000,0.0,0.0,0.0,9318081,9640760,155.15,112.75,149.1192,139.0917,20660584448,PCX,XLI,128.21466064453125,0.5914353344190602
2024-08-30 00:00:00-04:00,128.66812702531635,129.71300484490686,127.7415327200527,130.03833576555073,8347900,0.0,0.0,0.0,9318081,9640760,155.15,112.75,149.1192,139.0917,20660584448,PCX,XLI,129.58486938476562,0.4534663807851018
2024-09-03 00:00:00-04:00,128.94411211421803,129.15112327363266,126.23333835890728,126.0755970995696,9332600,0.0,0.0,0.0,9318081,9640760,155.15,112.75,149.1192,139.0917,20660584448,PCX,XLI,126.7163543701172,-0.6407572705475957
2024-09-04 00:00:00-04:00,126.63747869871004,127.61336254988856,126.3614738795931,126.76559912107332,7809700,0.0,0.0,0.0,9318081,9640760,155.15,112.75,149.1192,139.0917,20660584448,PCX,XLI,126.84447479248048,-0.07887567140716101
2024-09-05 00:00:00-04:00,126.5783566570745,126.7262110327783,124.6660265119086,125.09977999691823,8044500,0.0,0.0,0.0,9318081,9640760,155.15,112.75,149.1192,139.0917,20660584448,PCX,XLI,125.36589813232422,-0.26611813540598916
2024-09-06 00:00:00-04:00,125.52359801464496,126.4403401654746,123.84785009809048,124.25198393993794,9567300,0.0,0.0,0.0,9318081,9640760,155.15,112.75,149.1192,139.0917,20660584448,PCX,XLI,124.0942840576172,0.15769988232074184
2024-09-09 00:00:00-04:00,125.1490240648479,126.49948490241316,125.1095937279225,127.05149751455491,7283100,0.0,0.0,0.0,9318081,9640760,155.15,112.75,149.1192,139.0917,20660584448,PCX,XLI,125.99675750732422,1.0547400072306914
2024-09-10 00:00:00-04:00,126.48964294771828,126.48964294771828,125.15889341324016,126.70650848726906,6270200,0.0,0.0,0.0,9318081,9640760,155.15,112.75,149.1192,139.0917,20660584448,PCX,XLI,126.213623046875,0.4928854403940619
2024-09-11 00:00:00-04:00,125.9080474855446,126.5980520739776,123.32541676794352,126.13477020282976,7969700,0.0,0.0,0.0,9318081,9640760,155.15,112.75,149.1192,139.0917,20660584448,PCX,XLI,126.44034576416016,-0.3055755613304001
2024-09-12 00:00:00-04:00,126.4699235435292,127.42608860433567,125.7700444111651,127.44579939802139,7012600,0.0,0.0,0.0,9318081,9640760,155.15,112.75,149.1192,139.0917,20660584448,PCX,XLI,127.41622161865234,0.02957777936904904
2024-09-13 00:00:00-04:00,127.96823291611916,129.19053572134024,127.71193197350046,129.2595460875059,7913800,0.0,0.0,0.0,9318081,9640760,155.15,112.75,149.1192,139.0917,20660584448,PCX,XLI,128.70753479003906,0.5520112974668194
2024-09-16 00:00:00-04:00,129.26940135360485,130.14670567601135,128.58924119691542,129.92984752059704,6400800,0.0,0.0,0.0,9318081,9640760,155.15,112.75,149.1192,139.0917,20660584448,PCX,XLI,129.36798095703125,0.5618665635657862
2024-09-17 00:00:00-04:00,129.6242678909466,130.54099503727426,129.34826304853812,130.33399994661067,7820700,0.0,0.0,0.0,9318081,9640760,155.15,112.75,149.1192,139.0917,20660584448,PCX,XLI,130.0777130126953,0.25628693391536217
2024-09-18 00:00:00-04:00,130.2847117233191,131.76331556906612,129.77212484527536,130.17628276824098,9191600,0.0,0.0,0.0,9318081,9640760,155.15,112.75,149.1192,139.0917,20660584448,PCX,XLI,129.9692840576172,0.20699871062379316
2024-09-19 00:00:00-04:00,132.09846237039565,132.4533278955742,131.0733036538443,134.3360722336769,8957800,0.0,0.0,0.0,9318081,9640760,155.15,112.75,149.1192,139.0917,20660584448,PCX,XLI,132.20689392089844,2.129178312778464
2024-09-20 00:00:00-04:00,131.181739386747,131.55632385336045,130.55086899310876,130.2551494209267,10907500,0.0,0.0,0.0,9318081,9640760,155.15,112.75,149.1192,139.0917,20660584448,PCX,XLI,131.28030395507812,-1.0251545341514259
2024-09-23 00:00:00-04:00,131.7856373897745,132.36912123744796,131.2911692717265,132.66677142297763,8284000,0.431,0.0,0.0,9318081,9640760,155.15,112.75,149.1192,139.0917,20660584448,PCX,XLI,132.16143798828125,0.5053334346963823
2024-09-24 00:00:00-04:00,132.52735592405995,133.15039065848887,132.2207880674271,133.4767577795287,7507900,0.0,0.0,0.0,9318081,9640760,155.15,112.75,149.1192,139.0917,20660584448,PCX,XLI,133.11083984375,0.3659179357786968
2024-09-25 00:00:00-04:00,133.51628004739877,133.65473052125478,132.3888933060086,132.89323317239877,4422400,0.0,0.0,0.0,9318081,9640760,155.15,112.75,149.1192,139.0917,20660584448,PCX,XLI,132.48779296875,0.4054402036487659
2024-09-26 00:00:00-04:00,133.56574208452437,133.97120961285935,132.98227325495236,134.22833974077437,6620700,0.0,0.0,0.0,9318081,9640760,155.15,112.75,149.1192,139.0917,20660584448,PCX,XLI,133.150390625,1.0779491157743735
2024-09-27 00:00:00-04:00,133.55585455358874,134.19865713291426,133.1306040843655,133.74375128210437,5859200,0.0,0.0,0.0,9318081,9640760,155.15,112.75,149.1192,139.0917,20660584448,PCX,XLI,133.33828735351562,0.4054639285887447
2024-09-30 00:00:00-04:00,133.3382766032863,134.07009486180044,132.5570085142022,133.94151757008316,5321200,0.0,0.0,0.0,9318081,9640760,155.15,112.75,149.1192,139.0917,20660584448,PCX,XLI,133.9415283203125,-1.0750229336053962e-05
2024-10-01 00:00:00-04:00,133.87230696286102,134.6535751186108,132.80425390928556,133.94153608883758,9398600,0.0,0.0,0.0,9318081,9640760,155.15,112.75,149.1192,139.0917,20660584448,PCX,XLI,134.01075744628906,-0.06922135745148239
2024-10-02 00:00:00-04:00,133.76351928710938,134.27777039130555,133.19983343960072,133.5162811279297,5189700,0.0,0.0,0.0,9318081,9640760,155.15,112.75,149.1192,139.0917,20660584448,PCX,XLI,133.76351928710938,-0.2472381591796875
2024-10-03 00:00:00-04:00,133.3778303089435,133.76351485180956,132.58669336253,132.69547252085755,6361400,0.0,0.0,0.0,9318081,9640760,155.15,112.75,149.1192,139.0917,20660584448,PCX,XLI,133.08116149902344,-0.3856889781658879
2024-10-04 00:00:00-04:00,134.1294400677781,134.41622496560373,132.78448604734652,135.05903601504372,5797100,0.0,0.0,0.0,9318081,9640760,155.15,112.75,149.1192,139.0917,20660584448,PCX,XLI,134.01075744628906,1.0482785687546539
2024-10-07 00:00:00-04:00,133.34816774371546,134.2382194721918,133.0218169522712,133.02181276324671,5737800,0.0,0.0,0.0,9318081,9640760,155.15,112.75,149.1192,139.0917,20660584448,PCX,XLI,133.6844024658203,-0.6625897025735981
2024-10-08 00:00:00-04:00,134.19866156761438,134.39644582240655,133.46685831588618,134.49535346214563,4980600,0.0,0.0,0.0,9318081,9640760,155.15,112.75,149.1192,139.0917,20660584448,PCX,XLI,133.98109436035156,0.5142591017940674
2024-10-09 00:00:00-04:00,133.9909833277414,135.2667045019046,133.80308301829768,135.1875928248117,5064800,0.0,0.0,0.0,9318081,9640760,155.15,112.75,149.1192,139.0917,20660584448,PCX,XLI,135.17770385742188,0.00988896738982703
2024-10-10 00:00:00-04:00,134.64366144338138,134.86122862079898,134.0305258106423,133.95140070119388,5495600,0.0,0.0,0.0,9318081,9640760,155.15,112.75,149.1192,139.0917,20660584448,PCX,XLI,134.48544311523438,-0.5340424140404991
2024-10-11 00:00:00-04:00,134.97992518870743,136.93801489799807,134.97992518870743,137.3830471369496,8764800,0.0,0.0,0.0,9318081,9640760,155.15,112.75,149.1192,139.0917,20660584448,PCX,XLI,136.88856506347656,0.4944820734730513
2024-10-14 00:00:00-04:00,136.85889527371197,137.7786138883693,136.32487630614713,137.67971131375103,6817400,0.0,0.0,0.0,9318081,9640760,155.15,112.75,149.1192,139.0917,20660584448,PCX,XLI,137.70938110351562,-0.029669789764597
2024-10-15 00:00:00-04:00,137.85771812731804,138.22363482996465,136.53254706900552,136.7995516234118,7808900,0.0,0.0,0.0,9318081,9640760,155.15,112.75,149.1192,139.0917,20660584448,PCX,XLI,136.65121459960938,0.1483370238024122
2024-10-16 00:00:00-04:00,136.86877920441796,138.00606501437187,136.80944544024084,137.9269457083242,8207800,0.0,0.0,0.0,9318081,9640760,155.15,112.75,149.1192,139.0917,20660584448,PCX,XLI,137.70938110351562,0.21756460480858664
2024-10-17 00:00:00-04:00,137.7291636939815,137.9269479373772,137.0665781791221,137.33359484632524,5065100,0.0,0.0,0.0,9318081,9640760,155.15,112.75,149.1192,139.0917,20660584448,PCX,XLI,137.31381225585938,0.019782590465865724
2024-10-18 00:00:00-04:00,137.66983798543623,137.78850552042314,136.89845373810712,138.08519748250654,4782100,0.0,0.0,0.0,9318081,9640760,155.15,112.75,149.1192,139.0917,20660584448,PCX,XLI,137.7291717529297,0.3560257295768565
2024-10-21 00:00:00-04:00,137.70938441373727,137.90716866240555,136.69078119762327,137.2247957906904,5216700,0.0,0.0,0.0,9318081,9640760,155.15,112.75,149.1192,139.0917,20660584448,PCX,XLI,137.2445831298828,-0.01978733919241904
2024-10-22 00:00:00-04:00,136.64131429809916,136.75009788477658,134.881009051842,134.97989156860697,8579700,0.0,0.0,0.0,9318081,9640760,155.15,112.75,149.1192,139.0917,20660584448,PCX,XLI,135.58316040039062,-0.6032688317836516
2024-10-23 00:00:00-04:00,135.44472465280566,136.01829443764774,134.4953391486399,135.0491558051494,8480700,0.0,0.0,0.0,9318081,9640760,155.15,112.75,149.1192,139.0917,20660584448,PCX,XLI,135.18759155273438,-0.13843574758496402
2024-10-24 00:00:00-04:00,134.97991467653387,134.97991467653387,133.87229581140224,134.05030347047918,6720400,0.0,0.0,0.0,9318081,9640760,155.15,112.75,149.1192,139.0917,20660584448,PCX,XLI,134.2579803466797,-0.2076768762005088
2024-10-25 00:00:00-04:00,134.87113067053116,135.23703225442196,133.625061337334,134.5151126041249,6399300,0.0,0.0,0.0,9318081,9640760,155.15,112.75,149.1192,139.0917,20660584448,PCX,XLI,133.90196228027344,0.6131503238514711
2024-10-28 00:00:00-04:00,134.5744473307969,134.8908990854706,134.25798048615346,134.9700314372422,7132200,0.0,0.0,0.0,9318081,9640760,155.15,112.75,149.1192,139.0917,20660584448,PCX,XLI,134.29754638671875,0.6724850505234485
2024-10-29 00:00:00-04:00,133.89208622771247,134.64367238991497,133.1009341627795,133.71407719450934,11192300,0.0,0.0,0.0,9318081,9640760,155.15,112.75,149.1192,139.0917,20660584448,PCX,XLI,134.11953735351562,-0.40546015900628163
2024-10-30 00:00:00-04:00,133.52617301135973,134.6139938023255,133.29870681536562,133.29871024280504,10469000,0.0,0.0,0.0,9318081,9640760,155.15,112.75,149.1192,139.0917,20660584448,PCX,XLI,133.89207458496094,-0.5933643421558941
2024-10-31 00:00:00-04:00,132.83393420645666,133.18005286567512,131.93399853054134,131.29120959708166,16640000,0.0,0.0,0.0,9318081,9640760,155.15,112.75,149.1192,139.0917,20660584448,PCX,XLI,132.34934997558594,-1.0581403785042767
2024-11-01 00:00:00-04:00,133.02181188365566,133.74374622357124,132.49767686917824,133.19980565806972,7482300,0.0,0.0,0.0,9318081,9640760,155.15,112.75,149.1192,139.0917,20660584448,PCX,XLI,132.52734375,0.672461908069721
2024-11-04 00:00:00-05:00,132.6657979475065,133.3877323076854,132.01311146113844,132.51746725902993,6744400,0.0,0.0,0.0,9318081,9640760,155.15,112.75,149.1192,139.0917,20660584448,PCX,XLI,132.37901306152344,0.13845419750649057
2024-11-05 00:00:00-05:00,132.8438167814505,134.6239051634525,132.50758205650862,135.05904200117706,7469400,0.0,0.0,0.0,9318081,9640760,155.15,112.75,149.1192,139.0917,20660584448,PCX,XLI,134.59423828125,0.4648037199270618
2024-11-06 00:00:00-05:00,139.11366349984507,140.11248370166183,137.63025909260855,144.38467485238414,17738800,0.0,0.0,0.0,9318081,9640760,155.15,112.75,149.1192,139.0917,20660584448,PCX,XLI,139.86524963378906,4.5194252185950745
2024-11-07 00:00:00-05:00,140.26084389557388,140.32017766199417,138.8367731416024,139.42026772369888,10062400,0.0,0.0,0.0,9318081,9640760,155.15,112.75,149.1192,139.0917,20660584448,PCX,XLI,139.02467346191406,0.39559426178482227
2024-11-08 00:00:00-05:00,139.43013868503851,140.95309399459012,139.16312165058207,140.92342481785101,8270000,0.0,0.0,0.0,9318081,9640760,155.15,112.75,149.1192,139.0917,20660584448,PCX,XLI,140.51795959472656,0.40546522312445177
2024-11-11 00:00:00-05:00,141.3091052808227,142.12992420887065,141.27943839944496,142.39693487066646,8237000,0.0,0.0,0.0,9318081,9640760,155.15,112.75,149.1192,139.0917,20660584448,PCX,XLI,141.6057891845703,0.7911456860961437
2024-11-12 00:00:00-05:00,141.94202644672282,142.08047692562624,139.81581942999776,140.7256415590275,7161100,0.0,0.0,0.0,9318081,9640760,155.15,112.75,149.1192,139.0917,20660584448,PCX,XLI,140.389404296875,0.33623726215250826
2024-11-13 00:00:00-05:00,140.53774651482564,141.47723303743842,140.49819570007165,140.83442315056783,6033400,0.0,0.0,0.0,9318081,9640760,155.15,112.75,149.1192,139.0917,20660584448,PCX,XLI,140.6860809326172,0.14834221795064195
2024-11-14 00:00:00-05:00,140.54762802855552,140.7355283478404,138.16430291386143,138.1741844250399,9977100,0.0,0.0,0.0,9318081,9640760,155.15,112.75,149.1192,139.0917,20660584448,PCX,XLI,138.31263732910156,-0.13845290406166555
2024-11-15 00:00:00-05:00,137.828056132435,138.65877414603406,137.21492041594377,137.086356913685,6628500,0.0,0.0,0.0,9318081,9640760,155.15,112.75,149.1192,139.0917,20660584448,PCX,XLI,137.57093811035156,-0.48458119666656785
2024-11-18 00:00:00-05:00,137.55114347974796,137.94672704548887,137.0467914096447,137.36323149244328,6414200,0.0,0.0,0.0,9318081,9640760,155.15,112.75,149.1192,139.0917,20660584448,PCX,XLI,137.38302612304688,-0.019794630603598762
2024-11-19 00:00:00-05:00,136.53254024177954,137.62037618448778,136.29520519243962,136.41387263924048,5554700,0.0,0.0,0.0,9318081,9640760,155.15,112.75,149.1192,139.0917,20660584448,PCX,XLI,137.2643585205078,-0.8504858812673319
2024-11-20 00:00:00-05:00,137.5907055811436,137.73903998296822,136.40397000666786,137.73903626962016,6527600,0.0,0.0,0.0,9318081,9640760,155.15,112.75,149.1192,139.0917,20660584448,PCX,XLI,137.41268920898438,0.3263470606357828
2024-11-21 00:00:00-05:00,138.0752842628402,139.61802250868658,137.54126528926673,139.79604842299645,9677300,0.0,0.0,0.0,9318081,9640760,155.15,112.75,149.1192,139.0917,20660584448,PCX,XLI,139.13345336914062,0.6625950538558243
2024-11-22 00:00:00-05:00,139.49935693464852,141.11132798872592,139.3707903823687,141.43766565046883,7924300,0.0,0.0,0.0,9318081,9640760,155.15,112.75,149.1192,139.0917,20660584448,PCX,XLI,141.07176208496094,0.3659035655078924
2024-11-25 00:00:00-05:00,141.79370120523754,142.33760413540188,141.33878383658634,142.67385867594066,7411700,0.0,0.0,0.0,9318081,9640760,155.15,112.75,149.1192,139.0917,20660584448,PCX,XLI,141.95191955566406,0.7219391202766019
2024-11-26 00:00:00-05:00,141.783806309222,142.37717418299275,141.2497872948058,141.9519429059017,6524900,0.0,0.0,0.0,9318081,9640760,155.15,112.75,149.1192,139.0917,20660584448,PCX,XLI,142.12005615234375,-0.16811324644206138
2024-11-27 00:00:00-05:00,142.55517097044958,142.9111886654277,141.5563506742475,142.03101630736364,5561100,0.0,0.0,0.0,9318081,9640760,155.15,112.75,149.1192,139.0917,20660584448,PCX,XLI,141.5959014892578,0.43511481810583064
2024-11-29 00:00:00-05:00,141.81345825792758,142.66394407277303,141.81345825792758,142.61449890734164,3091500,0.0,0.0,0.0,9318081,9640760,155.15,112.75,149.1192,139.0917,20660584448,PCX,XLI,142.39694213867188,0.21755676866976614
2024-12-02 00:00:00-05:00,142.3079327836626,142.5156160539109,141.1607781017223,141.25965397506886,6217500,0.0,0.0,0.0,9318081,9640760,155.15,112.75,149.1192,139.0917,20660584448,PCX,XLI,141.34866333007812,-0.08900935500926721
2024-12-03 00:00:00-05:00,141.39811996972765,141.63547013429525,139.993832115139,140.50809006250108,4528000,0.0,0.0,0.0,9318081,9640760,155.15,112.75,149.1192,139.0917,20660584448,PCX,XLI,140.45863342285156,0.049456639649520184
2024-12-04 00:00:00-05:00,140.47840933822445,141.08166110588763,140.09272477135593,141.09153800033383,5727700,0.0,0.0,0.0,9318081,9640760,155.15,112.75,149.1192,139.0917,20660584448,PCX,XLI,141.07176208496094,0.019775915372889585
2024-12-05 00:00:00-05:00,141.07177189015638,141.19045451972946,139.33124925279503,139.36092594289076,5233900,0.0,0.0,0.0,9318081,9640760,155.15,112.75,149.1192,139.0917,20660584448,PCX,XLI,139.3609161376953,9.80519544668823e-06
2024-12-06 00:00:00-05:00,139.77625191319208,140.09271876987106,138.77743169049344,139.42021858799677,5432800,0.0,0.0,0.0,9318081,9640760,155.15,112.75,149.1192,139.0917,20660584448,PCX,XLI,139.0048828125,0.4153357754967715
2024-12-09 00:00:00-05:00,139.03455604176307,139.19278947732678,137.71926890233533,137.82805884938026,7434200,0.0,0.0,0.0,9318081,9640760,155.15,112.75,149.1192,139.0917,20660584448,PCX,XLI,137.7983856201172,0.029673229263067924
2024-12-10 00:00:00-05:00,137.63027557861997,137.97640935109138,136.66112214166054,137.29404816162779,7382800,0.0,0.0,0.0,9318081,9640760,155.15,112.75,149.1192,139.0917,20660584448,PCX,XLI,137.462158203125,-0.16811004149721498
2024-12-11 00:00:00-05:00,138.17417783770296,138.38184600550184,137.08634189695144,137.85769529375764,6168900,0.0,0.0,0.0,9318081,9640760,155.15,112.75,149.1192,139.0917,20660584448,PCX,XLI,137.1456756591797,0.7120196345779561
2024-12-12 00:00:00-05:00,137.21490362068192,137.41268785115025,136.1963004982989,136.3347461499788,7081600,0.0,0.0,0.0,9318081,9640760,155.15,112.75,149.1192,139.0917,20660584448,PCX,XLI,136.26551818847656,0.06922796150223576
2024-12-13 00:00:00-05:00,136.42376650821606,136.57211601474629,135.77106489541387,136.06776370059887,6709900,0.0,0.0,0.0,9318081,9640760,155.15,112.75,149.1192,139.0917,20660584448,PCX,XLI,135.90951538085938,0.15824831973949927
2024-12-16 00:00:00-05:00,136.05786512555125,136.5325503493423,135.593063832891,136.17654798687937,6573400,0.0,0.0,0.0,9318081,9640760,155.15,112.75,149.1192,139.0917,20660584448,PCX,XLI,136.0281982421875,0.14834974469187046
2024-12-17 00:00:00-05:00,135.4447203416308,135.75128817583106,134.4656679863077,134.19864185041988,6861700,0.0,0.0,0.0,9318081,9640760,155.15,112.75,149.1192,139.0917,20660584448,PCX,XLI,134.78211975097656,-0.5834779005566872
2024-12-18 00:00:00-05:00,134.97002762424614,135.27659547562837,130.88573079619593,131.16263931858208,13428100,0.0,0.0,0.0,9318081,9640760,155.15,112.75,149.1192,139.0917,20660584448,PCX,XLI,130.9747314453125,0.18790787326958025
2024-12-19 00:00:00-05:00,131.60766145732853,132.56693099828897,130.75717552688852,131.43955537822697,12507400,0.0,0.0,0.0,9318081,9640760,155.15,112.75,149.1192,139.0917,20660584448,PCX,XLI,130.80662536621094,0.6329300120160326
2024-12-20 00:00:00-05:00,130.67804145738435,133.31849955503975,130.3516906691388,132.21087837144685,11849600,0.0,0.0,0.0,9318081,9640760,155.15,112.75,149.1192,139.0917,20660584448,PCX,XLI,132.33946228027344,-0.12858390882658455
2024-12-23 00:00:00-05:00,132.18044827525617,132.5084412684041,131.20640296254894,132.15063260142804,8022300,0.67,0.0,0.0,9318081,9640760,155.15,112.75,149.1192,139.0917,20660584448,PCX,XLI,132.3096466064453,-0.15901400501726926
2024-12-24 00:00:00-05:00,132.1704828337347,133.4029398198499,131.922004703414,133.20414372240657,2972900,0.0,0.0,0.0,9318081,9640760,155.15,112.75,149.1192,139.0917,20660584448,PCX,XLI,133.3433074951172,-0.1391637727106172
2024-12-26 00:00:00-05:00,133.0351953857078,133.770680936134,132.697253606589,133.13457587887186,4749500,0.0,0.0,0.0,9318081,9640760,155.15,112.75,149.1192,139.0917,20660584448,PCX,XLI,133.44268798828125,-0.30811210940939304
2024-12-27 00:00:00-05:00,132.67738704294015,133.44268875978656,131.68347452827078,131.6834752997761,6060000,0.0,0.0,0.0,9318081,9640760,155.15,112.75,149.1192,139.0917,20660584448,PCX,XLI,132.4487762451172,-0.7653009453410959
2024-12-30 00:00:00-05:00,131.0076123709187,131.73316429472746,129.8447364932848,129.67577948517652,8725500,0.0,0.0,0.0,9318081,9640760,155.15,112.75,149.1192,139.0917,20660584448,PCX,XLI,131.116943359375,-1.4411638741984802
2024-12-31 00:00:00-05:00,131.5244537107718,131.72323319386257,130.56035729358413,131.36542661116243,6009800,0.0,0.0,0.0,9318081,9640760,155.15,112.75,149.1192,139.0917,20660584448,PCX,XLI,130.95791625976562,0.4075103513968088
2025-01-02 00:00:00-05:00,131.92202021479156,132.14068220845616,129.9143276051851,131.46483637690093,7227600,0.0,0.0,0.0,9318081,9640760,155.15,112.75,149.1192,139.0917,20660584448,PCX,XLI,130.500732421875,0.9641039550259336
2025-01-03 00:00:00-05:00,130.95791610743277,132.1903731666057,130.5305409775799,132.36926254297964,7676100,0.0,0.0,0.0,9318081,9640760,155.15,112.75,149.1192,139.0917,20660584448,PCX,XLI,131.91207885742188,0.4571836855577658
2025-01-06 00:00:00-05:00,132.58793678190634,133.0053934262238,131.38531101059604,132.2996982565157,6899500,0.0,0.0,0.0,9318081,9640760,155.15,112.75,149.1192,139.0917,20660584448,PCX,XLI,131.62384033203125,0.6758579244844611
2025-01-07 00:00:00-05:00,131.92201931689985,132.34940963466383,131.04738651409772,131.79282314990766,6841200,0.0,0.0,0.0,9318081,9640760,155.15,112.75,149.1192,139.0917,20660584448,PCX,XLI,131.49464416503906,0.2981789848685992
2025-01-08 00:00:00-05:00,131.2461576852842,132.14067293044846,130.45102459741477,131.76298812962014,8277600,0.0,0.0,0.0,9318081,9640760,155.15,112.75,149.1192,139.0917,20660584448,PCX,XLI,132.011474609375,-0.2484864797548596
2025-01-10 00:00:00-05:00,131.32568123640402,131.44494589944304,130.25225377134328,129.84475472273215,9997300,0.0,0.0,0.0,9318081,9640760,155.15,112.75,149.1192,139.0917,20660584448,PCX,XLI,130.53054809570312,-0.6857933729709771
2025-01-13 00:00:00-05:00,129.7950527959999,132.14068731938718,129.65590562791354,131.32567718564835,8365400,0.0,0.0,0.0,9318081,9640760,155.15,112.75,149.1192,139.0917,20660584448,PCX,XLI,132.06117248535156,-0.7354952997032171
2025-01-14 00:00:00-05:00,132.99542756961958,133.8203767544243,132.39908917646383,134.55585237430708,6746700,0.0,0.0,0.0,9318081,9640760,155.15,112.75,149.1192,139.0917,20660584448,PCX,XLI,133.62159729003906,0.9342550842680168
2025-01-15 00:00:00-05:00,135.59947504824362,135.8082033461676,134.2179372803598,136.444293163478,9184200,0.0,0.0,0.0,9318081,9640760,155.15,112.75,149.1192,139.0917,20660584448,PCX,XLI,134.46641540527344,1.9778777582045564
2025-01-16 00:00:00-05:00,134.83417755235598,136.29523018573303,134.68508157321247,136.46419769395754,6556500,0.0,0.0,0.0,9318081,9640760,155.15,112.75,149.1192,139.0917,20660584448,PCX,XLI,136.096435546875,0.3677621470825443
2025-01-17 00:00:00-05:00,136.9710855733015,137.41834318593732,136.3747471450877,137.78610327349682,6869200,0.0,0.0,0.0,9318081,9640760,155.15,112.75,149.1192,139.0917,20660584448,PCX,XLI,136.9114532470703,0.874650026426508
2025-01-21 00:00:00-05:00,138.11409442959345,139.72422790527344,138.11409442959345,140.92686908779658,12177700,0.0,0.0,0.0,9318081,9640760,155.15,112.75,149.1192,139.0917,20660584448,PCX,XLI,139.72422790527344,1.2026411825231378
2025-01-22 00:00:00-05:00,140.16155717231055,140.31063799390074,139.33660790573893,139.83356950141211,7206000,0.0,0.0,0.0,9318081,9640760,155.15,112.75,149.1192,139.0917,20660584448,PCX,XLI,139.396240234375,0.4373292670371143
2025-01-23 00:00:00-05:00,140.28082944263423,141.03619758952266,139.7043582913628,141.69219113697017,7353400,0.0,0.0,0.0,9318081,9640760,155.15,112.75,149.1192,139.0917,20660584448,PCX,XLI,140.80760192871094,0.8845892082592286
2025-01-24 00:00:00-05:00,140.73803039994783,140.78771389728692,139.93294845359657,140.1416864058072,6457700,0.0,0.0,0.0,9318081,9640760,155.15,112.75,149.1192,139.0917,20660584448,PCX,XLI,140.2112579345703,-0.06957152876310602
2025-01-27 00:00:00-05:00,138.08427026304153,138.66074139105288,137.65689512459846,136.20576074155716,10909300,0.0,0.0,0.0,9318081,9640760,155.15,112.75,149.1192,139.0917,20660584448,PCX,XLI,138.33274841308594,-2.1269876715287808
2025-01-28 00:00:00-05:00,138.6607409661414,138.78002079061105,137.01085758098853,137.74634277278201,8900000,0.0,0.0,0.0,9318081,9640760,155.15,112.75,149.1192,139.0917,20660584448,PCX,XLI,137.41835021972656,0.32799255305545216
2025-01-29 00:00:00-05:00,137.50780615506304,138.3824388785928,136.8717027352678,137.0406583279146,9100900,0.0,0.0,0.0,9318081,9640760,155.15,112.75,149.1192,139.0917,20660584448,PCX,XLI,136.95120239257812,0.08945593533647411
2025-01-30 00:00:00-05:00,136.75242868647464,138.74025385292992,136.75242868647464,138.28306833491214,8169600,0.0,0.0,0.0,9318081,9640760,155.15,112.75,149.1192,139.0917,20660584448,PCX,XLI,138.48184204101562,-0.19877370610348066
2025-01-31 00:00:00-05:00,138.44207759257264,138.88935038951684,137.34878284623773,137.46804805155702,10144700,0.0,0.0,0.0,9318081,9640760,155.15,112.75,149.1192,139.0917,20660584448,PCX,XLI,137.5078125,-0.03976444844298044
2025-02-03 00:00:00-05:00,135.1025222384611,137.13011228228856,134.50618382302477,133.74084316131265,13906700,0.0,0.0,0.0,9318081,9640760,155.15,112.75,149.1192,139.0917,20660584448,PCX,XLI,136.14613342285156,-2.4052902615389087
2025-02-04 00:00:00-05:00,136.27534631419138,136.91144972077709,135.88772103777043,136.31511071848826,7577200,0.0,0.0,0.0,9318081,9640760,155.15,112.75,149.1192,139.0917,20660584448,PCX,XLI,136.18589782714844,0.12921289133981873
2025-02-05 00:00:00-05:00,136.66296992665275,136.90151438843102,135.33113080500206,136.7623504198168,8179200,0.0,0.0,0.0,9318081,9640760,155.15,112.75,149.1192,139.0917,20660584448,PCX,XLI,136.2852783203125,0.47707209950431206
2025-02-06 00:00:00-05:00,136.5536443173464,137.04066692542796,135.95729072238535,137.16988577242452,7368300,0.0,0.0,0.0,9318081,9640760,155.15,112.75,149.1192,139.0917,20660584448,PCX,XLI,136.90151977539062,0.2683659970338965
2025-02-07 00:00:00-05:00,137.52768098097067,137.69664430229088,136.2157242412304,137.12017976026755,10408900,0.0,0.0,0.0,9318081,9640760,155.15,112.75,149.1192,139.0917,20660584448,PCX,XLI,136.4940185546875,0.626161205580047
2025-02-10 00:00:00-05:00,137.37859558540427,137.7662208780963,136.7921908134167,138.60109924751364,5446400,0.0,0.0,0.0,9318081,9640760,155.15,112.75,149.1192,139.0917,20660584448,PCX,XLI,137.71652221679688,0.8845770307167697
2025-02-11 00:00:00-05:00,137.259330148574,137.83578608547435,136.86175602634714,137.30902802455057,5787700,0.0,0.0,0.0,9318081,9640760,155.15,112.75,149.1192,139.0917,20660584448,PCX,XLI,137.76622009277344,-0.4571920682228665
2025-02-12 00:00:00-05:00,135.7982760483497,137.3984758544615,135.57961407490075,134.94350920264657,7694300,0.0,0.0,0.0,9318081,9640760,155.15,112.75,149.1192,139.0917,20660584448,PCX,XLI,136.9114532470703,-1.9679440444237457
2025-02-13 00:00:00-05:00,136.90151733140337,137.40840726193983,136.47412705726737,137.0406622288643,8539100,0.0,0.0,0.0,9318081,9640760,155.15,112.75,149.1192,139.0917,20660584448,PCX,XLI,137.05059814453125,-0.009935915666943629
2025-02-14 00:00:00-05:00,137.23944945064713,137.40841276759593,136.55364735097697,136.901528308069,5800000,0.0,0.0,0.0,9318081,9640760,155.15,112.75,149.1192,139.0917,20660584448,PCX,XLI,136.71267700195312,0.18885130611587897
2025-02-18 00:00:00-05:00,137.17981502999018,138.04451409938872,137.04066787898466,138.25324032295893,7226600,0.0,0.0,0.0,9318081,9640760,155.15,112.75,149.1192,139.0917,20660584448,PCX,XLI,137.78610229492188,0.4671380280370556
2025-02-19 00:00:00-05:00,137.44815825452864,138.23335765272503,137.2295114487227,137.58730315198957,9454100,0.0,0.0,0.0,9318081,9640760,155.15,112.75,149.1192,139.0917,20660584448,PCX,XLI,137.9252471923828,-0.3379440403932392
2025-02-20 00:00:00-05:00,137.76621687080504,137.7860993679269,136.03680360284395,136.86175214912535,9306700,0.0,0.0,0.0,9318081,9640760,155.15,112.75,149.1192,139.0917,20660584448,PCX,XLI,137.02078247070312,-0.15903032157777375
2025-02-21 00:00:00-05:00,137.15993234711732,137.15993234711732,133.4923925991175,134.1583149154767,14561200,0.0,0.0,0.0,9318081,9640760,155.15,112.75,149.1192,139.0917,20660584448,PCX,XLI,134.0191650390625,0.1391498764141943
2025-02-24 00:00:00-05:00,134.53599830673417,134.77454276947302,133.23397534182502,133.9297055821248,10876100,0.0,0.0,0.0,9318081,9640760,155.15,112.75,149.1192,139.0917,20660584448,PCX,XLI,133.41287231445312,0.5168332676716716
2025-02-25 00:00:00-05:00,133.4228253387197,134.5757523634361,132.6773909308737,134.10863161313375,9898500,0.0,0.0,0.0,9318081,9640760,155.15,112.75,149.1192,139.0917,20660584448,PCX,XLI,134.0986785888672,0.00995302426656508
2025-02-26 00:00:00-05:00,134.7844793912679,135.52991379203826,133.9992951621198,134.86399294107258,8330400,0.0,0.0,0.0,9318081,9640760,155.15,112.75,149.1192,139.0917,20660584448,PCX,XLI,134.17819213867188,0.6858008024007063
2025-02-27 00:00:00-05:00,134.4862948302765,135.59947195137815,133.53214734530388,134.01914700312807,9624600,0.0,0.0,0.0,9318081,9640760,155.15,112.75,149.1192,139.0917,20660584448,PCX,XLI,133.71104431152344,0.3081026916046312
2025-02-28 00:00:00-05:00,134.07880390480358,135.62932030283508,133.42283311375868,135.86786640480358,9888000,0.0,0.0,0.0,9318081,9640760,155.15,112.75,149.1192,139.0917,20660584448,PCX,XLI,135.50010681152344,0.36775959328014096
2025-03-03 00:00:00-05:00,136.2852762752559,136.80211501840265,132.85628120536737,134.35706887779497,12683000,0.0,0.0,0.0,9318081,9640760,155.15,112.75,149.1192,139.0917,20660584448,PCX,XLI,133.5718994140625,0.7851694637324727
2025-03-04 00:00:00-05:00,132.100924725466,133.18428579848788,129.99381974181065,129.49689030163788,15191300,0.0,0.0,0.0,9318081,9640760,155.15,112.75,149.1192,139.0917,20660584448,PCX,XLI,130.96786499023438,-1.470974688596499
2025-03-05 00:00:00-05:00,131.4350022004886,133.58184180084018,131.29585504892967,133.50233923662142,12117600,0.0,0.0,0.0,9318081,9640760,155.15,112.75,149.1192,139.0917,20660584448,PCX,XLI,133.0352020263672,0.4671372102542364
2025-03-06 00:00:00-05:00,131.66360100776723,132.78672707900185,130.93804906904606,130.52059563667348,12029100,0.0,0.0,0.0,9318081,9640760,155.15,112.75,149.1192,139.0917,20660584448,PCX,XLI,131.89219665527344,-1.3716010185999608
2025-03-07 00:00:00-05:00,131.14675270958008,133.7806299615901,130.72931127513462,132.6873105709082,17504500,0.0,0.0,0.0,9318081,9640760,155.15,112.75,149.1192,139.0917,20660584448,PCX,XLI,133.43275451660156,-0.7454439456933528
2025-03-10 00:00:00-04:00,131.73317586369572,133.2638098365059,130.30195438807925,129.64597188420353,15123900,0.0,0.0,0.0,9318081,9640760,155.15,112.75,149.1192,139.0917,20660584448,PCX,XLI,131.34555053710938,-1.699578652905842
2025-03-11 00:00:00-04:00,131.0473757486515,131.21633906219785,128.6321603665314,129.02972132970618,13176800,0.0,0.0,0.0,9318081,9640760,155.15,112.75,149.1192,139.0917,20660584448,PCX,XLI,129.32789611816406,-0.29817478845788514
2025-03-12 00:00:00-04:00,130.51065467477363,130.6895668202631,128.2047854422013,130.50072120309395,12728100,0.0,0.0,0.0,9318081,9640760,155.15,112.75,149.1192,139.0917,20660584448,PCX,XLI,129.31796264648438,1.1827585566095706
2025-03-13 00:00:00-04:00,129.00985832943067,129.60619678903967,127.47922443470526,127.68795891536817,10596900,0.0,0.0,0.0,9318081,9640760,155.15,112.75,149.1192,139.0917,20660584448,PCX,XLI,127.99606323242188,-0.30810431705370434
2025-03-14 00:00:00-04:00,129.21857935949652,130.58025001537945,128.6818731965401,131.55428797766058,8920000,0.0,0.0,0.0,9318081,9640760,155.15,112.75,149.1192,139.0917,20660584448,PCX,XLI,130.33177185058594,1.2225161270746412
2025-03-17 00:00:00-04:00,130.14292722667903,132.73703989783596,130.00378005973934,131.94190793956966,6918300,0.0,0.0,0.0,9318081,9640760,155.15,112.75,149.1192,139.0917,20660584448,PCX,XLI,132.13075256347656,-0.1888446239069026
2025-03-18 00:00:00-04:00,131.5741504974613,131.7729299777185,130.33175978847603,130.52059214785191,8051800,0.0,0.0,0.0,9318081,9640760,155.15,112.75,149.1192,139.0917,20660584448,PCX,XLI,131.0771942138672,-0.5566020660152731
2025-03-19 00:00:00-04:00,131.50455657928126,133.57189633836336,131.34552694414398,133.24389068572657,8274900,0.0,0.0,0.0,9318081,9640760,155.15,112.75,149.1192,139.0917,20660584448,PCX,XLI,132.8165283203125,0.42736236541406925
2025-03-20 00:00:00-04:00,131.76300943245877,133.12466493200873,131.51453126591878,131.09711587777127,8078300,0.0,0.0,0.0,9318081,9640760,155.15,112.75,149.1192,139.0917,20660584448,PCX,XLI,132.150634765625,-1.053518887853727
2025-03-21 00:00:00-04:00,131.00762230208557,131.6039759508547,130.18267299317964,130.30193382552307,10036500,0.0,0.0,0.0,9318081,9640760,155.15,112.75,149.1192,139.0917,20660584448,PCX,XLI,131.4449462890625,-1.143012463539435
2025-03-24 00:00:00-04:00,133.0251162767049,134.11182037136524,132.69613100686342,135.46267731186114,8446800,0.405,0.0,0.0,9318081,9640760,155.15,112.75,149.1192,139.0917,20660584448,PCX,XLI,133.88250732421875,1.5801699876423925
2025-03-25 00:00:00-04:00,134.1516888612767,134.53054065772258,133.43387241142543,134.35109071674546,5337100,0.0,0.0,0.0,9318081,9640760,155.15,112.75,149.1192,139.0917,20660584448,PCX,XLI,134.0819091796875,0.26918153705796044
2025-03-26 00:00:00-04:00,134.291263631098,134.9692081513767,132.7958152271604,133.40396504711362,6899300,0.0,0.0,0.0,9318081,9640760,155.15,112.75,149.1192,139.0917,20660584448,PCX,XLI,133.19461059570312,0.20935445141049058
2025-03-27 00:00:00-04:00,133.1547358201845,133.6033673405377,131.8686567668402,132.4468958543642,8414000,0.0,0.0,0.0,9318081,9640760,155.15,112.75,149.1192,139.0917,20660584448,PCX,XLI,132.4867706298828,-0.03987477551862639
2025-03-28 00:00:00-04:00,132.04808982567425,132.39703386841836,129.68528623691253,129.3163851137602,10196800,0.0,0.0,0.0,9318081,9640760,155.15,112.75,149.1192,139.0917,20660584448,PCX,XLI,129.75506591796875,-0.43868080420855904
2025-03-31 00:00:00-04:00,128.7481505251002,131.4499342789336,128.0303340005574,129.6653868532252,9650200,0.0,0.0,0.0,9318081,9640760,155.15,112.75,149.1192,139.0917,20660584448,PCX,XLI,130.67230224609375,-1.0069153928685637
2025-04-01 00:00:00-04:00,130.3731966422571,131.68918333255291,129.25658481830757,131.11092857585086,8722200,0.0,0.0,0.0,9318081,9640760,155.15,112.75,149.1192,139.0917,20660584448,PCX,XLI,131.4100341796875,-0.29910560383663665
2025-04-02 00:00:00-04:00,129.91459458661,133.10488170193548,129.86474326039624,131.1508464176647,6398000,0.0,0.0,0.0,9318081,9640760,155.15,112.75,149.1192,139.0917,20660584448,PCX,XLI,132.6462860107422,-1.4954395930774922
2025-04-03 00:00:00-04:00,128.19980811604515,129.31641997837758,125.37840113296204,121.0216464949514,15962200,0.0,0.0,0.0,9318081,9640760,155.15,112.75,149.1192,139.0917,20660584448,PCX,XLI,125.46812438964844,-4.44647789469704
2025-04-04 00:00:00-04:00,121.87904992175244,122.30774545272088,117.43258406435032,113.99305596423291,28516400,0.0,0.0,0.0,9318081,9640760,155.15,112.75,149.1192,139.0917,20660584448,PCX,XLI,117.5821304321289,-3.5890744678959976
2025-04-07 00:00:00-04:00,114.30211443914816,121.4304204293284,112.40787816391752,113.75378222479269,42518300,0.0,0.0,0.0,9318081,9640760,155.15,112.75,149.1192,139.0917,20660584448,PCX,XLI,117.03379821777344,-3.2800159929807506
2025-04-08 00:00:00-04:00,120.67272609555796,121.30081173193956,114.29214426061132,119.7056698211439,21272000,0.0,0.0,0.0,9318081,9640760,155.15,112.75,149.1192,139.0917,20660584448,PCX,XLI,116.06674194335938,3.638927877784525
2025-04-09 00:00:00-04:00,114.88035363923262,127.16296997651212,114.88035363923262,125.18897790681075,36610700,0.0,0.0,0.0,9318081,9640760,155.15,112.75,149.1192,139.0917,20660584448,PCX,XLI,126.3753662109375,-1.1863883041267513
2025-04-10 00:00:00-04:00,124.08234569233686,124.60077209737965,119.54615648255673,120.82226726216108,26234000,0.0,0.0,0.0,9318081,9640760,155.15,112.75,149.1192,139.0917,20660584448,PCX,XLI,123.11528778076172,-2.293020518600642
2025-04-11 00:00:00-04:00,122.83613877565664,125.93670260492516,121.61983944633018,125.00952439577382,13750300,0.0,0.0,0.0,9318081,9640760,155.15,112.75,149.1192,139.0917,20660584448,PCX,XLI,125.2886734008789,-0.2791490051050829
2025-04-14 00:00:00-04:00,126.80406555152447,127.43215118314866,125.53791489561864,128.11009582496197,8060500,0.0,0.0,0.0,9318081,9640760,155.15,112.75,149.1192,139.0917,20660584448,PCX,XLI,126.5947036743164,1.5153921506455674
2025-04-15 00:00:00-04:00,126.38532988027154,127.42217505077976,125.77718784221524,125.75723234609185,6230200,0.0,0.0,0.0,9318081,9640760,155.15,112.75,149.1192,139.0917,20660584448,PCX,XLI,125.96660614013672,-0.20937379404486478
2025-04-16 00:00:00-04:00,125.35845607262505,126.04636479069852,123.26482977277487,123.63370936852348,8043500,0.0,0.0,0.0,9318081,9640760,155.15,112.75,149.1192,139.0917,20660584448,PCX,XLI,124.24185943603516,-0.6081500675116729
2025-04-17 00:00:00-04:00,124.33158611209254,126.10618376370238,124.29170657308237,125.00952648074488,7850400,0.0,0.0,0.0,9318081,9640760,155.15,112.75,149.1192,139.0917,20660584448,PCX,XLI,124.9197998046875,0.08972667605738138
2025-04-21 00:00:00-04:00,123.71346012096338,123.97267331188272,120.77241458479,120.9119769666665,9083500,0.0,0.0,0.0,9318081,9640760,155.15,112.75,149.1192,139.0917,20660584448,PCX,XLI,122.11831665039062,-1.2063396837241243
2025-04-22 00:00:00-04:00,123.11528321836734,124.80015756295188,122.7464108041642,125.24878999326967,7493200,0.0,0.0,0.0,9318081,9640760,155.15,112.75,149.1192,139.0917,20660584448,PCX,XLI,124.25182342529295,0.9969665679767132
2025-04-23 00:00:00-04:00,127.6415115421488,128.73817984721035,125.43821835821988,129.1967865055277,9718300,0.0,0.0,0.0,9318081,9640760,155.15,112.75,149.1192,139.0917,20660584448,PCX,XLI,125.80709838867188,3.389688116855851
2025-04-24 00:00:00-04:00,125.75724364624487,128.86777153609552,125.37839944603706,128.5786547790574,7145400,0.0,0.0,0.0,9318081,9640760,155.15,112.75,149.1192,139.0917,20660584448,PCX,XLI,128.62850952148438,-0.0498547424270015
2025-04-25 00:00:00-04:00,128.3194527548382,129.1070489079634,127.7113031128726,128.30947350679133,5826900,0.0,0.0,0.0,9318081,9640760,155.15,112.75,149.1192,139.0917,20660584448,PCX,XLI,128.6185302734375,-0.3090567666461652
2025-04-28 00:00:00-04:00,128.837871722764,129.90463231192908,127.83094185342642,129.266582660264,6202200,0.0,0.0,0.0,9318081,9640760,155.15,112.75,149.1192,139.0917,20660584448,PCX,XLI,129.0472412109375,0.21934144932649247
2025-04-29 00:00:00-04:00,128.65842578755732,130.14389493486632,128.54875895277368,129.4958739076745,5040600,0.0,0.0,0.0,9318081,9640760,155.15,112.75,149.1192,139.0917,20660584448,PCX,XLI,129.8846893310547,-0.38881542338017994
2025-04-30 00:00:00-04:00,129.0173329233827,131.19071081429266,127.46206128281926,129.95448197123426,7532300,0.0,0.0,0.0,9318081,9640760,155.15,112.75,149.1192,139.0917,20660584448,PCX,XLI,130.82183837890625,-0.8673564076719913
2025-05-01 00:00:00-04:00,131.38013474213997,132.755952234386,130.85174415417367,132.36713425385872,9338700,0.0,0.0,0.0,9318081,9640760,155.15,112.75,149.1192,139.0917,20660584448,PCX,XLI,131.808837890625,0.5582963632337226
2025-05-02 00:00:00-04:00,133.48373734918331,134.70003672368767,133.29431143163913,135.84654557672238,7227600,0.0,0.0,0.0,9318081,9640760,155.15,112.75,149.1192,139.0917,20660584448,PCX,XLI,134.17164611816406,1.6748994585583148
2025-05-05 00:00:00-04:00,133.35412570172724,135.0390001579384,133.2644024402991,133.42390414411005,4523400,0.0,0.0,0.0,9318081,9640760,155.15,112.75,149.1192,139.0917,20660584448,PCX,XLI,134.24142456054688,-0.817520416436821
2025-05-06 00:00:00-04:00,132.8357046084356,133.82269083567212,132.55655545199616,131.65928248929498,5404100,0.0,0.0,0.0,9318081,9640760,155.15,112.75,149.1192,139.0917,20660584448,PCX,XLI,133.06500244140625,-1.4057199521112693
2025-05-07 00:00:00-04:00,133.4637860170863,134.33115647265657,133.01515451937118,134.14171875634412,5304600,0.0,0.0,0.0,9318081,9640760,155.15,112.75,149.1192,139.0917,20660584448,PCX,XLI,133.74293518066406,0.3987835756800564
2025-05-08 00:00:00-04:00,134.7797863213003,136.93323573897086,134.5305449131205,136.62417719044092,7914800,0.0,0.0,0.0,9318081,9640760,155.15,112.75,149.1192,139.0917,20660584448,PCX,XLI,135.5873260498047,1.0368511406362302
2025-05-09 00:00:00-04:00,135.85650911678255,136.1456224527045,134.78974860280252,135.96617403377473,4541200,0.0,0.0,0.0,9318081,9640760,155.15,112.75,149.1192,139.0917,20660584448,PCX,XLI,135.69699096679688,0.26918306697785965
2025-05-12 00:00:00-04:00,139.88424701685403,139.9241341615908,138.55828088539266,144.06153888697122,8321800,0.0,0.0,0.0,9318081,9640760,155.15,112.75,149.1192,139.0917,20660584448,PCX,XLI,139.87428283691406,4.187256050057158
2025-05-13 00:00:00-04:00,140.3229125332679,141.74856608329893,140.1633943813448,141.29993279693977,9795200,0.0,0.0,0.0,9318081,9640760,155.15,112.75,149.1192,139.0917,20660584448,PCX,XLI,140.85130310058594,0.44862969635383365
2025-05-14 00:00:00-04:00,140.76157641817625,140.9908742481786,139.77457499122846,140.08364367891843,6517700,0.0,0.0,0.0,9318081,9640760,155.15,112.75,149.1192,139.0917,20660584448,PCX,XLI,140.17337036132812,-0.08972668240969028
2025-05-15 00:00:00-04:00,140.57215391283384,141.94797135104082,140.372763829214,142.12742124681822,5761900,0.0,0.0,0.0,9318081,9640760,155.15,112.75,149.1192,139.0917,20660584448,PCX,XLI,141.7286376953125,0.39878355150571565
2025-05-16 00:00:00-04:00,141.94797366187277,143.34371948242188,141.4793985908695,143.56305544898214,5384200,0.0,0.0,0.0,9318081,9640760,155.15,112.75,149.1192,139.0917,20660584448,PCX,XLI,143.34371948242188,0.21933596656026566
2025-05-19 00:00:00-04:00,141.95794450110998,143.95187588828057,141.95794450110998,142.44646989173498,5459200,0.0,0.0,0.0,9318081,9640760,155.15,112.75,149.1192,139.0917,20660584448,PCX,XLI,143.83224487304688,-1.3857749813118971
2025-05-20 00:00:00-04:00,143.25399675082903,144.02166456119198,142.75551392559126,142.73556413364153,6825700,0.0,0.0,0.0,9318081,9640760,155.15,112.75,149.1192,139.0917,20660584448,PCX,XLI,143.31381225585938,-0.5782481222178433
2025-05-21 00:00:00-04:00,142.5461409529451,142.95490051062225,140.68182010023028,140.12351827228105,9600200,0.0,0.0,0.0,9318081,9640760,155.15,112.75,149.1192,139.0917,20660584448,PCX,XLI,140.8911895751953,-0.7676713029142661
2025-05-22 00:00:00-04:00,140.63196925456964,141.72863753194707,140.1035786879664,140.60204676921808,8993200,0.0,0.0,0.0,9318081,9640760,155.15,112.75,149.1192,139.0917,20660584448,PCX,XLI,140.86126708984375,-0.2592203206256727
2025-05-23 00:00:00-04:00,139.26613916934554,140.9111264669351,139.2063236621589,138.80755152286116,8233100,0.0,0.0,0.0,9318081,9640760,155.15,112.75,149.1192,139.0917,20660584448,PCX,XLI,140.40267944335938,-1.5951279204982143
2025-05-27 00:00:00-04:00,142.05763344972888,142.99476833279323,141.27002210879135,144.53009133547107,11862100,0.0,0.0,0.0,9318081,9640760,155.15,112.75,149.1192,139.0917,20660584448,PCX,XLI,142.87513732910156,1.6549540063695076
2025-05-28 00:00:00-04:00,143.09448340618692,143.35368900752843,141.9679073152809,142.38665869915567,9058300,0.0,0.0,0.0,9318081,9640760,155.15,112.75,149.1192,139.0917,20660584448,PCX,XLI,142.1673126220703,0.2193460770853619
2025-05-29 00:00:00-04:00,142.75551641829983,142.85520385759492,141.28997566951134,142.88510931380765,12106600,0.0,0.0,0.0,9318081,9640760,155.15,112.75,149.1192,139.0917,20660584448,PCX,XLI,142.29690551757812,0.5882037962295215
2025-05-30 00:00:00-04:00,142.15732940191853,142.88512528462934,141.13045599205387,142.2470663403951,14254700,0.0,0.0,0.0,9318081,9640760,155.15,112.75,149.1192,139.0917,20660584448,PCX,XLI,142.3866424560547,-0.13957611565959382
2025-06-02 00:00:00-04:00,142.19721965759712,142.2669993446298,140.4126425732707,142.01776103943305,12641300,0.0,0.0,0.0,9318081,9640760,155.15,112.75,149.1192,139.0917,20660584448,PCX,XLI,142.20718383789062,-0.1894227984575707
2025-06-03 00:00:00-04:00,142.1772722120683,143.39357152426655,142.1174567069583,143.27393664077923,10896800,0.0,0.0,0.0,9318081,9640760,155.15,112.75,149.1192,139.0917,20660584448,PCX,XLI,143.30384826660156,-0.02991162582233642
2025-06-04 00:00:00-04:00,143.65277572742198,144.1313301886491,143.37362656461707,143.73253341785167,7975800,0.0,0.0,0.0,9318081,9640760,155.15,112.75,149.1192,139.0917,20660584448,PCX,XLI,143.38360595703125,0.3489274608204198
2025-06-05 00:00:00-04:00,143.8322391815689,143.91199825939836,142.73557087702483,143.73253825383452,13814300,0.0,0.0,0.0,9318081,9640760,155.15,112.75,149.1192,139.0917,20660584448,PCX,XLI,143.28390502929688,0.44863322453764454
2025-06-06 00:00:00-04:00,144.5600140111761,145.1183123209453,144.03162345282394,145.76632809809016,11289200,0.0,0.0,0.0,9318081,9640760,155.15,112.75,149.1192,139.0917,20660584448,PCX,XLI,144.49021911621094,1.2761089818792186
2025-06-09 00:00:00-04:00,144.86907321534608,145.07844269107449,144.07149766910143,144.73948031983826,9162800,0.0,0.0,0.0,9318081,9640760,155.15,112.75,149.1192,139.0917,20660584448,PCX,XLI,144.36062622070312,0.3788540991351397
2025-06-10 00:00:00-04:00,144.63977103326818,144.63977103326818,142.97484030722978,144.0116734990885,15625600,0.0,0.0,0.0,9318081,9640760,155.15,112.75,149.1192,139.0917,20660584448,PCX,XLI,143.73252868652344,0.2791448125650504
2025-06-11 00:00:00-04:00,143.86215315432054,144.25096916774478,142.4065765428539,143.93196211428148,15837000,0.0,0.0,0.0,9318081,9640760,155.15,112.75,149.1192,139.0917,20660584448,PCX,XLI,143.80233764648438,0.12962446779710035
2025-06-12 00:00:00-04:00,142.68571712484442,143.5431081813166,142.5262141843872,142.3068566512116,13097400,0.0,0.0,0.0,9318081,9640760,155.15,112.75,149.1192,139.0917,20660584448,PCX,XLI,143.42347717285156,-1.116620521639959
2025-06-13 00:00:00-04:00,142.406573739894,143.48329849721964,141.7884598877676,141.20024439419086,14060500,0.0,0.0,0.0,9318081,9640760,155.15,112.75,149.1192,139.0917,20660584448,PCX,XLI,142.21714782714844,-1.0169034329575766
2025-06-16 00:00:00-04:00,143.06457294514698,144.09144636322455,142.89509060757473,144.04160846760792,13711000,0.0,0.0,0.0,9318081,9640760,155.15,112.75,149.1192,139.0917,20660584448,PCX,XLI,143.19418334960938,0.8474251179985401
2025-06-17 00:00:00-04:00,142.6657963302249,143.14433560194882,141.91807206269226,141.58907513881866,12654200,0.0,0.0,0.0,9318081,9640760,155.15,112.75,149.1192,139.0917,20660584448,PCX,XLI,142.11746215820312,-0.5283870193844677
2025-06-18 00:00:00-04:00,142.2570273994617,143.22408527226355,141.68874969148018,141.91805340043825,14008800,0.0,0.0,0.0,9318081,9640760,155.15,112.75,149.1192,139.0917,20660584448,PCX,XLI,141.7784881591797,0.13956524125856618
2025-06-20 00:00:00-04:00,142.6458405541221,142.98480520874236,141.45944905046326,142.8053406761924,13985200,0.0,0.0,0.0,9318081,9640760,155.15,112.75,149.1192,139.0917,20660584448,PCX,XLI,141.93798828125,0.8673523949424009
2025-06-23 00:00:00-04:00,142.1999969482422,143.94000244140625,141.27999877929688,144.12200927734375,15902400,0.432,0.0,0.0,9318081,9640760,155.15,112.75,149.1192,139.0917,20660584448,PCX,XLI,143.86000061035156,0.2620086669921875
2025-06-24 00:00:00-04:00,144.6300048828125,145.3000030517578,143.82000732421875,145.8300018310547,11518200,0.0,0.0,0.0,9318081,9640760,155.15,112.75,149.1192,139.0917,20660584448,PCX,XLI,145.05999755859375,0.7700042724609375
2025-06-25 00:00:00-04:00,145.16000366210938,145.24000549316406,143.4600067138672,143.8800048828125,9751600,0.0,0.0,0.0,9318081,9640760,155.15,112.75,149.1192,139.0917,20660584448,PCX,XLI,143.77999877929688,0.100006103515625
2025-06-26 00:00:00-04:00,144.41000366210938,145.50999450683594,144.10000610351562,145.97000122070312,9728300,0.0,0.0,0.0,9318081,9640760,155.15,112.75,149.1192,139.0917,20660584448,PCX,XLI,145.33999633789062,0.6300048828125
2025-06-27 00:00:00-04:00,145.75999450683594,147.42999267578125,145.42999267578125,147.20999145507812,13380900,0.0,0.0,0.0,9318081,9640760,155.15,112.75,149.1192,139.0917,20660584448,PCX,XLI,146.7899932861328,0.4199981689453125
2025-06-30 00:00:00-04:00,147.05999755859375,147.72999572753906,146.5800018310547,147.79000854492188,10914600,0.0,0.0,0.0,9318081,9640760,155.15,112.75,149.1192,139.0917,20660584448,PCX,XLI,147.52000427246094,0.2700042724609375
2025-07-01 00:00:00-04:00,147.16000366210938,148.36000061035156,146.91000366210938,147.64999389648438,13189100,0.0,0.0,0.0,9318081,9640760,155.15,112.75,149.1192,139.0917,20660584448,PCX,XLI,148.00999450683594,-0.3600006103515625
2025-07-02 00:00:00-04:00,147.7899932861328,148.16000366210938,147.3000030517578,147.94000244140625,11061700,0.0,0.0,0.0,9318081,9640760,155.15,112.75,149.1192,139.0917,20660584448,PCX,XLI,148.16000366210938,-0.220001220703125
2025-07-03 00:00:00-04:00,148.6699981689453,149.5399932861328,148.5500030517578,149.92999267578125,4864900,0.0,0.0,0.0,9318081,9640760,155.15,112.75,149.1192,139.0917,20660584448,PCX,XLI,149.4199981689453,0.5099945068359375
2025-07-07 00:00:00-04:00,149.39999389648438,149.82000732421875,147.8699951171875,148.87998962402344,10687700,0.0,0.0,0.0,9318081,9640760,155.15,112.75,149.1192,139.0917,20660584448,PCX,XLI,148.89999389648438,-0.0200042724609375
2025-07-08 00:00:00-04:00,148.91000366210938,149.30999755859375,148.13999938964844,148.87001037597656,10845500,0.0,0.0,0.0,9318081,9640760,155.15,112.75,149.1192,139.0917,20660584448,PCX,XLI,148.86000061035156,0.010009765625
2025-07-09 00:00:00-04:00,149.8699951171875,150.0399932861328,148.89999389648438,150.9099884033203,10173600,0.0,0.0,0.0,9318081,9640760,155.15,112.75,149.1192,139.0917,20660584448,PCX,XLI,149.89999389648438,1.0099945068359375
2025-07-10 00:00:00-04:00,150.07000732421875,151.25999450683594,150.00999450683594,150.91001892089844,12385600,0.0,0.0,0.0,9318081,9640760,155.15,112.75,149.1192,139.0917,20660584448,PCX,XLI,150.74000549316406,0.170013427734375
2025-07-11 00:00:00-04:00,149.99000549316406,150.61000061035156,149.6199951171875,149.4499969482422,7065200,0.0,0.0,0.0,9318081,9640760,155.15,112.75,149.1192,139.0917,20660584448,PCX,XLI,150.1999969482422,-0.75
2025-07-14 00:00:00-04:00,150.19000244140625,151.13999938964844,149.89999389648438,151.0,9069900,0.0,0.0,0.0,9318081,9640760,155.15,112.75,149.1192,139.0917,20660584448,PCX,XLI,151.00999450683594,-0.0099945068359375
2025-07-15 00:00:00-04:00,151.47999572753906,151.47999572753906,149.86000061035156,150.35000610351562,10278700,0.0,0.0,0.0,9318081,9640760,155.15,112.75,149.1192,139.0917,20660584448,PCX,XLI,149.8800048828125,0.470001220703125
2025-07-16 00:00:00-04:00,150.3000030517578,150.52000427246094,148.38999938964844,150.8300018310547,9998300,0.0,0.0,0.0,9318081,9640760,155.15,112.75,149.1192,139.0917,20660584448,PCX,XLI,150.41000366210938,0.4199981689453125
2025-07-17 00:00:00-04:00,150.97999572753906,151.97999572753906,150.80999755859375,152.3699951171875,13374200,0.0,0.0,0.0,9318081,9640760,155.15,112.75,149.1192,139.0917,20660584448,PCX,XLI,151.8000030517578,0.5699920654296875
2025-07-18 00:00:00-04:00,152.27000427246094,152.47999572753906,150.7899932861328,151.9300079345703,10201800,0.0,0.0,0.0,9318081,9640760,155.15,112.75,149.1192,139.0917,20660584448,PCX,XLI,151.4600067138672,0.470001220703125
2025-07-21 00:00:00-04:00,151.92999267578125,152.0399932861328,150.60000610351562,151.12998962402344,10089300,0.0,0.0,0.0,9318081,9640760,155.15,112.75,149.1192,139.0917,20660584448,PCX,XLI,150.66000366210938,0.4699859619140625
2025-07-22 00:00:00-04:00,150.1300048828125,151.32000732421875,149.7100067138672,150.49000549316406,15053900,0.0,0.0,0.0,9318081,9640760,155.15,112.75,149.1192,139.0917,20660584448,PCX,XLI,151.02000427246094,-0.529998779296875
2025-07-23 00:00:00-04:00,152.27999877929688,153.80999755859375,152.0399932861328,154.989990234375,14747300,0.0,0.0,0.0,9318081,9640760,155.15,112.75,149.1192,139.0917,20660584448,PCX,XLI,153.72999572753906,1.2599945068359375
2025-07-24 00:00:00-04:00,153.57000732421875,154.58999633789062,153.0500030517578,153.3100128173828,11695600,0.0,0.0,0.0,9318081,9640760,155.15,112.75,149.1192,139.0917,20660584448,PCX,XLI,153.47000122070312,-0.1599884033203125
2025-07-25 00:00:00-04:00,153.94000244140625,155.05999755859375,153.36000061035156,155.4600067138672,9376600,0.0,0.0,0.0,9318081,9640760,155.15,112.75,149.1192,139.0917,20660584448,PCX,XLI,154.99000549316406,0.470001220703125
2025-07-28 00:00:00-04:00,155.07000732421875,155.14999389648438,154.07000732421875,154.58999633789062,9214700,0.0,0.0,0.0,9318081,9640760,155.15,112.75,149.1192,139.0917,20660584448,PCX,XLI,154.50999450683594,0.0800018310546875
2025-07-29 00:00:00-04:00,154.5500030517578,154.60000610351562,152.24000549316406,152.79000854492188,13546500,0.0,0.0,0.0,9318081,9640760,155.15,112.75,149.1192,139.0917,20660584448,PCX,XLI,152.75,0.040008544921875
2025-07-30 00:00:00-04:00,152.5399932861328,152.83999633789062,151.2899932861328,151.7899932861328,13795300,0.0,0.0,0.0,9318081,9640760,155.15,112.75,149.1192,139.0917,20660584448,PCX,XLI,152.0,-0.2100067138671875
2025-07-31 00:00:00-04:00,151.50999450683594,153.07000732421875,151.50999450683594,151.51998901367188,16520400,0.0,0.0,0.0,9318081,9640760,155.15,112.75,149.1192,139.0917,20660584448,PCX,XLI,152.00999450683594,-0.4900054931640625
2025-08-01 00:00:00-04:00,149.9499969482422,150.35000610351562,148.1300048828125,147.6800079345703,19191700,0.0,0.0,0.0,9318081,9640760,155.15,112.75,149.1192,139.0917,20660584448,PCX,XLI,149.74000549316406,-2.05999755859375
2025-08-04 00:00:00-04:00,150.25999450683594,151.25999450683594,150.1199951171875,151.63998413085938,11355600,0.0,0.0,0.0,9318081,9640760,155.15,112.75,149.1192,139.0917,20660584448,PCX,XLI,151.1199951171875,0.519989013671875
2025-08-05 00:00:00-04:00,150.88999938964844,151.60000610351562,149.77999877929688,150.5800018310547,12724800,0.0,0.0,0.0,9318081,9640760,155.15,112.75,149.1192,139.0917,20660584448,PCX,XLI,150.80999755859375,-0.2299957275390625
2025-08-06 00:00:00-04:00,150.9499969482422,151.25,149.80999755859375,151.0699920654297,10736700,0.0,0.0,0.0,9318081,9640760,155.15,112.75,149.1192,139.0917,20660584448,PCX,XLI,150.92999267578125,0.1399993896484375
2025-08-07 00:00:00-04:00,151.77999877929688,151.83999633789062,149.7899932861328,151.5600128173828,11095100,0.0,0.0,0.0,9318081,9640760,155.15,112.75,149.1192,139.0917,20660584448,PCX,XLI,150.7100067138672,0.850006103515625
2025-08-08 00:00:00-04:00,151.14999389648438,151.7899932861328,150.44000244140625,151.26998901367188,9124700,0.0,0.0,0.0,9318081,9640760,155.15,112.75,149.1192,139.0917,20660584448,PCX,XLI,150.8300018310547,0.4399871826171875
2025-08-11 00:00:00-04:00,150.85000610351562,150.94000244140625,149.97999572753906,150.36000061035156,9643500,0.0,0.0,0.0,9318081,9640760,155.15,112.75,149.1192,139.0917,20660584448,PCX,XLI,150.33999633789062,0.0200042724609375
2025-08-12 00:00:00-04:00,150.97000122070312,151.9600067138672,150.67999267578125,152.52999877929688,9518300,0.0,0.0,0.0,9318081,9640760,155.15,112.75,149.1192,139.0917,20660584448,PCX,XLI,151.89999389648438,0.6300048828125
2025-08-13 00:00:00-04:00,152.3300018310547,152.57000732421875,150.74000549316406,152.91000366210938,12786800,0.0,0.0,0.0,9318081,9640760,155.15,112.75,149.1192,139.0917,20660584448,PCX,XLI,152.47999572753906,0.4300079345703125
2025-08-14 00:00:00-04:00,151.4499969482422,151.89999389648438,150.85000610351562,150.10000610351562,9516400,0.0,0.0,0.0,9318081,9640760,155.15,112.75,149.1192,139.0917,20660584448,PCX,XLI,151.1300048828125,-1.029998779296875
2025-08-15 00:00:00-04:00,150.97999572753906,151.25999450683594,150.3300018310547,150.2899932861328,8796000,0.0,0.0,0.0,9318081,9640760,155.15,112.75,149.1192,139.0917,20660584448,PCX,XLI,150.44000244140625,-0.1500091552734375
2025-08-18 00:00:00-04:00,150.4499969482422,151.19000244140625,150.3000030517578,151.0399932861328,7342100,0.0,0.0,0.0,9318081,9640760,155.15,112.75,149.1192,139.0917,20660584448,PCX,XLI,151.02999877929688,0.0099945068359375
2025-08-19 00:00:00-04:00,151.1999969482422,152.3000030517578,150.75,151.52999877929688,9035200,0.0,0.0,0.0,9318081,9640760,155.15,112.75,149.1192,139.0917,20660584448,PCX,XLI,151.36000061035156,0.1699981689453125
2025-08-20 00:00:00-04:00,151.1999969482422,151.57000732421875,150.27000427246094,151.05999755859375,9549500,0.0,0.0,0.0,9318081,9640760,155.15,112.75,149.1192,139.0917,20660584448,PCX,XLI,151.22000122070312,-0.160003662109375
2025-08-21 00:00:00-04:00,151.0,151.38999938964844,150.4199981689453,150.45999145507812,7679600,0.0,0.0,0.0,8801900,7855090,155.15,112.75,150.3966,139.6181,20768518144,PCX,XLI,150.67999267578125,-0.220001220703125
2025-08-22 00:00:00-04:00,151.5,154.1999969482422,151.4499969482422,153.9600067138672,9298800,0.0,0.0,0.0,8801900,7855090,155.15,112.75,150.3966,139.6181,20768518144,PCX,XLI,153.13999938964844,0.82000732421875
2025-08-25 00:00:00-04:00,152.8800048828125,153.38999938964844,151.58999633789062,151.35000610351562,6869000,0.0,0.0,0.0,8801900,7855090,155.15,112.75,150.3966,139.6181,20768518144,PCX,XLI,151.61000061035156,-0.2599945068359375
2025-08-26 00:00:00-04:00,151.6699981689453,153.32000732421875,151.61000061035156,153.22999572753906,6927500,0.0,0.0,0.0,8801900,7855090,155.15,112.75,150.3966,139.6181,20768518144,PCX,XLI,153.1699981689453,0.05999755859375
2025-08-27 00:00:00-04:00,153.10000610351562,153.39999389648438,152.85000610351562,153.0800018310547,5876400,0.0,0.0,0.0,8801900,7855090,155.15,112.75,150.3966,139.6181,20768518144,PCX,XLI,153.14999389648438,-0.0699920654296875
2025-08-28 00:00:00-04:00,153.64999389648438,153.75,152.83999633789062,153.9199981689453,7166700,0.0,0.0,0.0,8801900,7855090,155.15,112.75,150.3966,139.6181,20768518144,PCX,XLI,153.4199981689453,0.5
2025-08-29 00:00:00-04:00,153.19000244140625,153.30999755859375,151.41000366210938,151.77999877929688,8806100,0.0,0.0,0.0,8801900,7855090,155.15,112.75,150.3966,139.6181,20768518144,PCX,XLI,152.00999450683594,-0.2299957275390625
2025-09-02 00:00:00-04:00,150.4199981689453,150.72000122070312,149.61000061035156,148.97000122070312,9798600,0.0,0.0,0.0,16778174,9370850,155.15,112.75,150.9508,139.79565,20620961792,PCX,XLI,150.55999755859375,-1.589996337890625
2025-09-03 00:00:00-04:00,150.52000427246094,150.6199951171875,149.10000610351562,149.760009765625,12036200,0.0,0.0,0.0,16778174,9370850,155.15,112.75,150.9508,139.79565,20620961792,PCX,XLI,149.8000030517578,-0.0399932861328125
2025-09-04 00:00:00-04:00,150.0800018310547,151.52000427246094,149.67999267578125,151.77000427246094,10148800,0.0,0.0,0.0,16778174,9370850,155.15,112.75,150.9508,139.79565,20620961792,PCX,XLI,151.49000549316406,0.279998779296875
2025-09-05 00:00:00-04:00,151.75,152.0800018310547,149.39999389648438,151.1899871826172,16780400,0.0,0.0,0.0,16778174,9370850,155.15,112.75,150.9508,139.79565,20620961792,PCX,XLI,150.92999267578125,0.2599945068359375
